"AID","CID"
"AID728","CID2"
"AID2383","CID2"
"AID2724","CID2"
"AID2841","CID2"
"AID104","CID3"
"AID2552","CID3"
"AID330","CID6"
"AID872","CID6"
"AID1386","CID6"
"AID2199","CID6"
"AID2946","CID6"
"AID842","CID18"
"AID1171","CID18"
"AID1045","CID23"
"AID1363","CID26"
"AID1406","CID26"
"AID2236","CID26"
"AID732","CID28"
"AID1700","CID37"
"AID2422","CID37"
"AID2510","CID41"
"AID2906","CID41"
"AID2911","CID43"
"AID1738","CID46"
"AID2379","CID46"
"AID2168","CID50"
"AID996","CID51"
"AID2167","CID51"
"AID2434","CID51"
"AID539","CID56"
"AID521","CID61"
"AID2487","CID61"
"AID1630","CID63"
"AID893","CID65"
"AID1289","CID65"
"AID2446","CID65"
"AID2504","CID65"
"AID689","CID67"
"AID1256","CID67"
"AID758","CID69"
"AID1925","CID69"
"AID2441","CID69"
"AID462","CID70"
"AID2406","CID70"
"AID443","CID74"
"AID779","CID74"
"AID3","CID75"
"AID200","CID75"
"AID1263","CID75"
"AID1841","CID75"
"AID2315","CID75"
"AID2631","CID75"
"AID101","CID80"
"AID1784","CID80"
"AID2451","CID80"
"AID705","CID83"
"AID2394","CID83"
"AID857","CID86"
"AID1143","CID86"
"AID1618","CID86"
"AID1763","CID90"
"AID1893","CID90"
"AID2038","CID90"
"AID1056","CID91"
"AID1468","CID92"
"AID334","CID93"
"AID1166","CID94"
"AID561","CID96"
"AID396","CID97"
"AID689","CID98"
"AID1256","CID98"
"AID41","CID99"
"AID1545","CID99"
"AID1694","CID99"
"AID2764","CID99"
"AID2999","CID101"
"AID1258","CID103"
"AID1692","CID103"
"AID2059","CID103"
"AID901","CID106"
"AID1669","CID106"
"AID2267","CID106"
"AID2984","CID106"
"AID131","CID107"
"AID2124","CID107"
"AID2093","CID108"
"AID1326","CID109"
"AID2153","CID109"
"AID2933","CID109"
"AID173","CID114"
"AID875","CID114"
"AID1874","CID114"
"AID1289","CID118"
"AID77","CID119"
"AID918","CID119"
"AID301","CID121"
"AID351","CID121"
"AID1097","CID121"
"AID57","CID124"
"AID1853","CID124"
"AID2193","CID124"
"AID2637","CID124"
"AID1752","CID125"
"AID2168","CID125"
"AID1245","CID129"
"AID749","CID130"
"AID1082","CID130"
"AID2624","CID130"
"AID2856","CID130"
"AID1063","CID131"
"AID627","CID135"
"AID1249","CID135"
"AID2343","CID135"
"AID857","CID138"
"AID1143","CID138"
"AID1618","CID138"
"AID1012","CID139"
"AID617","CID140"
"AID798","CID140"
"AID2523","CID140"
"AID1046","CID142"
"AID1781","CID143"
"AID1977","CID143"
"AID461","CID149"
"AID1536","CID149"
"AID2067","CID149"
"AID2192","CID149"
"AID2354","CID149"
"AID177","CID153"
"AID1951","CID153"
"AID2927","CID153"
"AID55","CID161"
"AID1691","CID161"
"AID1773","CID161"
"AID1839","CID161"
"AID1768","CID163"
"AID2943","CID163"
"AID1525","CID167"
"AID817","CID168"
"AID2439","CID168"
"AID897","CID171"
"AID2137","CID172"
"AID2754","CID172"
"AID138","CID174"
"AID1069","CID174"
"AID1101","CID175"
"AID444","CID177"
"AID1368","CID177"
"AID1395","CID177"
"AID498","CID180"
"AID2332","CID180"
"AID2421","CID181"
"AID2501","CID181"
"AID2388","CID184"
"AID1451","CID185"
"AID1882","CID185"
"AID1883","CID185"
"AID757","CID188"
"AID1694","CID188"
"AID1820","CID188"
"AID1997","CID188"
"AID2023","CID188"
"AID2902","CID188"
"AID2009","CID191"
"AID2611","CID191"
"AID2791","CID191"
"AID727","CID192"
"AID11","CID196"
"AID815","CID196"
"AID1093","CID196"
"AID2548","CID196"
"AID1889","CID199"
"AID737","CID200"
"AID1176","CID200"
"AID2574","CID200"
"AID2619","CID200"
"AID2701","CID200"
"AID2941","CID200"
"AID672","CID201"
"AID365","CID203"
"AID542","CID203"
"AID1444","CID203"
"AID2321","CID205"
"AID880","CID206"
"AID2249","CID206"
"AID82","CID209"
"AID854","CID209"
"AID1262","CID209"
"AID1614","CID209"
"AID2722","CID209"
"AID86","CID212"
"AID2198","CID213"
"AID1333","CID214"
"AID1808","CID214"
"AID1857","CID214"
"AID1168","CID215"
"AID2844","CID215"
"AID504","CID216"
"AID1413","CID216"
"AID2448","CID216"
"AID1958","CID217"
"AID1290","CID221"
"AID2111","CID221"
"AID2240","CID221"
"AID1598","CID222"
"AID740","CID227"
"AID1996","CID227"
"AID2784","CID227"
"AID2198","CID230"
"AID1113","CID233"
"AID1606","CID233"
"AID265","CID235"
"AID1983","CID235"
"AID624","CID237"
"AID2203","CID237"
"AID2262","CID237"
"AID2444","CID237"
"AID2482","CID237"
"AID2794","CID238"
"AID178","CID244"
"AID1865","CID244"
"AID2833","CID244"
"AID1559","CID245"
"AID1614","CID245"
"AID1962","CID245"
"AID2343","CID246"
"AID2596","CID246"
"AID24","CID251"
"AID523","CID251"
"AID871","CID251"
"AID1840","CID251"
"AID1958","CID251"
"AID518","CID253"
"AID2275","CID253"
"AID33","CID254"
"AID617","CID254"
"AID1745","CID254"
"AID442","CID255"
"AID1179","CID255"
"AID568","CID256"
"AID647","CID256"
"AID844","CID256"
"AID1006","CID256"
"AID1406","CID256"
"AID2014","CID256"
"AID2263","CID256"
"AID444","CID257"
"AID2278","CID257"
"AID452","CID258"
"AID2485","CID259"
"AID2604","CID260"
"AID2731","CID260"
"AID2979","CID260"
"AID1591","CID263"
"AID2503","CID263"
"AID3","CID265"
"AID200","CID265"
"AID1263","CID265"
"AID1841","CID265"
"AID2315","CID265"
"AID2631","CID265"
"AID627","CID266"
"AID1813","CID266"
"AID1001","CID267"
"AID263","CID269"
"AID1413","CID269"
"AID2479","CID269"
"AID807","CID270"
"AID91","CID274"
"AID190","CID274"
"AID1981","CID274"
"AID530","CID277"
"AID1663","CID277"
"AID53","CID279"
"AID661","CID280"
"AID1601","CID280"
"AID551","CID282"
"AID873","CID282"
"AID2260","CID284"
"AID762","CID288"
"AID1247","CID288"
"AID10","CID289"
"AID332","CID289"
"AID2977","CID289"
"AID136","CID291"
"AID2209","CID293"
"AID2390","CID293"
"AID820","CID294"
"AID1170","CID294"
"AID1289","CID297"
"AID2654","CID297"
"AID2727","CID297"
"AID1617","CID300"
"AID1751","CID300"
"AID1955","CID300"
"AID459","CID302"
"AID2313","CID302"
"AID535","CID306"
"AID1342","CID306"
"AID24","CID309"
"AID1760","CID309"
"AID1848","CID309"
"AID2407","CID309"
"AID467","CID310"
"AID1239","CID311"
"AID2668","CID311"
"AID103","CID313"
"AID2800","CID313"
"AID951","CID315"
"AID2157","CID315"
"AID990","CID317"
"AID833","CID318"
"AID981","CID318"
"AID1150","CID318"
"AID1834","CID319"
"AID3000","CID319"
"AID2096","CID320"
"AID2255","CID320"
"AID99","CID324"
"AID307","CID324"
"AID727","CID324"
"AID1565","CID324"
"AID2286","CID324"
"AID2581","CID324"
"AID2870","CID324"
"AID2238","CID326"
"AID1714","CID327"
"AID2612","CID327"
"AID2941","CID327"
"AID1381","CID328"
"AID1123","CID330"
"AID2442","CID330"
"AID80","CID331"
"AID872","CID331"
"AID1201","CID331"
"AID2229","CID331"
"AID2880","CID331"
"AID431","CID335"
"AID1349","CID335"
"AID1855","CID335"
"AID2465","CID335"
"AID783","CID338"
"AID2319","CID338"
"AID2688","CID338"
"AID2083","CID342"
"AID2223","CID342"
"AID984","CID343"
"AID2794","CID343"
"AID263","CID344"
"AID519","CID344"
"AID1469","CID347"
"AID832","CID348"
"AID1257","CID348"
"AID1539","CID348"
"AID1543","CID348"
"AID1949","CID348"
"AID2498","CID348"
"AID575","CID349"
"AID621","CID351"
"AID1151","CID351"
"AID2068","CID351"
"AID2258","CID357"
"AID1043","CID359"
"AID1455","CID359"
"AID212","CID365"
"AID945","CID365"
"AID2114","CID365"
"AID2970","CID365"
"AID233","CID369"
"AID600","CID369"
"AID1805","CID369"
"AID2338","CID369"
"AID2740","CID369"
"AID80","CID371"
"AID1256","CID371"
"AID2206","CID371"
"AID2891","CID371"
"AID2284","CID375"
"AID1181","CID376"
"AID1678","CID379"
"AID2987","CID379"
"AID57","CID381"
"AID99","CID382"
"AID307","CID382"
"AID727","CID382"
"AID1565","CID382"
"AID2286","CID382"
"AID2581","CID382"
"AID2870","CID382"
"AID752","CID384"
"AID827","CID384"
"AID129","CID385"
"AID2105","CID388"
"AID2408","CID388"
"AID74","CID389"
"AID209","CID389"
"AID529","CID389"
"AID661","CID389"
"AID2895","CID389"
"AID550","CID392"
"AID322","CID393"
"AID2738","CID393"
"AID1745","CID396"
"AID2131","CID396"
"AID180","CID400"
"AID838","CID400"
"AID2149","CID400"
"AID2290","CID400"
"AID392","CID406"
"AID561","CID406"
"AID1541","CID406"
"AID1612","CID406"
"AID2341","CID406"
"AID159","CID408"
"AID1497","CID408"
"AID2561","CID408"
"AID64","CID410"
"AID583","CID420"
"AID1228","CID420"
"AID324","CID424"
"AID541","CID424"
"AID1014","CID424"
"AID1240","CID424"
"AID632","CID425"
"AID2466","CID425"
"AID261","CID427"
"AID1432","CID427"
"AID2446","CID427"
"AID438","CID428"
"AID664","CID428"
"AID1709","CID428"
"AID55","CID429"
"AID1691","CID429"
"AID1773","CID429"
"AID1839","CID429"
"AID1660","CID435"
"AID1296","CID438"
"AID1310","CID438"
"AID2091","CID438"
"AID2167","CID438"
"AID1102","CID440"
"AID1441","CID440"
"AID2165","CID440"
"AID6","CID441"
"AID2269","CID441"
"AID80","CID442"
"AID1300","CID442"
"AID30","CID448"
"AID961","CID448"
"AID1025","CID448"
"AID2210","CID448"
"AID2586","CID448"
"AID2373","CID450"
"AID1330","CID452"
"AID1645","CID452"
"AID2009","CID452"
"AID1102","CID453"
"AID1441","CID453"
"AID2165","CID453"
"AID441","CID455"
"AID2944","CID455"
"AID2309","CID457"
"AID2665","CID457"
"AID16","CID458"
"AID736","CID458"
"AID2315","CID458"
"AID982","CID459"
"AID287","CID465"
"AID943","CID465"
"AID2150","CID465"
"AID85","CID466"
"AID1289","CID469"
"AID2654","CID469"
"AID2727","CID469"
"AID1887","CID471"
"AID2947","CID471"
"AID1689","CID473"
"AID529","CID474"
"AID764","CID474"
"AID1059","CID474"
"AID1747","CID474"
"AID843","CID478"
"AID1861","CID478"
"AID705","CID483"
"AID2394","CID483"
"AID2632","CID484"
"AID2840","CID484"
"AID2897","CID484"
"AID1203","CID485"
"AID1807","CID485"
"AID2163","CID485"
"AID1823","CID486"
"AID738","CID488"
"AID1827","CID488"
"AID2570","CID488"
"AID1669","CID489"
"AID205","CID490"
"AID990","CID491"
"AID1072","CID491"
"AID1166","CID493"
"AID2640","CID493"
"AID387","CID499"
"AID637","CID499"
"AID940","CID499"
"AID1255","CID499"
"AID1670","CID499"
"AID1731","CID499"
"AID2559","CID499"
"AID1888","CID500"
"AID1988","CID500"
"AID2499","CID500"
"AID2788","CID500"
"AID2986","CID500"
"AID1552","CID504"
"AID2729","CID504"
"AID2817","CID505"
"AID522","CID506"
"AID267","CID507"
"AID294","CID507"
"AID490","CID507"
"AID892","CID507"
"AID1750","CID507"
"AID2661","CID508"
"AID926","CID509"
"AID2","CID510"
"AID28","CID511"
"AID1860","CID511"
"AID2362","CID511"
"AID230","CID513"
"AID241","CID513"
"AID722","CID513"
"AID1058","CID513"
"AID1768","CID513"
"AID2793","CID513"
"AID2661","CID515"
"AID656","CID516"
"AID1354","CID516"
"AID1988","CID516"
"AID2214","CID516"
"AID2538","CID516"
"AID1211","CID517"
"AID1247","CID517"
"AID1299","CID520"
"AID1933","CID520"
"AID477","CID529"
"AID77","CID534"
"AID918","CID534"
"AID1175","CID536"
"AID1604","CID536"
"AID2761","CID536"
"AID2811","CID536"
"AID1232","CID537"
"AID2324","CID537"
"AID2869","CID537"
"AID133","CID539"
"AID1599","CID539"
"AID1951","CID539"
"AID2170","CID539"
"AID39","CID540"
"AID717","CID540"
"AID2144","CID540"
"AID2408","CID540"
"AID799","CID541"
"AID2060","CID541"
"AID2725","CID541"
"AID2475","CID542"
"AID2516","CID542"
"AID84","CID548"
"AID2483","CID548"
"AID786","CID552"
"AID1561","CID552"
"AID2900","CID552"
"AID1673","CID553"
"AID2963","CID553"
"AID213","CID563"
"AID1204","CID563"
"AID1788","CID563"
"AID1824","CID563"
"AID2828","CID563"
"AID2021","CID567"
"AID2999","CID567"
"AID689","CID569"
"AID1256","CID569"
"AID1592","CID571"
"AID2994","CID571"
"AID1188","CID573"
"AID1208","CID573"
"AID2132","CID573"
"AID1768","CID575"
"AID2943","CID575"
"AID2817","CID576"
"AID2415","CID578"
"AID1102","CID582"
"AID1219","CID582"
"AID2173","CID582"
"AID1714","CID588"
"AID2612","CID588"
"AID2941","CID588"
"AID1281","CID589"
"AID2258","CID590"
"AID2993","CID590"
"AID2056","CID591"
"AID2737","CID591"
"AID1682","CID592"
"AID1631","CID593"
"AID968","CID597"
"AID982","CID597"
"AID1771","CID597"
"AID2381","CID597"
"AID1907","CID599"
"AID626","CID601"
"AID1150","CID602"
"AID1695","CID602"
"AID371","CID604"
"AID1994","CID604"
"AID916","CID605"
"AID1760","CID605"
"AID2548","CID605"
"AID660","CID606"
"AID1967","CID606"
"AID2892","CID606"
"AID176","CID608"
"AID322","CID608"
"AID1274","CID608"
"AID1945","CID608"
"AID1123","CID610"
"AID1792","CID610"
"AID2879","CID610"
"AID529","CID614"
"AID2076","CID614"
"AID2532","CID614"
"AID2949","CID614"
"AID1921","CID615"
"AID140","CID616"
"AID781","CID616"
"AID2152","CID618"
"AID1490","CID621"
"AID1505","CID621"
"AID2015","CID621"
"AID428","CID622"
"AID1728","CID622"
"AID1551","CID624"
"AID1316","CID629"
"AID136","CID630"
"AID2393","CID630"
"AID786","CID631"
"AID1561","CID631"
"AID2900","CID631"
"AID1907","CID633"
"AID1857","CID638"
"AID2993","CID638"
"AID1509","CID639"
"AID2379","CID639"
"AID2496","CID639"
"AID594","CID641"
"AID1971","CID641"
"AID2040","CID641"
"AID575","CID643"
"AID215","CID646"
"AID1566","CID646"
"AID2141","CID646"
"AID2410","CID646"
"AID92","CID652"
"AID438","CID654"
"AID664","CID654"
"AID1709","CID654"
"AID353","CID659"
"AID134","CID660"
"AID1172","CID660"
"AID1684","CID660"
"AID1190","CID662"
"AID2538","CID662"
"AID1241","CID663"
"AID1513","CID663"
"AID1949","CID663"
"AID2727","CID663"
"AID87","CID670"
"AID521","CID673"
"AID2487","CID673"
"AID276","CID675"
"AID458","CID675"
"AID879","CID675"
"AID418","CID676"
"AID758","CID676"
"AID2527","CID682"
"AID734","CID689"
"AID1283","CID689"
"AID2840","CID689"
"AID493","CID694"
"AID974","CID694"
"AID1075","CID694"
"AID1277","CID694"
"AID1552","CID694"
"AID2129","CID694"
"AID2086","CID696"
"AID1083","CID697"
"AID1464","CID697"
"AID1544","CID697"
"AID614","CID700"
"AID550","CID702"
"AID1798","CID702"
"AID2832","CID702"
"AID557","CID703"
"AID800","CID703"
"AID2641","CID703"
"AID572","CID704"
"AID1582","CID704"
"AID65","CID706"
"AID2799","CID706"
"AID177","CID708"
"AID1511","CID708"
"AID1754","CID709"
"AID1117","CID710"
"AID1724","CID710"
"AID2133","CID710"
"AID2244","CID710"
"AID2327","CID710"
"AID2801","CID710"
"AID74","CID711"
"AID213","CID711"
"AID509","CID712"
"AID1342","CID712"
"AID2628","CID712"
"AID54","CID713"
"AID2298","CID713"
"AID805","CID714"
"AID1198","CID714"
"AID2337","CID714"
"AID2894","CID714"
"AID1122","CID715"
"AID1144","CID715"
"AID2756","CID715"
"AID2782","CID715"
"AID1616","CID716"
"AID1885","CID716"
"AID186","CID717"
"AID66","CID725"
"AID279","CID725"
"AID569","CID725"
"AID876","CID725"
"AID1263","CID725"
"AID2519","CID725"
"AID127","CID726"
"AID834","CID726"
"AID2484","CID726"
"AID99","CID727"
"AID2578","CID727"
"AID2667","CID727"
"AID1326","CID728"
"AID2153","CID728"
"AID2933","CID728"
"AID2791","CID735"
"AID1700","CID737"
"AID2422","CID737"
"AID1953","CID739"
"AID2325","CID745"
"AID799","CID746"
"AID2060","CID746"
"AID2725","CID746"
"AID434","CID749"
"AID486","CID749"
"AID2207","CID749"
"AID281","CID751"
"AID829","CID751"
"AID1701","CID751"
"AID2940","CID751"
"AID85","CID752"
"AID532","CID755"
"AID822","CID755"
"AID1120","CID755"
"AID1476","CID755"
"AID1542","CID755"
"AID229","CID756"
"AID412","CID756"
"AID879","CID756"
"AID1198","CID756"
"AID1492","CID756"
"AID2606","CID756"
"AID2235","CID759"
"AID2801","CID759"
"AID162","CID760"
"AID814","CID760"
"AID1492","CID760"
"AID1524","CID760"
"AID1932","CID760"
"AID1958","CID760"
"AID488","CID761"
"AID2615","CID761"
"AID187","CID763"
"AID874","CID765"
"AID1605","CID765"
"AID1898","CID765"
"AID1858","CID767"
"AID1335","CID769"
"AID2102","CID769"
"AID392","CID771"
"AID561","CID771"
"AID1541","CID771"
"AID1612","CID771"
"AID2341","CID771"
"AID1325","CID773"
"AID494","CID776"
"AID915","CID776"
"AID1650","CID776"
"AID820","CID780"
"AID1170","CID780"
"AID246","CID781"
"AID624","CID781"
"AID1697","CID781"
"AID1789","CID781"
"AID1894","CID781"
"AID2375","CID782"
"AID844","CID783"
"AID443","CID789"
"AID1236","CID790"
"AID1904","CID790"
"AID2241","CID790"
"AID494","CID791"
"AID1101","CID796"
"AID1320","CID797"
"AID2416","CID801"
"AID714","CID806"
"AID1357","CID806"
"AID395","CID807"
"AID2512","CID807"
"AID1220","CID808"
"AID76","CID809"
"AID94","CID809"
"AID1045","CID811"
"AID852","CID812"
"AID24","CID813"
"AID523","CID813"
"AID871","CID813"
"AID1840","CID813"
"AID1958","CID813"
"AID127","CID814"
"AID869","CID814"
"AID2597","CID814"
"AID2683","CID817"
"AID1047","CID818"
"AID169","CID824"
"AID1073","CID825"
"AID1730","CID826"
"AID893","CID827"
"AID1289","CID827"
"AID2446","CID827"
"AID2504","CID827"
"AID406","CID828"
"AID542","CID828"
"AID1111","CID828"
"AID1880","CID828"
"AID2395","CID828"
"AID2424","CID828"
"AID415","CID830"
"AID821","CID830"
"AID193","CID833"
"AID1016","CID833"
"AID1054","CID833"
"AID2126","CID837"
"AID2347","CID843"
"AID2953","CID843"
"AID2995","CID843"
"AID2999","CID849"
"AID123","CID853"
"AID2081","CID853"
"AID153","CID855"
"AID292","CID855"
"AID523","CID855"
"AID1278","CID855"
"AID534","CID856"
"AID1314","CID856"
"AID1766","CID856"
"AID2010","CID856"
"AID22","CID859"
"AID124","CID862"
"AID1621","CID862"
"AID614","CID866"
"AID1408","CID867"
"AID1450","CID867"
"AID1719","CID867"
"AID1893","CID867"
"AID2922","CID868"
"AID1328","CID872"
"AID1689","CID874"
"AID1703","CID874"
"AID853","CID879"
"AID1992","CID879"
"AID2881","CID879"
"AID1162","CID881"
"AID2306","CID881"
"AID2792","CID881"
"AID28","CID882"
"AID1860","CID882"
"AID2362","CID882"
"AID127","CID884"
"AID869","CID884"
"AID2597","CID884"
"AID354","CID887"
"AID1278","CID887"
"AID1818","CID887"
"AID2581","CID887"
"AID816","CID889"
"AID1720","CID889"
"AID1776","CID889"
"AID703","CID893"
"AID2046","CID893"
"AID775","CID896"
"AID477","CID902"
"AID1181","CID902"
"AID711","CID906"
"AID2261","CID906"
"AID212","CID907"
"AID2863","CID907"
"AID590","CID908"
"AID775","CID911"
"AID1640","CID912"
"AID1714","CID912"
"AID884","CID915"
"AID1014","CID915"
"AID1877","CID915"
"AID2279","CID915"
"AID1197","CID918"
"AID1664","CID918"
"AID1930","CID921"
"AID422","CID924"
"AID1178","CID924"
"AID287","CID926"
"AID943","CID926"
"AID2150","CID926"
"AID1682","CID927"
"AID2396","CID931"
"AID178","CID932"
"AID1865","CID932"
"AID2833","CID932"
"AID756","CID933"
"AID2479","CID933"
"AID2990","CID933"
"AID489","CID937"
"AID2509","CID937"
"AID175","CID938"
"AID1636","CID938"
"AID1867","CID938"
"AID2916","CID938"
"AID187","CID940"
"AID1398","CID942"
"AID2966","CID942"
"AID716","CID944"
"AID1293","CID944"
"AID1600","CID944"
"AID1749","CID944"
"AID1853","CID944"
"AID2513","CID944"
"AID1542","CID951"
"AID2856","CID951"
"AID1175","CID953"
"AID1142","CID954"
"AID1461","CID954"
"AID178","CID955"
"AID1865","CID955"
"AID2833","CID955"
"AID1873","CID956"
"AID1877","CID957"
"AID2882","CID957"
"AID655","CID959"
"AID1791","CID959"
"AID2129","CID959"
"AID2069","CID962"
"AID2214","CID962"
"AID707","CID963"
"AID2193","CID963"
"AID2430","CID963"
"AID916","CID964"
"AID1760","CID964"
"AID2548","CID964"
"AID682","CID965"
"AID1001","CID965"
"AID138","CID966"
"AID1069","CID966"
"AID1436","CID968"
"AID2542","CID968"
"AID2126","CID969"
"AID60","CID970"
"AID668","CID970"
"AID2025","CID971"
"AID693","CID973"
"AID1598","CID973"
"AID231","CID974"
"AID340","CID974"
"AID1032","CID974"
"AID2213","CID974"
"AID2893","CID974"
"AID657","CID976"
"AID769","CID976"
"AID1051","CID976"
"AID1301","CID976"
"AID2223","CID976"
"AID1481","CID981"
"AID1553","CID981"
"AID2799","CID981"
"AID522","CID982"
"AID1531","CID982"
"AID1234","CID985"
"AID1684","CID985"
"AID1515","CID988"
"AID2947","CID989"
"AID2023","CID990"
"AID71","CID992"
"AID173","CID992"
"AID1039","CID992"
"AID917","CID993"
"AID1136","CID995"
"AID2413","CID995"
"AID2649","CID995"
"AID2913","CID995"
"AID699","CID998"
"AID2888","CID998"
"AID1197","CID999"
"AID1348","CID999"
"AID1509","CID999"
"AID1727","CID999"
"AID2017","CID999"
"AID1161","CID1002"
"AID1613","CID1002"
"AID1634","CID1002"
"AID2392","CID1002"
"AID1107","CID1003"
"AID75","CID1004"
"AID1055","CID1004"
"AID1495","CID1005"
"AID2728","CID1005"
"AID1834","CID1006"
"AID3000","CID1006"
"AID2309","CID1008"
"AID2665","CID1008"
"AID75","CID1011"
"AID417","CID1011"
"AID500","CID1011"
"AID2469","CID1011"
"AID306","CID1013"
"AID1087","CID1013"
"AID2052","CID1013"
"AID2700","CID1013"
"AID2935","CID1013"
"AID1795","CID1014"
"AID2640","CID1014"
"AID2927","CID1014"
"AID1890","CID1016"
"AID69","CID1018"
"AID405","CID1018"
"AID2228","CID1018"
"AID2535","CID1018"
"AID2751","CID1018"
"AID2812","CID1018"
"AID2284","CID1022"
"AID972","CID1023"
"AID1605","CID1023"
"AID2212","CID1023"
"AID987","CID1027"
"AID1211","CID1028"
"AID1901","CID1028"
"AID2909","CID1028"
"AID1690","CID1029"
"AID910","CID1030"
"AID254","CID1033"
"AID307","CID1037"
"AID2495","CID1037"
"AID604","CID1038"
"AID966","CID1038"
"AID2905","CID1038"
"AID923","CID1040"
"AID2482","CID1040"
"AID2552","CID1040"
"AID2759","CID1040"
"AID321","CID1043"
"AID1493","CID1043"
"AID789","CID1044"
"AID940","CID1044"
"AID586","CID1047"
"AID735","CID1048"
"AID868","CID1048"
"AID1801","CID1048"
"AID2964","CID1048"
"AID491","CID1051"
"AID2698","CID1051"
"AID1300","CID1052"
"AID753","CID1054"
"AID1213","CID1054"
"AID1279","CID1054"
"AID1295","CID1054"
"AID1626","CID1054"
"AID2697","CID1054"
"AID1206","CID1055"
"AID2065","CID1055"
"AID2279","CID1059"
"AID1246","CID1060"
"AID2350","CID1060"
"AID2545","CID1060"
"AID6","CID1061"
"AID1054","CID1061"
"AID1847","CID1061"
"AID71","CID1064"
"AID789","CID1064"
"AID418","CID1065"
"AID758","CID1065"
"AID2910","CID1066"
"AID1306","CID1069"
"AID2566","CID1069"
"AID1705","CID1071"
"AID418","CID1074"
"AID2824","CID1074"
"AID383","CID1078"
"AID964","CID1078"
"AID431","CID1081"
"AID1349","CID1081"
"AID1855","CID1081"
"AID2465","CID1081"
"AID955","CID1082"
"AID1409","CID1082"
"AID1763","CID1083"
"AID1893","CID1083"
"AID2038","CID1083"
"AID2747","CID1084"
"AID425","CID1086"
"AID1100","CID1086"
"AID1516","CID1086"
"AID1271","CID1091"
"AID1419","CID1091"
"AID2476","CID1091"
"AID1229","CID1092"
"AID1478","CID1092"
"AID1538","CID1092"
"AID1650","CID1092"
"AID960","CID1093"
"AID252","CID1095"
"AID1329","CID1095"
"AID2817","CID1095"
"AID1596","CID1096"
"AID759","CID1097"
"AID2508","CID1098"
"AID2845","CID1098"
"AID2703","CID1102"
"AID753","CID1108"
"AID987","CID1108"
"AID1192","CID1108"
"AID1494","CID1108"
"AID2272","CID1108"
"AID384","CID1111"
"AID471","CID1111"
"AID1916","CID1111"
"AID1914","CID1114"
"AID2049","CID1114"
"AID2987","CID1114"
"AID600","CID1115"
"AID2910","CID1120"
"AID1637","CID1122"
"AID177","CID1123"
"AID1926","CID1123"
"AID776","CID1124"
"AID1567","CID1124"
"AID1915","CID1124"
"AID991","CID1125"
"AID2500","CID1125"
"AID79","CID1133"
"AID1488","CID1133"
"AID1647","CID1136"
"AID179","CID1140"
"AID1047","CID1140"
"AID1875","CID1141"
"AID1981","CID1141"
"AID2083","CID1141"
"AID778","CID1142"
"AID983","CID1142"
"AID1341","CID1142"
"AID456","CID1144"
"AID604","CID1147"
"AID1068","CID1147"
"AID1400","CID1147"
"AID267","CID1149"
"AID294","CID1149"
"AID490","CID1149"
"AID892","CID1149"
"AID1750","CID1149"
"AID2887","CID1150"
"AID302","CID1156"
"AID2491","CID1156"
"AID735","CID1159"
"AID868","CID1159"
"AID1801","CID1159"
"AID2964","CID1159"
"AID653","CID1161"
"AID624","CID1163"
"AID2203","CID1163"
"AID2262","CID1163"
"AID2444","CID1163"
"AID2482","CID1163"
"AID2062","CID1165"
"AID2574","CID1165"
"AID509","CID1166"
"AID1342","CID1166"
"AID2628","CID1166"
"AID2637","CID1167"
"AID2714","CID1167"
"AID16","CID1169"
"AID524","CID1169"
"AID1523","CID1169"
"AID1924","CID1169"
"AID2397","CID1169"
"AID443","CID1170"
"AID452","CID1170"
"AID1647","CID1170"
"AID2491","CID1170"
"AID1752","CID1172"
"AID2168","CID1172"
"AID63","CID1174"
"AID222","CID1174"
"AID2393","CID1174"
"AID1326","CID1179"
"AID2153","CID1179"
"AID2933","CID1179"
"AID758","CID1181"
"AID1925","CID1181"
"AID2441","CID1181"
"AID985","CID1185"
"AID2525","CID1185"
"AID676","CID1186"
"AID1758","CID1186"
"AID1804","CID1186"
"AID1911","CID1186"
"AID2632","CID1186"
"AID445","CID1188"
"AID1112","CID1188"
"AID1651","CID1188"
"AID2368","CID1188"
"AID798","CID1189"
"AID992","CID1190"
"AID568","CID1191"
"AID647","CID1191"
"AID844","CID1191"
"AID1006","CID1191"
"AID1406","CID1191"
"AID2014","CID1191"
"AID2263","CID1191"
"AID2702","CID1194"
"AID2966","CID1194"
"AID1125","CID1198"
"AID1803","CID1198"
"AID371","CID1199"
"AID2538","CID1199"
"AID621","CID1200"
"AID2758","CID1200"
"AID113","CID1204"
"AID1462","CID1204"
"AID2512","CID1206"
"AID2758","CID1206"
"AID2145","CID1207"
"AID1834","CID1208"
"AID3000","CID1208"
"AID1063","CID1209"
"AID900","CID1211"
"AID409","CID1215"
"AID478","CID1215"
"AID1355","CID1215"
"AID1777","CID1215"
"AID14","CID1217"
"AID2392","CID1217"
"AID2617","CID1217"
"AID249","CID1221"
"AID155","CID1222"
"AID815","CID1222"
"AID1744","CID1222"
"AID1495","CID1227"
"AID927","CID1228"
"AID935","CID1228"
"AID1261","CID1228"
"AID2797","CID1228"
"AID715","CID1231"
"AID1165","CID1231"
"AID390","CID1234"
"AID601","CID1234"
"AID659","CID1234"
"AID2478","CID1234"
"AID2637","CID1234"
"AID198","CID1236"
"AID622","CID1236"
"AID1153","CID1236"
"AID1495","CID1236"
"AID193","CID1237"
"AID1433","CID1240"
"AID1491","CID1240"
"AID1696","CID1240"
"AID2353","CID1240"
"AID2568","CID1240"
"AID512","CID1241"
"AID2874","CID1242"
"AID520","CID1244"
"AID1279","CID1244"
"AID2115","CID1244"
"AID2396","CID1245"
"AID302","CID1246"
"AID2458","CID1246"
"AID2484","CID1246"
"AID2935","CID1246"
"AID1956","CID1247"
"AID1369","CID1248"
"AID254","CID1251"
"AID16","CID1259"
"AID524","CID1259"
"AID1523","CID1259"
"AID1924","CID1259"
"AID2397","CID1259"
"AID1625","CID1260"
"AID1784","CID1262"
"AID1109","CID1269"
"AID1529","CID1269"
"AID2103","CID1269"
"AID2984","CID1269"
"AID1977","CID1271"
"AID188","CID1273"
"AID1762","CID1273"
"AID2895","CID1273"
"AID2103","CID1275"
"AID789","CID1276"
"AID940","CID1276"
"AID544","CID1279"
"AID1963","CID1279"
"AID165","CID1280"
"AID648","CID1280"
"AID1381","CID1280"
"AID2259","CID1280"
"AID2394","CID1280"
"AID2916","CID1280"
"AID789","CID1282"
"AID940","CID1282"
"AID2420","CID1285"
"AID671","CID1289"
"AID2992","CID1289"
"AID1993","CID1290"
"AID319","CID1292"
"AID969","CID1294"
"AID91","CID1295"
"AID190","CID1295"
"AID1981","CID1295"
"AID1599","CID1299"
"AID130","CID1300"
"AID140","CID1300"
"AID2771","CID1300"
"AID705","CID1301"
"AID2394","CID1301"
"AID338","CID1302"
"AID771","CID1302"
"AID2109","CID1302"
"AID1000","CID1305"
"AID1536","CID1308"
"AID1885","CID1308"
"AID534","CID1309"
"AID1314","CID1309"
"AID1766","CID1309"
"AID2010","CID1309"
"AID1585","CID1310"
"AID465","CID1312"
"AID489","CID1317"
"AID2509","CID1317"
"AID1490","CID1321"
"AID1505","CID1321"
"AID2015","CID1321"
"AID1731","CID1323"
"AID1150","CID1325"
"AID1695","CID1325"
"AID131","CID1328"
"AID2124","CID1328"
"AID738","CID1331"
"AID711","CID1333"
"AID768","CID1333"
"AID2670","CID1335"
"AID397","CID1337"
"AID1485","CID1337"
"AID1727","CID1337"
"AID1832","CID1337"
"AID63","CID1345"
"AID222","CID1345"
"AID2393","CID1345"
"AID768","CID1346"
"AID1080","CID1346"
"AID2012","CID1346"
"AID2790","CID1348"
"AID924","CID1354"
"AID944","CID1354"
"AID740","CID1357"
"AID737","CID1361"
"AID1176","CID1361"
"AID2574","CID1361"
"AID2619","CID1361"
"AID2701","CID1361"
"AID2941","CID1361"
"AID549","CID1364"
"AID1639","CID1364"
"AID2464","CID1364"
"AID1221","CID1370"
"AID1714","CID1371"
"AID2612","CID1371"
"AID2941","CID1371"
"AID371","CID1373"
"AID787","CID1373"
"AID752","CID1374"
"AID827","CID1374"
"AID661","CID1376"
"AID1601","CID1376"
"AID478","CID1378"
"AID755","CID1378"
"AID828","CID1378"
"AID2471","CID1378"
"AID988","CID1381"
"AID133","CID1382"
"AID166","CID1384"
"AID364","CID1384"
"AID1050","CID1384"
"AID932","CID1385"
"AID371","CID1388"
"AID787","CID1388"
"AID660","CID1391"
"AID2535","CID1391"
"AID1181","CID1392"
"AID1350","CID1392"
"AID2012","CID1392"
"AID2540","CID1395"
"AID2849","CID1395"
"AID740","CID1399"
"AID861","CID1399"
"AID2505","CID1399"
"AID1752","CID1413"
"AID2168","CID1413"
"AID137","CID1414"
"AID1799","CID1414"
"AID1847","CID1414"
"AID2856","CID1414"
"AID1014","CID1415"
"AID2751","CID1415"
"AID2799","CID1415"
"AID687","CID1416"
"AID1938","CID1416"
"AID1837","CID1418"
"AID2070","CID1418"
"AID2699","CID1418"
"AID606","CID1422"
"AID297","CID1425"
"AID2369","CID1425"
"AID2835","CID1425"
"AID3","CID1426"
"AID39","CID1426"
"AID1106","CID1426"
"AID1722","CID1428"
"AID1830","CID1428"
"AID2635","CID1428"
"AID242","CID1430"
"AID449","CID1432"
"AID2905","CID1432"
"AID472","CID1434"
"AID1097","CID1434"
"AID524","CID1437"
"AID2762","CID1438"
"AID2712","CID1439"
"AID1247","CID1445"
"AID194","CID1446"
"AID235","CID1446"
"AID407","CID1446"
"AID464","CID1446"
"AID635","CID1448"
"AID1415","CID1448"
"AID996","CID1449"
"AID2167","CID1449"
"AID2434","CID1449"
"AID2168","CID1452"
"AID227","CID1453"
"AID2152","CID1462"
"AID1914","CID1467"
"AID2320","CID1467"
"AID1040","CID1471"
"AID2476","CID1471"
"AID596","CID1474"
"AID1367","CID1474"
"AID2689","CID1474"
"AID1682","CID1476"
"AID220","CID1477"
"AID372","CID1477"
"AID395","CID1477"
"AID877","CID1479"
"AID2411","CID1479"
"AID154","CID1483"
"AID2461","CID1483"
"AID2872","CID1483"
"AID546","CID1485"
"AID927","CID1485"
"AID188","CID1490"
"AID1642","CID1490"
"AID1214","CID1494"
"AID170","CID1497"
"AID224","CID1497"
"AID942","CID1497"
"AID1557","CID1497"
"AID1919","CID1497"
"AID477","CID1498"
"AID1181","CID1498"
"AID550","CID1500"
"AID893","CID1504"
"AID563","CID1505"
"AID820","CID1505"
"AID1920","CID1505"
"AID2755","CID1505"
"AID2934","CID1510"
"AID2916","CID1516"
"AID2786","CID1519"
"AID2838","CID1522"
"AID375","CID1523"
"AID1748","CID1523"
"AID2918","CID1523"
"AID695","CID1524"
"AID1133","CID1524"
"AID2872","CID1524"
"AID539","CID1528"
"AID759","CID1528"
"AID1266","CID1528"
"AID2703","CID1528"
"AID2861","CID1528"
"AID1354","CID1535"
"AID1616","CID1535"
"AID1644","CID1535"
"AID2582","CID1535"
"AID74","CID1536"
"AID209","CID1536"
"AID529","CID1536"
"AID661","CID1536"
"AID2895","CID1536"
"AID958","CID1538"
"AID2949","CID1538"
"AID469","CID1540"
"AID987","CID1540"
"AID1135","CID1545"
"AID1531","CID1545"
"AID225","CID1547"
"AID497","CID1547"
"AID720","CID1547"
"AID845","CID1547"
"AID932","CID1547"
"AID1282","CID1547"
"AID2443","CID1547"
"AID2777","CID1547"
"AID541","CID1548"
"AID1351","CID1548"
"AID2536","CID1551"
"AID2918","CID1553"
"AID726","CID1554"
"AID1100","CID1554"
"AID1840","CID1554"
"AID2791","CID1554"
"AID2844","CID1554"
"AID1993","CID1555"
"AID494","CID1557"
"AID915","CID1557"
"AID1650","CID1557"
"AID1877","CID1559"
"AID2882","CID1559"
"AID99","CID1562"
"AID2578","CID1562"
"AID2667","CID1562"
"AID1908","CID1564"
"AID508","CID1567"
"AID1850","CID1567"
"AID2018","CID1567"
"AID654","CID1569"
"AID1811","CID1569"
"AID2497","CID1569"
"AID2604","CID1569"
"AID2957","CID1569"
"AID1546","CID1574"
"AID2426","CID1574"
"AID990","CID1575"
"AID555","CID1577"
"AID1496","CID1577"
"AID2188","CID1577"
"AID1763","CID1578"
"AID1893","CID1578"
"AID2038","CID1578"
"AID148","CID1581"
"AID450","CID1581"
"AID730","CID1581"
"AID1414","CID1581"
"AID1488","CID1581"
"AID765","CID1584"
"AID775","CID1584"
"AID2152","CID1586"
"AID903","CID1587"
"AID1193","CID1587"
"AID1616","CID1588"
"AID2322","CID1588"
"AID55","CID1591"
"AID699","CID1591"
"AID828","CID1591"
"AID862","CID1591"
"AID2980","CID1591"
"AID318","CID1592"
"AID1638","CID1592"
"AID539","CID1593"
"AID759","CID1593"
"AID1266","CID1593"
"AID2703","CID1593"
"AID2861","CID1593"
"AID1995","CID1599"
"AID2526","CID1599"
"AID2653","CID1599"
"AID338","CID1600"
"AID1235","CID1602"
"AID923","CID1603"
"AID1184","CID1603"
"AID2518","CID1610"
"AID2812","CID1610"
"AID422","CID1612"
"AID1178","CID1612"
"AID986","CID1617"
"AID1060","CID1617"
"AID1983","CID1617"
"AID2050","CID1617"
"AID401","CID1618"
"AID2822","CID1618"
"AID1591","CID1622"
"AID2503","CID1622"
"AID325","CID1629"
"AID2719","CID1629"
"AID48","CID1632"
"AID2172","CID1632"
"AID2176","CID1632"
"AID2233","CID1632"
"AID1890","CID1634"
"AID1447","CID1635"
"AID1837","CID1637"
"AID34","CID1639"
"AID421","CID1639"
"AID1294","CID1639"
"AID1364","CID1639"
"AID1747","CID1639"
"AID2177","CID1639"
"AID2126","CID1642"
"AID1820","CID1644"
"AID170","CID1645"
"AID552","CID1645"
"AID871","CID1647"
"AID1477","CID1647"
"AID1172","CID1648"
"AID1295","CID1648"
"AID2411","CID1648"
"AID2606","CID1648"
"AID178","CID1653"
"AID1865","CID1653"
"AID2833","CID1653"
"AID1094","CID1657"
"AID182","CID1659"
"AID891","CID1659"
"AID1373","CID1669"
"AID407","CID1671"
"AID2097","CID1671"
"AID1515","CID1674"
"AID839","CID1676"
"AID1805","CID1676"
"AID2698","CID1676"
"AID2917","CID1676"
"AID1411","CID1677"
"AID352","CID1678"
"AID554","CID1678"
"AID1263","CID1678"
"AID2843","CID1678"
"AID2048","CID1679"
"AID3000","CID1679"
"AID1271","CID1680"
"AID1419","CID1680"
"AID2476","CID1680"
"AID1569","CID1682"
"AID2827","CID1682"
"AID1461","CID1686"
"AID2452","CID1686"
"AID2638","CID1687"
"AID655","CID1688"
"AID1791","CID1688"
"AID2129","CID1688"
"AID495","CID1689"
"AID836","CID1692"
"AID1604","CID1692"
"AID1726","CID1692"
"AID1833","CID1692"
"AID424","CID1693"
"AID1538","CID1693"
"AID1974","CID1693"
"AID2652","CID1693"
"AID334","CID1696"
"AID283","CID1697"
"AID296","CID1697"
"AID508","CID1704"
"AID2490","CID1704"
"AID2854","CID1704"
"AID2882","CID1704"
"AID1682","CID1705"
"AID1504","CID1708"
"AID399","CID1709"
"AID2653","CID1709"
"AID83","CID1710"
"AID192","CID1710"
"AID2448","CID1710"
"AID1242","CID1711"
"AID1443","CID1711"
"AID2164","CID1714"
"AID2224","CID1714"
"AID2716","CID1714"
"AID2826","CID1714"
"AID708","CID1716"
"AID852","CID1716"
"AID2425","CID1721"
"AID1546","CID1722"
"AID2426","CID1722"
"AID845","CID1723"
"AID1207","CID1723"
"AID2713","CID1723"
"AID1122","CID1732"
"AID1144","CID1732"
"AID2756","CID1732"
"AID2782","CID1732"
"AID1332","CID1734"
"AID1561","CID1734"
"AID2117","CID1734"
"AID65","CID1736"
"AID746","CID1736"
"AID1708","CID1736"
"AID1781","CID1740"
"AID1977","CID1740"
"AID450","CID1741"
"AID2765","CID1744"
"AID205","CID1745"
"AID1140","CID1745"
"AID2380","CID1745"
"AID2550","CID1745"
"AID855","CID1749"
"AID792","CID1755"
"AID1923","CID1755"
"AID2200","CID1755"
"AID1661","CID1760"
"AID78","CID1763"
"AID1734","CID1763"
"AID2620","CID1763"
"AID565","CID1769"
"AID2378","CID1770"
"AID399","CID1774"
"AID2653","CID1774"
"AID985","CID1776"
"AID2525","CID1776"
"AID1014","CID1777"
"AID2751","CID1777"
"AID2799","CID1777"
"AID378","CID1779"
"AID1149","CID1779"
"AID2076","CID1779"
"AID2120","CID1779"
"AID1012","CID1780"
"AID1448","CID1781"
"AID531","CID1783"
"AID2421","CID1783"
"AID2710","CID1783"
"AID123","CID1784"
"AID2081","CID1784"
"AID1048","CID1786"
"AID1096","CID1788"
"AID1164","CID1788"
"AID1428","CID1788"
"AID236","CID1789"
"AID2465","CID1789"
"AID2498","CID1789"
"AID352","CID1791"
"AID2078","CID1791"
"AID2353","CID1793"
"AID965","CID1795"
"AID1879","CID1795"
"AID2273","CID1795"
"AID2447","CID1795"
"AID2539","CID1796"
"AID484","CID1800"
"AID1871","CID1800"
"AID2700","CID1800"
"AID2873","CID1800"
"AID2691","CID1801"
"AID347","CID1803"
"AID509","CID1803"
"AID2000","CID1803"
"AID66","CID1804"
"AID597","CID1804"
"AID2184","CID1804"
"AID955","CID1805"
"AID1409","CID1805"
"AID636","CID1806"
"AID1424","CID1806"
"AID1721","CID1806"
"AID1790","CID1806"
"AID2163","CID1806"
"AID2908","CID1806"
"AID576","CID1808"
"AID1297","CID1808"
"AID1817","CID1809"
"AID2286","CID1809"
"AID262","CID1811"
"AID8","CID1814"
"AID292","CID1814"
"AID846","CID1814"
"AID853","CID1814"
"AID2569","CID1814"
"AID2599","CID1814"
"AID2743","CID1815"
"AID504","CID1818"
"AID845","CID1818"
"AID2225","CID1818"
"AID78","CID1821"
"AID1734","CID1821"
"AID2620","CID1821"
"AID467","CID1824"
"AID577","CID1824"
"AID856","CID1825"
"AID454","CID1828"
"AID1810","CID1828"
"AID2929","CID1828"
"AID1490","CID1829"
"AID1505","CID1829"
"AID2015","CID1829"
"AID522","CID1831"
"AID215","CID1833"
"AID1566","CID1833"
"AID2141","CID1833"
"AID2410","CID1833"
"AID2082","CID1834"
"AID2745","CID1834"
"AID432","CID1835"
"AID1936","CID1835"
"AID2987","CID1835"
"AID123","CID1838"
"AID412","CID1838"
"AID959","CID1844"
"AID1563","CID1844"
"AID1669","CID1844"
"AID2227","CID1844"
"AID2168","CID1845"
"AID217","CID1847"
"AID46","CID1850"
"AID1840","CID1850"
"AID2347","CID1851"
"AID2953","CID1851"
"AID2995","CID1851"
"AID1049","CID1857"
"AID1800","CID1857"
"AID2974","CID1857"
"AID50","CID1858"
"AID2002","CID1867"
"AID2961","CID1867"
"AID341","CID1870"
"AID1216","CID1870"
"AID2302","CID1870"
"AID568","CID1871"
"AID647","CID1871"
"AID844","CID1871"
"AID1006","CID1871"
"AID1406","CID1871"
"AID2014","CID1871"
"AID2263","CID1871"
"AID1465","CID1872"
"AID1467","CID1872"
"AID2283","CID1872"
"AID1069","CID1873"
"AID1117","CID1873"
"AID1718","CID1873"
"AID2316","CID1873"
"AID2942","CID1873"
"AID179","CID1879"
"AID710","CID1879"
"AID1475","CID1879"
"AID80","CID1880"
"AID872","CID1880"
"AID1201","CID1880"
"AID2229","CID1880"
"AID2880","CID1880"
"AID35","CID1881"
"AID369","CID1881"
"AID649","CID1881"
"AID1661","CID1883"
"AID537","CID1885"
"AID2209","CID1885"
"AID995","CID1888"
"AID1888","CID1888"
"AID2360","CID1888"
"AID2540","CID1889"
"AID2849","CID1889"
"AID1623","CID1891"
"AID2340","CID1891"
"AID559","CID1895"
"AID1091","CID1895"
"AID2469","CID1895"
"AID2576","CID1895"
"AID15","CID1897"
"AID149","CID1897"
"AID1879","CID1897"
"AID2554","CID1897"
"AID2620","CID1897"
"AID2670","CID1897"
"AID270","CID1898"
"AID1114","CID1898"
"AID1256","CID1898"
"AID2358","CID1898"
"AID1236","CID1899"
"AID1904","CID1899"
"AID2241","CID1899"
"AID653","CID1901"
"AID373","CID1905"
"AID619","CID1905"
"AID675","CID1905"
"AID1259","CID1906"
"AID1753","CID1906"
"AID1870","CID1908"
"AID1874","CID1908"
"AID2152","CID1908"
"AID2434","CID1908"
"AID1296","CID1910"
"AID1310","CID1910"
"AID2091","CID1910"
"AID2167","CID1910"
"AID1091","CID1914"
"AID2250","CID1914"
"AID524","CID1919"
"AID2321","CID1926"
"AID219","CID1927"
"AID2187","CID1927"
"AID302","CID1929"
"AID2458","CID1929"
"AID2484","CID1929"
"AID2935","CID1929"
"AID123","CID1933"
"AID728","CID1933"
"AID766","CID1933"
"AID2029","CID1933"
"AID816","CID1934"
"AID1260","CID1934"
"AID1774","CID1934"
"AID2159","CID1934"
"AID2628","CID1934"
"AID87","CID1937"
"AID136","CID1941"
"AID2393","CID1941"
"AID621","CID1942"
"AID1151","CID1942"
"AID2068","CID1942"
"AID577","CID1943"
"AID2037","CID1943"
"AID2136","CID1943"
"AID2762","CID1943"
"AID1592","CID1944"
"AID2994","CID1944"
"AID397","CID1948"
"AID1059","CID1948"
"AID1667","CID1948"
"AID1943","CID1948"
"AID2175","CID1948"
"AID2423","CID1948"
"AID1604","CID1949"
"AID2505","CID1949"
"AID923","CID1950"
"AID2482","CID1950"
"AID2552","CID1950"
"AID2759","CID1950"
"AID1616","CID1952"
"AID2322","CID1952"
"AID527","CID1954"
"AID760","CID1954"
"AID1266","CID1960"
"AID54","CID1962"
"AID1328","CID1963"
"AID113","CID1964"
"AID593","CID1964"
"AID1813","CID1966"
"AID2602","CID1966"
"AID2937","CID1966"
"AID1084","CID1968"
"AID1281","CID1970"
"AID2421","CID1974"
"AID2501","CID1974"
"AID2321","CID1975"
"AID910","CID1978"
"AID308","CID1979"
"AID564","CID1979"
"AID1344","CID1980"
"AID1067","CID1983"
"AID1216","CID1983"
"AID1819","CID1983"
"AID2873","CID1983"
"AID293","CID1986"
"AID538","CID1986"
"AID2574","CID1986"
"AID178","CID1988"
"AID1865","CID1988"
"AID2833","CID1988"
"AID1752","CID1989"
"AID2168","CID1989"
"AID941","CID1993"
"AID1393","CID1993"
"AID2665","CID1993"
"AID949","CID1994"
"AID2567","CID1994"
"AID2614","CID1994"
"AID438","CID1997"
"AID664","CID1997"
"AID1709","CID1997"
