"BID","DID"
"BID522","DID1303"
"BID522","DID251"
"BID522","DID717"
"BID522","DID868"
"BID247","DID637"
"BID247","DID655"
"BID480","DID1769"
"BID480","DID1816"
"BID480","DID880"
"BID66","DID1604"
"BID66","DID325"
"BID66","DID80"
"BID66","DID898"
"BID135","DID1667"
"BID135","DID1681"
"BID135","DID972"
"BID1157","DID1661"
"BID1157","DID1793"
"BID1157","DID676"
"BID1157","DID873"
"BID1517","DID309"
"BID1517","DID465"
"BID458","DID1642"
"BID458","DID180"
"BID2364","DID1131"
"BID2364","DID703"
"BID2654","DID1466"
"BID2654","DID278"
"BID2654","DID573"
"BID2654","DID9"
"BID2165","DID650"
"BID2165","DID937"
"BID2995","DID1547"
"BID2995","DID1744"
"BID2995","DID744"
"BID1658","DID1949"
"BID1658","DID328"
"BID1658","DID380"
"BID1658","DID982"
"BID2716","DID1071"
"BID2716","DID807"
"BID2530","DID1565"
"BID2530","DID50"
"BID663","DID1568"
"BID663","DID1723"
"BID663","DID79"
"BID663","DID838"
"BID1234","DID1332"
"BID1234","DID1827"
"BID34","DID1533"
"BID34","DID1910"
"BID34","DID481"
"BID1791","DID1264"
"BID1791","DID1488"
"BID1791","DID866"
"BID597","DID1431"
"BID597","DID1771"
"BID2857","DID1992"
"BID2857","DID424"
"BID2857","DID515"
"BID2857","DID743"
"BID2137","DID1245"
"BID2137","DID1462"
"BID2137","DID1721"
"BID2137","DID670"
"BID2837","DID1451"
"BID2837","DID24"
"BID935","DID1650"
"BID935","DID254"
"BID935","DID775"
"BID2049","DID1477"
"BID2049","DID1727"
"BID2049","DID682"
"BID1569","DID353"
"BID1569","DID632"
"BID1543","DID1226"
"BID1543","DID1319"
"BID1543","DID589"
"BID917","DID1382"
"BID917","DID1787"
"BID917","DID385"
"BID160","DID1184"
"BID160","DID1240"
"BID160","DID1730"
"BID160","DID1891"
"BID1823","DID1229"
"BID1823","DID1471"
"BID1823","DID1626"
"BID2562","DID1364"
"BID2562","DID1392"
"BID2562","DID1739"
"BID2562","DID407"
"BID2702","DID1214"
"BID2702","DID67"
"BID2702","DID833"
"BID397","DID172"
"BID397","DID1937"
"BID2143","DID1191"
"BID2143","DID1219"
"BID2143","DID1681"
"BID2143","DID784"
"BID1620","DID1193"
"BID1620","DID1440"
"BID1620","DID1490"
"BID137","DID1259"
"BID137","DID1932"
"BID137","DID738"
"BID137","DID924"
"BID310","DID1787"
"BID310","DID568"
"BID310","DID958"
"BID713","DID1344"
"BID713","DID682"
"BID2449","DID1811"
"BID2449","DID1969"
"BID1867","DID1012"
"BID1867","DID1149"
"BID1867","DID1829"
"BID1867","DID66"
"BID2012","DID1409"
"BID2012","DID1590"
"BID2012","DID880"
"BID318","DID1209"
"BID318","DID1778"
"BID318","DID40"
"BID318","DID445"
"BID1569","DID1887"
"BID1569","DID923"
"BID1569","DID937"
"BID964","DID1464"
"BID964","DID337"
"BID954","DID1029"
"BID954","DID1656"
"BID954","DID1808"
"BID954","DID947"
"BID1064","DID1366"
"BID1064","DID1744"
"BID1599","DID1631"
"BID1599","DID1719"
"BID243","DID230"
"BID243","DID387"
"BID243","DID413"
"BID243","DID755"
"BID2121","DID1411"
"BID2121","DID1539"
"BID2121","DID813"
"BID1758","DID1323"
"BID1758","DID1647"
"BID1758","DID1773"
"BID1758","DID1789"
"BID2510","DID1194"
"BID2510","DID233"
"BID2510","DID91"
"BID48","DID161"
"BID48","DID1898"
"BID48","DID451"
"BID48","DID736"
"BID367","DID1339"
"BID367","DID1445"
"BID367","DID1774"
"BID367","DID179"
"BID1894","DID1117"
"BID1894","DID378"
"BID1894","DID782"
"BID1894","DID932"
"BID1012","DID1401"
"BID1012","DID432"
"BID2661","DID393"
"BID2661","DID464"
"BID2661","DID881"
"BID1300","DID17"
"BID1300","DID1824"
"BID1300","DID908"
"BID1300","DID964"
"BID678","DID1190"
"BID678","DID1397"
"BID678","DID620"
"BID678","DID685"
"BID415","DID1106"
"BID415","DID1995"
"BID687","DID1021"
"BID687","DID1743"
"BID687","DID587"
"BID687","DID643"
"BID679","DID1331"
"BID679","DID1348"
"BID679","DID206"
"BID679","DID809"
"BID322","DID1550"
"BID322","DID249"
"BID322","DID718"
"BID322","DID792"
"BID2255","DID103"
"BID2255","DID237"
"BID2255","DID562"
"BID2255","DID877"
"BID2143","DID1840"
"BID2143","DID201"
"BID2143","DID696"
"BID2143","DID796"
"BID1555","DID1302"
"BID1555","DID198"
"BID1353","DID1042"
"BID1353","DID18"
"BID271","DID1652"
"BID271","DID1699"
"BID271","DID792"
"BID929","DID1000"
"BID929","DID1987"
"BID516","DID1903"
"BID516","DID197"
"BID941","DID1519"
"BID941","DID232"
"BID2538","DID1855"
"BID2538","DID516"
"BID2538","DID702"
"BID2538","DID912"
"BID2871","DID1516"
"BID2871","DID227"
"BID2871","DID389"
"BID2871","DID69"
"BID1850","DID1360"
"BID1850","DID781"
"BID569","DID1755"
"BID569","DID1900"
"BID569","DID567"
"BID485","DID1173"
"BID485","DID1434"
"BID700","DID1350"
"BID700","DID1760"
"BID1915","DID178"
"BID1915","DID820"
"BID2746","DID1489"
"BID2746","DID193"
"BID2746","DID849"
"BID2238","DID1500"
"BID2238","DID1828"
"BID1689","DID1023"
"BID1689","DID1334"
"BID1689","DID398"
"BID1689","DID519"
"BID72","DID1127"
"BID72","DID1894"
"BID72","DID396"
"BID72","DID476"
"BID2185","DID1384"
"BID2185","DID1603"
"BID2185","DID242"
"BID52","DID1200"
"BID52","DID192"
"BID52","DID401"
"BID752","DID1678"
"BID752","DID354"
"BID752","DID477"
"BID752","DID793"
"BID229","DID138"
"BID229","DID1663"
"BID229","DID323"
"BID229","DID453"
"BID960","DID1512"
"BID960","DID542"
"BID1233","DID1274"
"BID1233","DID1343"
"BID1233","DID1575"
"BID1233","DID761"
"BID2193","DID758"
"BID2193","DID801"
"BID1208","DID1788"
"BID1208","DID980"
"BID1663","DID1301"
"BID1663","DID156"
"BID1663","DID731"
"BID684","DID1004"
"BID684","DID1382"
"BID684","DID435"
"BID684","DID482"
"BID2161","DID1176"
"BID2161","DID435"
"BID2161","DID723"
"BID631","DID1307"
"BID631","DID1586"
"BID631","DID1936"
"BID631","DID878"
"BID1767","DID1342"
"BID1767","DID192"
"BID1767","DID1958"
"BID1767","DID883"
"BID1840","DID367"
"BID1840","DID447"
"BID1840","DID449"
"BID2669","DID304"
"BID2669","DID7"
"BID2669","DID931"
"BID1231","DID430"
"BID1231","DID853"
"BID756","DID1521"
"BID756","DID74"
"BID756","DID938"
"BID536","DID1139"
"BID536","DID376"
"BID536","DID678"
"BID2211","DID1709"
"BID2211","DID287"
"BID1334","DID1161"
"BID1334","DID1677"
"BID1334","DID633"
"BID1334","DID683"
"BID2600","DID444"
"BID2600","DID713"
"BID2600","DID760"
"BID1573","DID1285"
"BID1573","DID1577"
"BID1573","DID273"
"BID1573","DID511"
"BID145","DID1050"
"BID145","DID116"
"BID145","DID1287"
"BID145","DID1462"
"BID2774","DID1329"
"BID2774","DID426"
"BID2774","DID887"
"BID2244","DID701"
"BID2244","DID73"
"BID2244","DID734"
"BID2558","DID1244"
"BID2558","DID127"
"BID2558","DID131"
"BID2558","DID395"
"BID2087","DID1578"
"BID2087","DID1869"
"BID2087","DID1896"
"BID2074","DID1467"
"BID2074","DID211"
"BID2074","DID858"
"BID756","DID1182"
"BID756","DID372"
"BID756","DID773"
"BID756","DID965"
"BID1339","DID1406"
"BID1339","DID158"
"BID1339","DID1672"
"BID2034","DID1817"
"BID2034","DID215"
"BID2034","DID305"
"BID422","DID1208"
"BID422","DID176"
"BID422","DID930"
"BID2912","DID1318"
"BID2912","DID300"
"BID2912","DID550"
"BID937","DID1144"
"BID937","DID271"
"BID937","DID980"
"BID1378","DID2"
"BID1378","DID289"
"BID1378","DID332"
"BID1378","DID721"
"BID5","DID116"
"BID5","DID1617"
"BID33","DID1026"
"BID33","DID1123"
"BID33","DID1877"
"BID163","DID1360"
"BID163","DID1903"
"BID163","DID499"
"BID163","DID865"
"BID2422","DID1268"
"BID2422","DID285"
"BID2629","DID1188"
"BID2629","DID1485"
"BID2629","DID1513"
"BID921","DID165"
"BID921","DID623"
"BID1697","DID1092"
"BID1697","DID247"
"BID1969","DID1111"
"BID1969","DID1112"
"BID1969","DID1982"
"BID1969","DID842"
"BID1331","DID1154"
"BID1331","DID1408"
"BID1331","DID145"
"BID1331","DID813"
"BID2219","DID1137"
"BID2219","DID1578"
"BID2219","DID179"
"BID2219","DID1956"
"BID44","DID142"
"BID44","DID402"
"BID2967","DID21"
"BID2967","DID274"
"BID2562","DID122"
"BID2562","DID1563"
"BID2562","DID1861"
"BID2562","DID194"
"BID643","DID1584"
"BID643","DID737"
"BID2156","DID1004"
"BID2156","DID1900"
"BID2156","DID502"
"BID2683","DID44"
"BID2683","DID69"
"BID2683","DID79"
"BID1179","DID1423"
"BID1179","DID567"
"BID1189","DID300"
"BID1189","DID65"
"BID2281","DID1237"
"BID2281","DID242"
"BID2811","DID1"
"BID2811","DID1355"
"BID2811","DID476"
"BID1680","DID131"
"BID1680","DID1499"
"BID711","DID102"
"BID711","DID1240"
"BID2977","DID281"
"BID2977","DID643"
"BID2977","DID768"
"BID81","DID1006"
"BID81","DID1400"
"BID81","DID1724"
"BID1108","DID1932"
"BID1108","DID480"
"BID1108","DID90"
"BID1108","DID905"
"BID1180","DID1102"
"BID1180","DID278"
"BID1180","DID647"
"BID1180","DID871"
"BID1983","DID1512"
"BID1983","DID1613"
"BID1983","DID491"
"BID1983","DID660"
"BID1271","DID1749"
"BID1271","DID1822"
"BID1271","DID683"
"BID1271","DID965"
"BID2044","DID1390"
"BID2044","DID1844"
"BID2044","DID255"
"BID2044","DID806"
"BID1538","DID579"
"BID1538","DID598"
"BID1538","DID91"
"BID1270","DID1635"
"BID1270","DID1969"
"BID1270","DID210"
"BID1270","DID352"
"BID2548","DID1902"
"BID2548","DID502"
"BID20","DID535"
"BID20","DID786"
"BID2518","DID1848"
"BID2518","DID730"
"BID1121","DID106"
"BID1121","DID1870"
"BID1121","DID927"
"BID927","DID1300"
"BID927","DID183"
"BID927","DID1902"
"BID927","DID692"
"BID1646","DID1473"
"BID1646","DID1511"
"BID1646","DID1543"
"BID1646","DID743"
"BID2430","DID172"
"BID2430","DID430"
"BID2430","DID445"
"BID2430","DID687"
"BID2998","DID1850"
"BID2998","DID301"
"BID2998","DID459"
"BID87","DID1116"
"BID87","DID1538"
"BID87","DID1741"
"BID87","DID362"
"BID2704","DID1342"
"BID2704","DID978"
"BID1029","DID1628"
"BID1029","DID1994"
"BID1029","DID45"
"BID1029","DID48"
"BID335","DID1491"
"BID335","DID159"
"BID335","DID291"
"BID335","DID968"
"BID2892","DID1788"
"BID2892","DID310"
"BID2892","DID586"
"BID2892","DID719"
"BID1501","DID1897"
"BID1501","DID345"
"BID1018","DID1053"
"BID1018","DID1553"
"BID1018","DID1777"
"BID1018","DID583"
"BID2214","DID1706"
"BID2214","DID879"
"BID2278","DID1641"
"BID2278","DID1927"
"BID2278","DID405"
"BID2278","DID779"
"BID2833","DID1757"
"BID2833","DID263"
"BID2019","DID1134"
"BID2019","DID1531"
"BID2019","DID222"
"BID2019","DID935"
"BID2919","DID543"
"BID2919","DID953"
"BID2725","DID1114"
"BID2725","DID1640"
"BID2681","DID1409"
"BID2681","DID272"
"BID2681","DID7"
"BID1218","DID1632"
"BID1218","DID167"
"BID1218","DID1686"
"BID1218","DID240"
"BID839","DID1070"
"BID839","DID1238"
"BID839","DID918"
"BID258","DID1141"
"BID258","DID89"
"BID983","DID1109"
"BID983","DID17"
"BID983","DID269"
"BID808","DID1276"
"BID808","DID1354"
"BID808","DID1421"
"BID808","DID221"
"BID2635","DID540"
"BID2635","DID642"
"BID2635","DID678"
"BID2635","DID932"
"BID261","DID1054"
"BID261","DID1621"
"BID261","DID752"
"BID261","DID844"
"BID2510","DID613"
"BID2510","DID981"
"BID1889","DID1079"
"BID1889","DID1416"
"BID1889","DID696"
"BID1609","DID789"
"BID1609","DID916"
"BID2815","DID111"
"BID2815","DID1198"
"BID2815","DID9"
"BID2981","DID1235"
"BID2981","DID1801"
"BID2981","DID943"
"BID2212","DID1172"
"BID2212","DID1251"
"BID2212","DID1856"
"BID2963","DID173"
"BID2963","DID501"
"BID608","DID1850"
"BID608","DID1913"
"BID608","DID812"
"BID608","DID838"
"BID1054","DID1851"
"BID1054","DID877"
"BID1207","DID1075"
"BID1207","DID120"
"BID1207","DID1812"
"BID1207","DID618"
"BID2127","DID1125"
"BID2127","DID1324"
"BID2127","DID1661"
"BID982","DID1419"
"BID982","DID218"
"BID2892","DID1611"
"BID2892","DID1819"
"BID2187","DID1115"
"BID2187","DID234"
"BID47","DID1179"
"BID47","DID1611"
"BID47","DID247"
"BID47","DID600"
"BID1485","DID1170"
"BID1485","DID1903"
"BID1485","DID819"
"BID1604","DID131"
"BID1604","DID36"
"BID1604","DID361"
"BID1960","DID174"
"BID1960","DID1809"
"BID1960","DID1846"
"BID1283","DID462"
"BID1283","DID758"
"BID1283","DID925"
"BID2801","DID1283"
"BID2801","DID791"
"BID1293","DID293"
"BID1293","DID709"
"BID1293","DID764"
"BID1395","DID1471"
"BID1395","DID326"
"BID1395","DID395"
"BID1395","DID823"
"BID431","DID12"
"BID431","DID1593"
"BID431","DID377"
"BID431","DID460"
"BID2274","DID1256"
"BID2274","DID988"
"BID2996","DID1086"
"BID2996","DID1129"
"BID2996","DID1149"
"BID2996","DID1489"
"BID2567","DID1584"
"BID2567","DID189"
"BID2567","DID855"
"BID2567","DID972"
"BID69","DID192"
"BID69","DID88"
"BID2896","DID1414"
"BID2896","DID554"
"BID2896","DID70"
"BID2896","DID924"
"BID2190","DID1175"
"BID2190","DID765"
"BID2190","DID813"
"BID1053","DID453"
"BID1053","DID707"
"BID1575","DID1098"
"BID1575","DID552"
"BID1575","DID861"
"BID29","DID1109"
"BID29","DID1539"
"BID29","DID1910"
"BID29","DID775"
"BID2908","DID196"
"BID2908","DID993"
"BID305","DID1756"
"BID305","DID1901"
"BID305","DID856"
"BID2829","DID1699"
"BID2829","DID421"
"BID2538","DID1043"
"BID2538","DID1746"
"BID2538","DID1826"
"BID2538","DID768"
"BID1708","DID1526"
"BID1708","DID1795"
"BID1708","DID426"
"BID1164","DID150"
"BID1164","DID229"
"BID1164","DID616"
"BID1164","DID733"
"BID2468","DID139"
"BID2468","DID1884"
"BID2468","DID715"
"BID2565","DID1590"
"BID2565","DID649"
"BID2565","DID720"
"BID2565","DID983"
"BID1952","DID1180"
"BID1952","DID1363"
"BID1952","DID258"
"BID1952","DID879"
"BID1904","DID467"
"BID1904","DID989"
"BID2907","DID1648"
"BID2907","DID297"
"BID2907","DID509"
"BID2745","DID1548"
"BID2745","DID469"
"BID2773","DID1437"
"BID2773","DID1978"
"BID2773","DID41"
"BID2773","DID562"
"BID2565","DID1414"
"BID2565","DID924"
"BID521","DID1222"
"BID521","DID1489"
"BID521","DID673"
"BID636","DID1706"
"BID636","DID742"
"BID636","DID930"
"BID2517","DID1526"
"BID2517","DID381"
"BID2517","DID747"
"BID554","DID1175"
"BID554","DID1724"
"BID387","DID1622"
"BID387","DID1950"
"BID387","DID710"
"BID387","DID780"
"BID2964","DID1900"
"BID2964","DID277"
"BID2044","DID1028"
"BID2044","DID1390"
"BID2044","DID1447"
"BID2044","DID174"
"BID628","DID1529"
"BID628","DID166"
"BID628","DID9"
"BID330","DID1472"
"BID330","DID1561"
"BID2105","DID1206"
"BID2105","DID973"
"BID302","DID1071"
"BID302","DID289"
"BID302","DID830"
"BID302","DID833"
"BID844","DID1630"
"BID844","DID705"
"BID397","DID1011"
"BID397","DID1841"
"BID397","DID713"
"BID114","DID1476"
"BID114","DID220"
"BID1673","DID1124"
"BID1673","DID1143"
"BID1673","DID284"
"BID2407","DID1837"
"BID2407","DID206"
"BID2407","DID711"
"BID1946","DID1193"
"BID1946","DID1971"
"BID1946","DID598"
"BID1946","DID666"
"BID91","DID138"
"BID91","DID1673"
"BID91","DID217"
"BID91","DID867"
"BID53","DID1333"
"BID53","DID1853"
"BID53","DID1951"
"BID53","DID967"
"BID2572","DID1287"
"BID2572","DID376"
"BID2572","DID958"
"BID1285","DID1402"
"BID1285","DID156"
"BID1285","DID396"
"BID816","DID1689"
"BID816","DID337"
"BID816","DID35"
"BID816","DID917"
"BID1700","DID1744"
"BID1700","DID1810"
"BID1700","DID347"
"BID1700","DID80"
"BID2267","DID1319"
"BID2267","DID1560"
"BID2267","DID42"
"BID1999","DID1194"
"BID1999","DID1443"
"BID1999","DID1732"
"BID1836","DID1718"
"BID1836","DID33"
"BID1836","DID662"
"BID1443","DID1839"
"BID1443","DID289"
"BID462","DID1197"
"BID462","DID1632"
"BID405","DID252"
"BID405","DID405"
"BID405","DID440"
"BID405","DID471"
"BID2952","DID1302"
"BID2952","DID1775"
"BID2952","DID943"
"BID1779","DID344"
"BID1779","DID414"
"BID1779","DID452"
"BID2196","DID140"
"BID2196","DID308"
"BID2196","DID398"
"BID2196","DID493"
"BID1532","DID1057"
"BID1532","DID1175"
"BID1532","DID1491"
"BID1532","DID1804"
"BID405","DID1030"
"BID405","DID1410"
"BID405","DID309"
"BID405","DID744"
"BID2579","DID1582"
"BID2579","DID1830"
"BID2261","DID1093"
"BID2261","DID1357"
"BID2261","DID827"
"BID285","DID125"
"BID285","DID203"
"BID285","DID42"
"BID2686","DID936"
"BID2686","DID939"
"BID2111","DID1835"
"BID2111","DID890"
"BID1611","DID617"
"BID1611","DID656"
"BID1611","DID671"
"BID1611","DID929"
"BID1215","DID1543"
"BID1215","DID1910"
"BID1215","DID441"
"BID1894","DID1152"
"BID1894","DID638"
"BID1154","DID127"
"BID1154","DID1680"
"BID1154","DID24"
"BID1154","DID58"
"BID1722","DID1438"
"BID1722","DID1685"
"BID143","DID1026"
"BID143","DID1146"
"BID143","DID850"
"BID143","DID982"
"BID2533","DID177"
"BID2533","DID1811"
"BID2533","DID241"
"BID2516","DID230"
"BID2516","DID867"
"BID1678","DID1406"
"BID1678","DID400"
"BID876","DID281"
"BID876","DID299"
"BID2876","DID1085"
"BID2876","DID1674"
"BID403","DID1491"
"BID403","DID1741"
"BID403","DID1940"
"BID403","DID331"
"BID787","DID1080"
"BID787","DID902"
"BID1504","DID1250"
"BID1504","DID211"
"BID1504","DID791"
"BID882","DID1214"
"BID882","DID1859"
"BID882","DID1951"
"BID882","DID334"
"BID406","DID1094"
"BID406","DID1381"
"BID406","DID1742"
"BID406","DID690"
"BID2180","DID1091"
"BID2180","DID1843"
"BID2180","DID1931"
"BID1569","DID1020"
"BID1569","DID1538"
"BID540","DID1129"
"BID540","DID1231"
"BID540","DID1342"
"BID540","DID773"
"BID970","DID1335"
"BID970","DID368"
"BID2871","DID448"
"BID2871","DID537"
"BID1836","DID237"
"BID1836","DID921"
"BID1836","DID940"
"BID1854","DID1257"
"BID1854","DID1911"
"BID889","DID1143"
"BID889","DID1588"
"BID1018","DID122"
"BID1018","DID1599"
"BID1018","DID767"
"BID2009","DID1692"
"BID2009","DID467"
"BID2009","DID878"
"BID1132","DID1860"
"BID1132","DID445"
"BID1132","DID625"
"BID1132","DID85"
"BID1011","DID1846"
"BID1011","DID1980"
"BID1011","DID826"
"BID1669","DID1073"
"BID1669","DID1562"
"BID1669","DID1629"
"BID1669","DID802"
"BID1136","DID151"
"BID1136","DID1615"
"BID1136","DID1767"
"BID280","DID1440"
"BID280","DID803"
"BID280","DID938"
"BID280","DID991"
"BID447","DID1223"
"BID447","DID759"
"BID447","DID923"
"BID731","DID1595"
"BID731","DID985"
"BID248","DID1446"
"BID248","DID1871"
"BID2197","DID478"
"BID2197","DID523"
"BID2197","DID70"
"BID1275","DID1348"
"BID1275","DID1750"
"BID1275","DID242"
"BID2225","DID1481"
"BID2225","DID1542"
"BID2225","DID863"
"BID2272","DID1369"
"BID2272","DID275"
"BID2259","DID1127"
"BID2259","DID1999"
"BID2259","DID612"
"BID1671","DID1045"
"BID1671","DID431"
"BID1529","DID142"
"BID1529","DID1927"
"BID1529","DID338"
"BID1529","DID876"
"BID765","DID1980"
"BID765","DID775"
"BID765","DID864"
"BID1350","DID1147"
"BID1350","DID215"
"BID1350","DID40"
"BID359","DID1754"
"BID359","DID1767"
"BID359","DID1927"
"BID1789","DID325"
"BID1789","DID781"
"BID1789","DID838"
"BID382","DID1887"
"BID382","DID782"
"BID777","DID1076"
"BID777","DID671"
"BID777","DID694"
"BID1725","DID1187"
"BID1725","DID1429"
"BID2876","DID59"
"BID2876","DID906"
"BID447","DID1327"
"BID447","DID1513"
"BID447","DID1889"
"BID447","DID632"
"BID2295","DID1531"
"BID2295","DID438"
"BID551","DID1230"
"BID551","DID614"
"BID551","DID714"
"BID551","DID719"
"BID2783","DID1503"
"BID2783","DID221"
"BID2783","DID794"
"BID1868","DID1728"
"BID1868","DID746"
"BID1868","DID980"
"BID373","DID1115"
"BID373","DID1440"
"BID373","DID239"
"BID2414","DID1989"
"BID2414","DID590"
"BID360","DID1192"
"BID360","DID1656"
"BID360","DID1820"
"BID360","DID958"
"BID2587","DID1632"
"BID2587","DID831"
"BID508","DID131"
"BID508","DID1515"
"BID508","DID1892"
"BID508","DID263"
"BID2829","DID1101"
"BID2829","DID1126"
"BID2829","DID1710"
"BID1608","DID1551"
"BID1608","DID162"
"BID1608","DID417"
"BID1608","DID564"
"BID2443","DID1495"
"BID2443","DID1816"
"BID658","DID1016"
"BID658","DID1615"
"BID658","DID291"
"BID449","DID128"
"BID449","DID624"
"BID1534","DID1157"
"BID1534","DID1729"
"BID1534","DID391"
"BID85","DID265"
"BID85","DID391"
"BID85","DID766"
"BID2837","DID1881"
"BID2837","DID866"
"BID495","DID129"
"BID495","DID1885"
"BID1981","DID1418"
"BID1981","DID1880"
"BID2636","DID1350"
"BID2636","DID514"
"BID2636","DID95"
"BID2415","DID1099"
"BID2415","DID1689"
"BID2415","DID561"
"BID2415","DID795"
"BID1442","DID1810"
"BID1442","DID81"
"BID1477","DID1683"
"BID1477","DID693"
"BID1393","DID226"
"BID1393","DID76"
"BID2327","DID1449"
"BID2327","DID1678"
"BID2327","DID297"
"BID1977","DID1086"
"BID1977","DID1184"
"BID1977","DID898"
"BID218","DID1677"
"BID218","DID1713"
"BID218","DID1764"
"BID218","DID514"
"BID2483","DID1406"
"BID2483","DID1819"
"BID2483","DID1829"
"BID2483","DID857"
"BID555","DID1049"
"BID555","DID1094"
"BID555","DID1739"
"BID555","DID644"
"BID2199","DID1060"
"BID2199","DID1552"
"BID2199","DID360"
"BID2991","DID1415"
"BID2991","DID700"
"BID2991","DID750"
"BID1865","DID276"
"BID1865","DID591"
"BID1865","DID91"
"BID362","DID1698"
"BID362","DID1980"
"BID362","DID240"
"BID362","DID350"
"BID2622","DID1190"
"BID2622","DID1546"
"BID2622","DID972"
"BID326","DID1358"
"BID326","DID1492"
"BID326","DID1873"
"BID1909","DID1665"
"BID1909","DID1902"
"BID1909","DID859"
"BID332","DID409"
"BID332","DID5"
"BID913","DID1369"
"BID913","DID1418"
"BID913","DID1931"
"BID262","DID155"
"BID262","DID1655"
"BID1240","DID1450"
"BID1240","DID1512"
"BID2262","DID1121"
"BID2262","DID79"
"BID2769","DID525"
"BID2769","DID738"
"BID2330","DID1319"
"BID2330","DID571"
"BID1392","DID1010"
"BID1392","DID577"
"BID1392","DID605"
"BID868","DID1629"
"BID868","DID1689"
"BID1758","DID1923"
"BID1758","DID1991"
"BID1758","DID498"
"BID1302","DID916"
"BID1302","DID973"
"BID1658","DID1098"
"BID1658","DID1311"
"BID1658","DID1698"
"BID1658","DID677"
"BID573","DID1033"
"BID573","DID504"
"BID1338","DID1237"
"BID1338","DID1374"
"BID1338","DID1415"
"BID1338","DID244"
"BID2516","DID572"
"BID2516","DID817"
"BID2516","DID976"
"BID2516","DID990"
"BID851","DID1946"
"BID851","DID88"
"BID1866","DID544"
"BID1866","DID584"
"BID1866","DID91"
"BID1866","DID959"
"BID2964","DID1809"
"BID2964","DID1857"
"BID1709","DID480"
"BID1709","DID506"
"BID1479","DID412"
"BID1479","DID714"
"BID1479","DID955"
"BID1479","DID990"
"BID2331","DID1612"
"BID2331","DID1627"
"BID2331","DID454"
"BID2331","DID736"
"BID1721","DID1811"
"BID1721","DID189"
"BID1721","DID359"
"BID1721","DID472"
"BID2223","DID1061"
"BID2223","DID822"
"BID134","DID1441"
"BID134","DID1681"
"BID134","DID1820"
"BID134","DID811"
"BID1954","DID588"
"BID1954","DID78"
"BID1954","DID99"
"BID1591","DID22"
"BID1591","DID280"
"BID1068","DID1409"
"BID1068","DID958"
"BID2274","DID140"
"BID2274","DID152"
"BID2274","DID1997"
"BID2631","DID1569"
"BID2631","DID1735"
"BID2631","DID522"
"BID430","DID1052"
"BID430","DID1551"
"BID430","DID819"
"BID1962","DID1744"
"BID1962","DID59"
"BID1271","DID112"
"BID1271","DID423"
"BID2761","DID1104"
"BID2761","DID1518"
"BID2761","DID23"
"BID2826","DID1037"
"BID2826","DID868"
"BID2826","DID916"
"BID552","DID1591"
"BID552","DID1753"
"BID552","DID334"
"BID552","DID434"
"BID267","DID1251"
"BID267","DID1668"
"BID267","DID454"
"BID256","DID354"
"BID256","DID531"
"BID256","DID603"
"BID256","DID891"
"BID2951","DID1081"
"BID2951","DID19"
"BID2951","DID1904"
"BID1681","DID1075"
"BID1681","DID1942"
"BID1681","DID627"
"BID1681","DID850"
"BID274","DID344"
"BID274","DID482"
"BID274","DID644"
"BID274","DID869"
"BID1704","DID1821"
"BID1704","DID70"
"BID2746","DID1670"
"BID2746","DID31"
"BID2746","DID394"
"BID2746","DID733"
"BID2863","DID1681"
"BID2863","DID1889"
"BID2863","DID739"
"BID386","DID1329"
"BID386","DID169"
"BID386","DID227"
"BID2059","DID1759"
"BID2059","DID1879"
"BID2059","DID1894"
"BID2296","DID320"
"BID2296","DID494"
"BID2296","DID85"
"BID1734","DID1247"
"BID1734","DID204"
"BID2092","DID1003"
"BID2092","DID654"
"BID1447","DID1016"
"BID1447","DID1723"
"BID1447","DID537"
"BID1447","DID694"
"BID2364","DID1672"
"BID2364","DID190"
"BID2948","DID1145"
"BID2948","DID1233"
"BID2948","DID79"
"BID163","DID352"
"BID163","DID481"
"BID2938","DID227"
"BID2938","DID895"
"BID49","DID1887"
"BID49","DID1981"
"BID49","DID352"
"BID49","DID782"
"BID2682","DID316"
"BID2682","DID40"
"BID2682","DID508"
"BID2682","DID583"
"BID2149","DID1004"
"BID2149","DID384"
"BID1828","DID111"
"BID1828","DID1525"
"BID1828","DID817"
"BID2195","DID125"
"BID2195","DID168"
"BID845","DID1079"
"BID845","DID142"
"BID845","DID744"
"BID845","DID884"
"BID2287","DID1721"
"BID2287","DID204"
"BID2287","DID544"
"BID2049","DID1625"
"BID2049","DID964"
"BID1450","DID1259"
"BID1450","DID500"
"BID1450","DID535"
"BID1896","DID310"
"BID1896","DID911"
"BID240","DID1950"
"BID240","DID773"
"BID240","DID925"
"BID660","DID228"
"BID660","DID507"
"BID660","DID974"
"BID2885","DID1290"
"BID2885","DID707"
"BID585","DID1127"
"BID585","DID526"
"BID585","DID779"
"BID2046","DID1154"
"BID2046","DID306"
"BID2046","DID559"
"BID2046","DID873"
"BID954","DID1044"
"BID954","DID1392"
"BID954","DID589"
"BID1829","DID1063"
"BID1829","DID1953"
"BID1829","DID972"
"BID341","DID163"
"BID341","DID697"
"BID1518","DID1071"
"BID1518","DID289"
"BID2294","DID1727"
"BID2294","DID251"
"BID2059","DID1040"
"BID2059","DID486"
"BID2059","DID488"
"BID2059","DID984"
"BID2320","DID1881"
"BID2320","DID31"
"BID2327","DID391"
"BID2327","DID943"
"BID1326","DID1675"
"BID1326","DID669"
"BID1326","DID923"
"BID1876","DID1182"
"BID1876","DID301"
"BID1876","DID542"
"BID1473","DID315"
"BID1473","DID721"
"BID1647","DID109"
"BID1647","DID1669"
"BID1647","DID882"
"BID1091","DID1378"
"BID1091","DID368"
"BID1091","DID382"
"BID1091","DID845"
"BID2456","DID1254"
"BID2456","DID75"
"BID2456","DID967"
"BID1677","DID1050"
"BID1677","DID1835"
"BID1677","DID716"
"BID1677","DID726"
"BID2457","DID1212"
"BID2457","DID1720"
"BID2457","DID517"
"BID2196","DID1873"
"BID2196","DID493"
"BID2196","DID844"
"BID2196","DID935"
"BID2938","DID1442"
"BID2938","DID1711"
"BID2938","DID177"
"BID2938","DID1956"
"BID350","DID1516"
"BID350","DID1660"
"BID350","DID89"
"BID773","DID1423"
"BID773","DID396"
"BID773","DID965"
"BID1143","DID1943"
"BID1143","DID552"
"BID1143","DID911"
"BID1606","DID1206"
"BID1606","DID396"
"BID2781","DID189"
"BID2781","DID649"
"BID1365","DID1303"
"BID1365","DID1574"
"BID1365","DID350"
"BID1365","DID659"
"BID728","DID1845"
"BID728","DID1934"
"BID728","DID625"
"BID728","DID628"
"BID1282","DID1417"
"BID1282","DID1489"
"BID1282","DID1810"
"BID1282","DID461"
"BID2607","DID1252"
"BID2607","DID1467"
"BID2607","DID184"
"BID2607","DID53"
"BID2781","DID1272"
"BID2781","DID1457"
"BID2781","DID1782"
"BID1371","DID1334"
"BID1371","DID640"
"BID1728","DID1338"
"BID1728","DID1454"
"BID1728","DID1908"
"BID1728","DID37"
"BID1381","DID1356"
"BID1381","DID1605"
"BID1381","DID356"
"BID1381","DID449"
"BID28","DID1121"
"BID28","DID15"
"BID28","DID1537"
"BID28","DID929"
"BID2075","DID293"
"BID2075","DID567"
"BID2075","DID77"
"BID2222","DID1185"
"BID2222","DID591"
"BID2222","DID928"
"BID2222","DID970"
"BID387","DID1023"
"BID387","DID1070"
"BID387","DID1899"
"BID533","DID482"
"BID533","DID694"
"BID1712","DID1828"
"BID1712","DID689"
"BID1712","DID922"
"BID2808","DID1340"
"BID2808","DID1500"
"BID2808","DID885"
"BID771","DID1609"
"BID771","DID1932"
"BID771","DID362"
"BID771","DID77"
"BID1742","DID1780"
"BID1742","DID289"
"BID1742","DID739"
"BID1378","DID58"
"BID1378","DID650"
"BID887","DID1013"
"BID887","DID621"
"BID887","DID658"
"BID887","DID923"
"BID1562","DID1573"
"BID1562","DID1625"
"BID1562","DID477"
"BID1562","DID648"
"BID2091","DID1372"
"BID2091","DID1670"
"BID2091","DID900"
"BID134","DID1649"
"BID134","DID1931"
"BID134","DID237"
"BID1376","DID1748"
"BID1376","DID741"
"BID2872","DID76"
"BID2872","DID95"
"BID1748","DID1867"
"BID1748","DID1937"
"BID1748","DID233"
"BID1748","DID33"
"BID2926","DID1073"
"BID2926","DID1181"
"BID2926","DID1813"
"BID734","DID114"
"BID734","DID1146"
"BID734","DID122"
"BID1378","DID1636"
"BID1378","DID1847"
"BID1378","DID523"
"BID1378","DID585"
"BID1557","DID1446"
"BID1557","DID1755"
"BID1557","DID530"
"BID1197","DID145"
"BID1197","DID1993"
"BID1197","DID351"
"BID1197","DID804"
"BID1212","DID1500"
"BID1212","DID1639"
"BID1212","DID1780"
"BID2416","DID1749"
"BID2416","DID431"
"BID2416","DID542"
"BID2416","DID723"
"BID1239","DID111"
"BID1239","DID1982"
"BID1239","DID946"
"BID1275","DID1794"
"BID1275","DID268"
"BID1275","DID461"
"BID1275","DID815"
"BID2434","DID1002"
"BID2434","DID77"
"BID1915","DID1087"
"BID1915","DID1565"
"BID1915","DID710"
"BID1731","DID325"
"BID1731","DID338"
"BID660","DID1190"
"BID660","DID1594"
"BID957","DID1692"
"BID957","DID1958"
"BID957","DID627"
"BID957","DID635"
"BID112","DID164"
"BID112","DID458"
"BID2971","DID1163"
"BID2971","DID1302"
"BID2971","DID1969"
"BID2653","DID1057"
"BID2653","DID1279"
"BID2653","DID852"
"BID1793","DID1928"
"BID1793","DID453"
"BID1793","DID717"
"BID1339","DID1988"
"BID1339","DID946"
"BID1727","DID197"
"BID1727","DID502"
"BID1727","DID82"
"BID1730","DID1663"
"BID1730","DID462"
"BID1730","DID532"
"BID379","DID1237"
"BID379","DID1937"
"BID379","DID451"
"BID379","DID459"
"BID1359","DID1296"
"BID1359","DID134"
"BID194","DID1671"
"BID194","DID1692"
"BID194","DID640"
"BID194","DID757"
"BID910","DID174"
"BID910","DID795"
"BID2461","DID105"
"BID2461","DID253"
"BID149","DID1502"
"BID149","DID431"
"BID149","DID765"
"BID1111","DID1381"
"BID1111","DID1536"
"BID1111","DID1843"
"BID1111","DID9"
"BID873","DID128"
"BID873","DID1827"
"BID873","DID357"
"BID873","DID961"
"BID843","DID1494"
"BID843","DID422"
"BID2859","DID1293"
"BID2859","DID187"
"BID2859","DID298"
"BID2859","DID472"
"BID704","DID1247"
"BID704","DID1363"
"BID704","DID143"
"BID704","DID691"
"BID1320","DID1022"
"BID1320","DID1891"
"BID1320","DID66"
"BID1254","DID1136"
"BID1254","DID1312"
"BID1254","DID787"
"BID1029","DID13"
"BID1029","DID1622"
"BID1029","DID1821"
"BID1029","DID562"
"BID636","DID1057"
"BID636","DID1113"
"BID636","DID353"
"BID636","DID759"
"BID1980","DID1322"
"BID1980","DID623"
"BID1980","DID744"
"BID1205","DID1177"
"BID1205","DID888"
"BID1205","DID993"
"BID409","DID1316"
"BID409","DID1528"
"BID409","DID1940"
"BID2648","DID1157"
"BID2648","DID46"
"BID2648","DID711"
"BID1519","DID1331"
"BID1519","DID1536"
"BID1519","DID1568"
"BID1519","DID835"
"BID1411","DID1368"
"BID1411","DID1841"
"BID1411","DID387"
"BID608","DID184"
"BID608","DID186"
"BID608","DID580"
"BID608","DID758"
"BID2025","DID1819"
"BID2025","DID43"
"BID2594","DID1552"
"BID2594","DID1913"
"BID2594","DID1949"
"BID2300","DID590"
"BID2300","DID829"
"BID254","DID564"
"BID254","DID994"
"BID550","DID1763"
"BID550","DID765"
"BID550","DID884"
"BID1400","DID1523"
"BID1400","DID195"
"BID1400","DID489"
"BID1142","DID1117"
"BID1142","DID830"
"BID1142","DID997"
"BID796","DID1715"
"BID796","DID980"
"BID2170","DID1288"
"BID2170","DID358"
"BID2170","DID789"
"BID1080","DID1079"
"BID1080","DID1748"
"BID2229","DID1861"
"BID2229","DID706"
"BID2026","DID473"
"BID2026","DID773"
"BID2026","DID885"
"BID1887","DID1175"
"BID1887","DID6"
"BID2514","DID1223"
"BID2514","DID251"
"BID2514","DID587"
"BID2514","DID598"
"BID1657","DID1398"
"BID1657","DID1690"
"BID1657","DID36"
"BID1737","DID1074"
"BID1737","DID658"
"BID1452","DID1500"
"BID1452","DID204"
"BID2610","DID1671"
"BID2610","DID7"
"BID1110","DID1317"
"BID1110","DID1695"
"BID1110","DID1866"
"BID384","DID506"
"BID384","DID735"
"BID2318","DID1039"
"BID2318","DID1236"
"BID1981","DID1013"
"BID1981","DID553"
"BID295","DID1045"
"BID295","DID1589"
"BID295","DID65"
"BID2435","DID1229"
"BID2435","DID1374"
"BID2435","DID261"
"BID2920","DID1692"
"BID2920","DID607"
"BID2380","DID1691"
"BID2380","DID254"
"BID2380","DID35"
"BID2586","DID1247"
"BID2586","DID1988"
"BID2919","DID125"
"BID2919","DID735"
"BID1438","DID1385"
"BID1438","DID1807"
"BID1438","DID86"
"BID1620","DID1468"
"BID1620","DID266"
"BID1620","DID522"
"BID1216","DID1052"
"BID1216","DID1067"
"BID1216","DID1727"
"BID2084","DID1138"
"BID2084","DID1591"
"BID2084","DID1952"
"BID2464","DID1308"
"BID2464","DID280"
"BID1246","DID1292"
"BID1246","DID1620"
"BID1246","DID357"
"BID2673","DID1471"
"BID2673","DID1776"
"BID2673","DID424"
"BID2673","DID78"
"BID2740","DID1238"
"BID2740","DID1410"
"BID2740","DID716"
"BID2368","DID1442"
"BID2368","DID1462"
"BID2368","DID300"
"BID2368","DID442"
"BID2954","DID1078"
"BID2954","DID1399"
"BID2954","DID372"
"BID640","DID1359"
"BID640","DID25"
"BID2776","DID1506"
"BID2776","DID1569"
"BID2776","DID31"
"BID2776","DID393"
"BID1372","DID1086"
"BID1372","DID181"
"BID1372","DID495"
"BID1372","DID951"
"BID539","DID1005"
"BID539","DID1160"
"BID2780","DID1052"
"BID2780","DID1619"
"BID2780","DID76"
"BID2780","DID953"
"BID1494","DID1149"
"BID1494","DID1812"
"BID647","DID1000"
"BID647","DID462"
"BID647","DID877"
"BID546","DID1135"
"BID546","DID8"
"BID1694","DID1372"
"BID1694","DID164"
"BID1694","DID1704"
"BID295","DID1463"
"BID295","DID492"
"BID295","DID704"
"BID771","DID1110"
"BID771","DID1287"
"BID771","DID139"
"BID2723","DID1020"
"BID2723","DID180"
"BID1440","DID294"
"BID1440","DID642"
"BID2405","DID1525"
"BID2405","DID743"
"BID1951","DID1233"
"BID1951","DID1446"
"BID1951","DID968"
"BID2074","DID1298"
"BID2074","DID25"
"BID2074","DID730"
"BID1241","DID1944"
"BID1241","DID33"
"BID1241","DID800"
"BID2743","DID1888"
"BID2743","DID351"
"BID2743","DID925"
"BID2809","DID147"
"BID2809","DID52"
"BID748","DID1005"
"BID748","DID1231"
"BID748","DID467"
"BID1236","DID1658"
"BID1236","DID1769"
"BID1236","DID1896"
"BID1236","DID1956"
"BID2433","DID1283"
"BID2433","DID1603"
"BID2433","DID1668"
"BID2433","DID41"
"BID2013","DID1244"
"BID2013","DID1573"
"BID2013","DID524"
"BID2013","DID546"
"BID462","DID1192"
"BID462","DID746"
"BID1200","DID283"
"BID1200","DID299"
"BID1568","DID1397"
"BID1568","DID1655"
"BID1916","DID1586"
"BID1916","DID398"
"BID1887","DID1240"
"BID1887","DID379"
"BID1887","DID601"
"BID1790","DID1340"
"BID1790","DID1469"
"BID1790","DID1864"
"BID2912","DID1534"
"BID2912","DID1955"
"BID2912","DID1976"
"BID2912","DID919"
"BID2885","DID1371"
"BID2885","DID614"
"BID2132","DID1091"
"BID2132","DID25"
"BID2132","DID436"
"BID2622","DID1574"
"BID2622","DID694"
"BID2575","DID458"
"BID2575","DID835"
"BID1079","DID1180"
"BID1079","DID1443"
"BID1079","DID251"
"BID2555","DID1007"
"BID2555","DID1901"
"BID2555","DID694"
"BID2555","DID888"
"BID1300","DID1242"
"BID1300","DID730"
"BID815","DID1110"
"BID815","DID332"
"BID1758","DID226"
"BID1758","DID250"
"BID917","DID12"
"BID917","DID1285"
"BID917","DID1532"
"BID917","DID259"
"BID2989","DID1422"
"BID2989","DID229"
"BID2989","DID375"
"BID553","DID177"
"BID553","DID1916"
"BID3","DID1245"
"BID3","DID1387"
"BID3","DID1935"
"BID2291","DID118"
"BID2291","DID18"
"BID2291","DID1896"
"BID2291","DID48"
"BID2788","DID186"
"BID2788","DID194"
"BID2788","DID992"
"BID2788","DID999"
"BID1697","DID1326"
"BID1697","DID1839"
"BID1697","DID680"
"BID1697","DID866"
"BID562","DID1330"
"BID562","DID160"
"BID2851","DID1225"
"BID2851","DID1531"
"BID2070","DID1165"
"BID2070","DID1451"
"BID2070","DID1693"
"BID2070","DID991"
"BID128","DID1507"
"BID128","DID990"
"BID653","DID1000"
"BID653","DID1832"
"BID2980","DID1353"
"BID2980","DID328"
"BID2980","DID465"
"BID2980","DID589"
"BID2966","DID498"
"BID2966","DID852"
"BID1029","DID1544"
"BID1029","DID914"
"BID687","DID101"
"BID687","DID1062"
"BID687","DID1657"
"BID687","DID671"
"BID2442","DID1522"
"BID2442","DID1697"
"BID2442","DID486"
"BID2442","DID508"
"BID2162","DID470"
"BID2162","DID730"
"BID365","DID1080"
"BID365","DID1757"
"BID365","DID200"
"BID365","DID66"
"BID2311","DID203"
"BID2311","DID894"
"BID1114","DID400"
"BID1114","DID543"
"BID1114","DID756"
"BID1114","DID859"
"BID270","DID1262"
"BID270","DID978"
"BID2641","DID1778"
"BID2641","DID184"
"BID2641","DID909"
"BID1947","DID1144"
"BID1947","DID132"
"BID1947","DID1543"
"BID1947","DID702"
"BID444","DID1262"
"BID444","DID1556"
"BID444","DID1884"
"BID444","DID649"
"BID1994","DID1019"
"BID1994","DID646"
"BID1994","DID913"
"BID55","DID1328"
"BID55","DID1962"
"BID852","DID1144"
"BID852","DID138"
"BID852","DID1916"
"BID1316","DID1569"
"BID1316","DID1829"
"BID1316","DID243"
"BID1316","DID830"
"BID1912","DID1511"
"BID1912","DID1713"
"BID1912","DID1907"
"BID1387","DID594"
"BID1387","DID821"
"BID25","DID110"
"BID25","DID1636"
"BID25","DID665"
"BID1742","DID1064"
"BID1742","DID139"
"BID1742","DID1806"
"BID993","DID1218"
"BID993","DID680"
"BID1810","DID1101"
"BID1810","DID1306"
"BID1810","DID15"
"BID1810","DID416"
"BID2275","DID1439"
"BID2275","DID245"
"BID2275","DID546"
"BID1968","DID1114"
"BID1968","DID1223"
"BID1968","DID732"
"BID1968","DID87"
"BID1400","DID1718"
"BID1400","DID35"
"BID432","DID1369"
"BID432","DID1925"
"BID432","DID272"
"BID1079","DID133"
"BID1079","DID791"
"BID1079","DID908"
"BID853","DID1304"
"BID853","DID1361"
"BID853","DID540"
"BID853","DID791"
"BID2698","DID162"
"BID2698","DID23"
"BID2698","DID270"
"BID1023","DID106"
"BID1023","DID1102"
"BID1023","DID871"
"BID1023","DID944"
"BID1458","DID1128"
"BID1458","DID1383"
"BID1458","DID1780"
"BID1458","DID357"
"BID76","DID1588"
"BID76","DID1786"
"BID76","DID1860"
"BID76","DID371"
"BID559","DID774"
"BID559","DID865"
"BID559","DID923"
"BID559","DID984"
"BID2229","DID1875"
"BID2229","DID283"
"BID1598","DID1080"
"BID1598","DID640"
"BID1598","DID826"
"BID1598","DID958"
"BID2643","DID752"
"BID2643","DID807"
"BID2643","DID980"
"BID2229","DID347"
"BID2229","DID519"
"BID2229","DID696"
"BID2229","DID746"
"BID396","DID1350"
"BID396","DID545"
"BID396","DID777"
"BID626","DID1025"
"BID626","DID1887"
"BID626","DID929"
"BID24","DID1554"
"BID24","DID258"
"BID24","DID697"
"BID2874","DID1301"
"BID2874","DID235"
"BID1159","DID1309"
"BID1159","DID1546"
"BID1159","DID247"
"BID1189","DID1669"
"BID1189","DID31"
"BID2489","DID1164"
"BID2489","DID1334"
"BID2489","DID19"
"BID2489","DID916"
"BID1667","DID1182"
"BID1667","DID942"
"BID397","DID1469"
"BID397","DID193"
"BID2738","DID1250"
"BID2738","DID1343"
"BID2738","DID625"
"BID2738","DID867"
"BID831","DID1037"
"BID831","DID1170"
"BID831","DID514"
"BID831","DID527"
"BID969","DID1722"
"BID969","DID179"
"BID969","DID57"
"BID926","DID1707"
"BID926","DID176"
"BID926","DID1834"
"BID926","DID685"
"BID767","DID1043"
"BID767","DID1516"
"BID767","DID1912"
"BID767","DID795"
"BID1518","DID1358"
"BID1518","DID574"
"BID1518","DID84"
"BID1518","DID845"
"BID1870","DID147"
"BID1870","DID1683"
"BID1870","DID1870"
"BID1870","DID393"
"BID2268","DID1202"
"BID2268","DID1516"
"BID2268","DID674"
"BID932","DID151"
"BID932","DID1551"
"BID932","DID641"
"BID1562","DID1785"
"BID1562","DID229"
"BID1247","DID1498"
"BID1247","DID262"
"BID1247","DID357"
"BID1247","DID716"
"BID359","DID1144"
"BID359","DID1271"
"BID716","DID485"
"BID716","DID744"
"BID716","DID905"
"BID2708","DID818"
"BID2708","DID872"
"BID248","DID1417"
"BID248","DID166"
"BID248","DID1894"
"BID243","DID133"
"BID243","DID1884"
"BID243","DID2000"
"BID243","DID664"
"BID2215","DID1581"
"BID2215","DID1999"
"BID2215","DID439"
"BID2276","DID1308"
"BID2276","DID1410"
"BID2276","DID281"
"BID912","DID541"
"BID912","DID588"
"BID2033","DID1046"
"BID2033","DID1952"
"BID2033","DID451"
"BID1546","DID1847"
"BID1546","DID185"
"BID1546","DID326"
"BID1546","DID714"
"BID1664","DID1853"
"BID1664","DID1887"
"BID1664","DID31"
"BID1664","DID681"
"BID1712","DID1288"
"BID1712","DID1625"
"BID1712","DID286"
"BID1712","DID701"
"BID815","DID1403"
"BID815","DID305"
"BID815","DID452"
"BID2337","DID1445"
"BID2337","DID1647"
"BID316","DID1333"
"BID316","DID1794"
"BID316","DID1839"
"BID316","DID1900"
"BID1838","DID1336"
"BID1838","DID450"
"BID264","DID527"
"BID264","DID647"
"BID2053","DID461"
"BID2053","DID747"
"BID1322","DID233"
"BID1322","DID755"
"BID1322","DID835"
"BID1155","DID1386"
"BID1155","DID151"
"BID1155","DID1557"
"BID2999","DID117"
"BID2999","DID1181"
"BID2999","DID515"
"BID1663","DID431"
"BID1663","DID798"
"BID2691","DID1173"
"BID2691","DID1954"
"BID2691","DID1985"
"BID1367","DID1063"
"BID1367","DID219"
"BID1367","DID784"
"BID1018","DID1287"
"BID1018","DID1317"
"BID1018","DID147"
"BID1018","DID1909"
"BID2638","DID1331"
"BID2638","DID393"
"BID2638","DID919"
"BID2187","DID1310"
"BID2187","DID1587"
"BID1680","DID1170"
"BID1680","DID1621"
"BID1680","DID1624"
"BID1680","DID1870"
"BID2075","DID24"
"BID2075","DID365"
"BID1348","DID193"
"BID1348","DID311"
"BID1348","DID586"
"BID1348","DID941"
"BID327","DID1068"
"BID327","DID1985"
"BID327","DID336"
"BID327","DID828"
"BID2356","DID1230"
"BID2356","DID362"
"BID2402","DID1301"
"BID2402","DID1823"
"BID2128","DID289"
"BID2128","DID59"
"BID2128","DID725"
"BID2128","DID929"
"BID2638","DID1120"
"BID2638","DID1340"
"BID2638","DID1932"
"BID2618","DID1170"
"BID2618","DID196"
"BID2618","DID453"
"BID212","DID1016"
"BID212","DID1211"
"BID212","DID1270"
"BID212","DID859"
"BID2207","DID110"
"BID2207","DID1101"
"BID203","DID140"
"BID203","DID1592"
"BID203","DID1779"
"BID1295","DID1425"
"BID1295","DID1932"
"BID1295","DID317"
"BID1300","DID1092"
"BID1300","DID1110"
"BID1300","DID1538"
"BID1300","DID1810"
"BID952","DID1741"
"BID952","DID1829"
"BID952","DID1898"
"BID952","DID44"
"BID1388","DID1983"
"BID1388","DID927"
"BID2446","DID1621"
"BID2446","DID338"
"BID2446","DID349"
"BID2446","DID860"
"BID1404","DID1584"
"BID1404","DID284"
"BID1092","DID172"
"BID1092","DID275"
"BID1092","DID729"
"BID1092","DID765"
"BID421","DID1466"
"BID421","DID654"
"BID125","DID1221"
"BID125","DID1271"
"BID125","DID1418"
"BID2590","DID150"
"BID2590","DID519"
"BID2590","DID849"
"BID1042","DID1010"
"BID1042","DID1246"
"BID1042","DID348"
"BID1042","DID91"
"BID1832","DID1373"
"BID1832","DID1771"
"BID1832","DID644"
"BID1832","DID720"
"BID1409","DID1528"
"BID1409","DID1932"
"BID1409","DID5"
"BID1409","DID885"
"BID363","DID78"
"BID363","DID801"
"BID667","DID1130"
"BID667","DID528"
"BID667","DID95"
"BID527","DID1491"
"BID527","DID420"
"BID467","DID1001"
"BID467","DID1430"
"BID467","DID1546"
"BID467","DID796"
"BID436","DID1499"
"BID436","DID432"
"BID436","DID803"
"BID436","DID987"
"BID2431","DID1275"
"BID2431","DID1334"
"BID2431","DID254"
"BID1297","DID1603"
"BID1297","DID1763"
"BID735","DID126"
"BID735","DID966"
"BID597","DID1166"
"BID597","DID1183"
"BID597","DID1774"
"BID597","DID446"
"BID1791","DID1126"
"BID1791","DID1935"
"BID1791","DID281"
"BID337","DID177"
"BID337","DID310"
"BID337","DID362"
"BID337","DID543"
"BID1251","DID1040"
"BID1251","DID1223"
"BID1251","DID1832"
"BID1251","DID299"
"BID1350","DID367"
"BID1350","DID927"
"BID2848","DID1764"
"BID2848","DID25"
"BID2848","DID290"
"BID2848","DID530"
"BID354","DID1640"
"BID354","DID421"
"BID354","DID566"
"BID1720","DID286"
"BID1720","DID836"
"BID533","DID1319"
"BID533","DID1773"
"BID533","DID1986"
"BID2178","DID1251"
"BID2178","DID1786"
"BID2178","DID516"
"BID2178","DID572"
"BID2340","DID1504"
"BID2340","DID1693"
"BID2340","DID421"
"BID2340","DID698"
"BID1522","DID1382"
"BID1522","DID1943"
"BID1522","DID476"
"BID417","DID1829"
"BID417","DID655"
"BID1439","DID1029"
"BID1439","DID1749"
"BID1439","DID210"
"BID2336","DID164"
"BID2336","DID1719"
"BID2336","DID1859"
"BID2336","DID675"
"BID2944","DID1546"
"BID2944","DID194"
"BID2944","DID46"
"BID2944","DID901"
"BID2357","DID1253"
"BID2357","DID550"
"BID1365","DID1148"
"BID1365","DID1810"
"BID1365","DID489"
"BID1960","DID1059"
"BID1960","DID1319"
"BID1960","DID1457"
"BID1960","DID1530"
"BID393","DID1192"
"BID393","DID1319"
"BID393","DID797"
"BID2478","DID1149"
"BID2478","DID1174"
"BID2478","DID197"
"BID2478","DID736"
"BID1453","DID1299"
"BID1453","DID1655"
"BID1453","DID42"
"BID1453","DID801"
"BID434","DID1583"
"BID434","DID317"
"BID434","DID674"
"BID434","DID822"
"BID2377","DID142"
"BID2377","DID475"
"BID2377","DID838"
"BID2377","DID90"
"BID2159","DID105"
"BID2159","DID1200"
"BID2159","DID13"
"BID2159","DID1349"
"BID617","DID1162"
"BID617","DID1268"
"BID617","DID191"
"BID617","DID935"
"BID2362","DID134"
"BID2362","DID14"
"BID2362","DID59"
"BID1693","DID134"
"BID1693","DID622"
"BID2767","DID1076"
"BID2767","DID1871"
"BID2767","DID652"
"BID2767","DID911"
"BID2650","DID1883"
"BID2650","DID1979"
"BID2650","DID316"
"BID64","DID310"
"BID64","DID988"
"BID1604","DID1043"
"BID1604","DID1267"
"BID1604","DID1567"
"BID1604","DID1959"
"BID1688","DID115"
"BID1688","DID1714"
"BID1688","DID223"
"BID1135","DID1477"
"BID1135","DID699"
"BID615","DID514"
"BID615","DID535"
"BID615","DID609"
"BID615","DID925"
"BID2860","DID1649"
"BID2860","DID1695"
"BID1580","DID1430"
"BID1580","DID81"
"BID2097","DID1560"
"BID2097","DID1679"
"BID2097","DID211"
"BID2113","DID1032"
"BID2113","DID652"
"BID2113","DID696"
"BID2113","DID903"
"BID2253","DID168"
"BID2253","DID172"
"BID2253","DID212"
"BID2004","DID1042"
"BID2004","DID352"
"BID24","DID1431"
"BID24","DID1800"
"BID430","DID136"
"BID430","DID1487"
"BID430","DID571"
"BID1197","DID1783"
"BID1197","DID491"
"BID1197","DID673"
"BID868","DID117"
"BID868","DID154"
"BID868","DID589"
"BID868","DID741"
"BID2045","DID1534"
"BID2045","DID573"
"BID46","DID1083"
"BID46","DID1796"
"BID46","DID85"
"BID46","DID95"
"BID986","DID1522"
"BID986","DID1965"
"BID2055","DID1133"
"BID2055","DID1697"
"BID2055","DID239"
"BID2343","DID440"
"BID2343","DID50"
"BID2343","DID536"
"BID2343","DID757"
"BID87","DID1193"
"BID87","DID1241"
"BID87","DID1784"
"BID87","DID209"
"BID1407","DID112"
"BID1407","DID579"
"BID1620","DID1004"
"BID1620","DID1304"
"BID1620","DID964"
"BID404","DID1110"
"BID404","DID1281"
"BID404","DID1651"
"BID404","DID1662"
"BID18","DID1344"
"BID18","DID1462"
"BID18","DID1486"
"BID18","DID1998"
"BID1229","DID1117"
"BID1229","DID843"
"BID1229","DID950"
"BID714","DID1891"
"BID714","DID1988"
"BID714","DID206"
"BID714","DID443"
"BID1350","DID1091"
"BID1350","DID1218"
"BID204","DID1013"
"BID204","DID1422"
"BID204","DID371"
"BID204","DID487"
"BID2151","DID1377"
"BID2151","DID685"
"BID2151","DID745"
"BID1972","DID180"
"BID1972","DID1825"
"BID1972","DID1948"
"BID2800","DID1017"
"BID2800","DID1902"
"BID2800","DID516"
"BID2800","DID727"
"BID2650","DID1133"
"BID2650","DID1321"
"BID2650","DID600"
"BID2650","DID646"
"BID2244","DID1003"
"BID2244","DID1257"
"BID2244","DID1474"
"BID2244","DID442"
"BID1344","DID1468"
"BID1344","DID1563"
"BID2129","DID1045"
"BID2129","DID1933"
"BID2129","DID598"
"BID2129","DID737"
"BID343","DID1934"
"BID343","DID676"
"BID1364","DID1520"
"BID1364","DID1745"
"BID1364","DID1875"
"BID1364","DID352"
"BID1685","DID1453"
"BID1685","DID928"
"BID1614","DID1307"
"BID1614","DID1324"
"BID1614","DID956"
"BID2222","DID1046"
"BID2222","DID97"
"BID2222","DID98"
"BID1228","DID1317"
"BID1228","DID1400"
"BID1228","DID270"
"BID1228","DID336"
"BID1309","DID1298"
"BID1309","DID1604"
"BID2866","DID1627"
"BID2866","DID275"
"BID2866","DID408"
"BID2967","DID1256"
"BID2967","DID1416"
"BID2967","DID1540"
"BID2967","DID225"
"BID2230","DID268"
"BID2230","DID853"
"BID761","DID1109"
"BID761","DID1290"
"BID761","DID1395"
"BID1519","DID1124"
"BID1519","DID1742"
"BID1519","DID985"
"BID1165","DID1339"
"BID1165","DID1643"
"BID1165","DID1702"
"BID1165","DID1797"
"BID1328","DID1840"
"BID1328","DID1914"
"BID1328","DID603"
"BID1328","DID967"
"BID1695","DID1415"
"BID1695","DID282"
"BID1695","DID822"
"BID660","DID1168"
"BID660","DID1187"
"BID959","DID1957"
"BID959","DID294"
"BID871","DID1353"
"BID871","DID37"
"BID871","DID699"
"BID1842","DID1455"
"BID1842","DID1486"
"BID1842","DID477"
"BID1842","DID560"
"BID455","DID1466"
"BID455","DID1538"
"BID455","DID1921"
"BID455","DID435"
"BID1762","DID1969"
"BID1762","DID667"
"BID1762","DID96"
"BID1378","DID1340"
"BID1378","DID211"
"BID1086","DID1155"
"BID1086","DID1991"
"BID1345","DID1124"
"BID1345","DID1854"
"BID1345","DID3"
"BID1345","DID584"
"BID1001","DID1193"
"BID1001","DID1752"
"BID227","DID1139"
"BID227","DID1931"
"BID227","DID287"
"BID942","DID1344"
"BID942","DID159"
"BID942","DID1712"
"BID2288","DID1552"
"BID2288","DID494"
"BID2288","DID756"
"BID1359","DID1377"
"BID1359","DID139"
"BID543","DID1339"
"BID543","DID1654"
"BID2067","DID1447"
"BID2067","DID894"
"BID2136","DID1223"
"BID2136","DID1341"
"BID2136","DID186"
"BID2136","DID396"
"BID2754","DID310"
"BID2754","DID413"
"BID2754","DID491"
"BID2464","DID1353"
"BID2464","DID1748"
"BID2464","DID852"
"BID822","DID1007"
"BID822","DID1293"
"BID822","DID148"
"BID822","DID1700"
"BID2190","DID1036"
"BID2190","DID134"
"BID2190","DID165"
"BID2190","DID1764"
"BID235","DID1266"
"BID235","DID1878"
"BID235","DID707"
"BID1833","DID1170"
"BID1833","DID1679"
"BID1833","DID670"
"BID1212","DID261"
"BID1212","DID404"
"BID2700","DID1480"
"BID2700","DID1578"
"BID2700","DID593"
"BID548","DID1064"
"BID548","DID135"
"BID548","DID345"
"BID548","DID936"
"BID452","DID1168"
"BID452","DID1446"
"BID452","DID1546"
"BID452","DID75"
"BID1882","DID1877"
"BID1882","DID45"
"BID1882","DID996"
"BID713","DID1086"
"BID713","DID1204"
"BID713","DID1229"
"BID713","DID456"
"BID1528","DID1814"
"BID1528","DID248"
"BID1528","DID886"
"BID2062","DID1378"
"BID2062","DID1704"
"BID1931","DID1549"
"BID1931","DID284"
"BID1041","DID1192"
"BID1041","DID1248"
"BID1041","DID1720"
"BID2945","DID1989"
"BID2945","DID73"
"BID2945","DID984"
"BID385","DID669"
"BID385","DID800"
"BID385","DID834"
"BID385","DID887"
"BID1654","DID1385"
"BID1654","DID500"
"BID56","DID1169"
"BID56","DID1313"
"BID2347","DID1606"
"BID2347","DID384"
"BID2347","DID435"
"BID2696","DID207"
"BID2696","DID271"
"BID2696","DID576"
"BID2696","DID957"
"BID2343","DID1489"
"BID2343","DID1930"
"BID2343","DID642"
"BID2343","DID739"
"BID622","DID1138"
"BID622","DID204"
"BID2933","DID1355"
"BID2933","DID1587"
"BID2933","DID1869"
"BID2933","DID440"
"BID332","DID1607"
"BID332","DID1874"
"BID332","DID351"
"BID428","DID1536"
"BID428","DID909"
"BID2421","DID1220"
"BID2421","DID657"
"BID929","DID1736"
"BID929","DID1844"
"BID42","DID1549"
"BID42","DID1981"
"BID2166","DID221"
"BID2166","DID269"
"BID1382","DID1594"
"BID1382","DID1807"
"BID1382","DID951"
"BID535","DID1153"
"BID535","DID153"
"BID2509","DID1418"
"BID2509","DID1603"
"BID2509","DID169"
"BID2509","DID868"
"BID249","DID1228"
"BID249","DID1962"
"BID249","DID751"
"BID1541","DID175"
"BID1541","DID322"
"BID499","DID35"
"BID499","DID858"
"BID718","DID1021"
"BID718","DID1043"
"BID718","DID213"
"BID718","DID494"
"BID2595","DID1093"
"BID2595","DID752"
"BID2945","DID1228"
"BID2945","DID183"
"BID2945","DID978"
"BID2989","DID1057"
"BID2989","DID1611"
"BID2989","DID1660"
"BID2989","DID1930"
"BID1388","DID139"
"BID1388","DID1517"
"BID1388","DID1559"
"BID1388","DID926"
"BID95","DID238"
"BID95","DID838"
"BID95","DID928"
"BID1555","DID1257"
"BID1555","DID1728"
"BID1555","DID217"
"BID1555","DID705"
"BID395","DID142"
"BID395","DID1952"
"BID1473","DID1049"
"BID1473","DID1101"
"BID1473","DID1636"
"BID1473","DID3"
"BID2189","DID55"
"BID2189","DID762"
"BID1829","DID1098"
"BID1829","DID1473"
"BID1829","DID169"
"BID1829","DID757"
"BID2379","DID1038"
"BID2379","DID1349"
"BID2379","DID367"
"BID2379","DID762"
"BID2906","DID1397"
"BID2906","DID1444"
"BID2906","DID583"
"BID1914","DID1264"
"BID1914","DID627"
"BID1339","DID1924"
"BID1339","DID313"
"BID1339","DID670"
"BID1339","DID676"
"BID1022","DID1146"
"BID1022","DID414"
"BID1406","DID1882"
"BID1406","DID967"
"BID2832","DID172"
"BID2832","DID1853"
"BID2832","DID454"
"BID2392","DID1093"
"BID2392","DID1751"
"BID1304","DID1840"
"BID1304","DID249"
"BID1304","DID296"
"BID1304","DID684"
"BID2507","DID1237"
"BID2507","DID1387"
"BID1495","DID1496"
"BID1495","DID200"
"BID1495","DID648"
"BID2775","DID106"
"BID2775","DID1408"
"BID2775","DID1954"
"BID1438","DID1622"
"BID1438","DID256"
"BID1438","DID84"
"BID1438","DID878"
"BID1780","DID1096"
"BID1780","DID1133"
"BID1780","DID709"
"BID2394","DID1848"
"BID2394","DID35"
"BID2394","DID399"
"BID2394","DID602"
"BID2209","DID1296"
"BID2209","DID1432"
"BID2209","DID984"
"BID1539","DID1043"
"BID1539","DID786"
"BID1175","DID1526"
"BID1175","DID1969"
"BID1175","DID1980"
"BID1175","DID782"
"BID192","DID1023"
"BID192","DID1761"
"BID192","DID497"
"BID192","DID521"
"BID1996","DID1549"
"BID1996","DID1726"
"BID1996","DID181"
"BID1996","DID267"
"BID499","DID1405"
"BID499","DID1434"
"BID499","DID682"
"BID499","DID708"
"BID2403","DID1144"
"BID2403","DID1350"
"BID2403","DID1641"
"BID2403","DID1727"
"BID1540","DID311"
"BID1540","DID330"
"BID1540","DID385"
"BID1540","DID876"
"BID116","DID1180"
"BID116","DID1873"
"BID965","DID588"
"BID965","DID857"
"BID359","DID1532"
"BID359","DID479"
"BID359","DID865"
"BID2854","DID143"
"BID2854","DID212"
"BID1443","DID265"
"BID1443","DID748"
"BID421","DID1489"
"BID421","DID1951"
"BID421","DID206"
"BID360","DID1019"
"BID360","DID809"
"BID989","DID1044"
"BID989","DID1680"
"BID989","DID1733"
"BID989","DID961"
"BID1196","DID1010"
"BID1196","DID350"
"BID1196","DID555"
"BID1196","DID803"
"BID23","DID89"
"BID23","DID925"
"BID488","DID1860"
"BID488","DID755"
"BID1791","DID1301"
"BID1791","DID1444"
"BID1791","DID364"
"BID96","DID1079"
"BID96","DID117"
"BID96","DID155"
"BID1391","DID1538"
"BID1391","DID1758"
"BID585","DID1504"
"BID585","DID1672"
"BID585","DID446"
"BID1102","DID448"
"BID1102","DID877"
"BID1683","DID1198"
"BID1683","DID412"
"BID1683","DID545"
"BID1683","DID939"
"BID312","DID1271"
"BID312","DID1507"
"BID312","DID648"
"BID312","DID806"
"BID609","DID1739"
"BID609","DID805"
"BID1176","DID326"
"BID1176","DID401"
"BID1697","DID106"
"BID1697","DID1292"
"BID1697","DID1350"
"BID1697","DID54"
"BID2385","DID1566"
"BID2385","DID1696"
"BID2385","DID256"
"BID2385","DID408"
"BID1057","DID1073"
"BID1057","DID1083"
"BID1057","DID1592"
"BID1057","DID219"
"BID2456","DID1108"
"BID2456","DID701"
"BID2477","DID1131"
"BID2477","DID1797"
"BID2477","DID529"
"BID2958","DID1016"
"BID2958","DID328"
"BID2958","DID42"
"BID2833","DID1390"
"BID2833","DID155"
"BID2833","DID854"
"BID2679","DID1593"
"BID2679","DID1730"
"BID2679","DID437"
"BID2679","DID82"
"BID2377","DID1862"
"BID2377","DID521"
"BID2377","DID70"
"BID1541","DID317"
"BID1541","DID487"
"BID2413","DID1786"
"BID2413","DID779"
"BID2256","DID1182"
"BID2256","DID1370"
"BID2256","DID1777"
"BID2256","DID866"
"BID2207","DID1026"
"BID2207","DID1471"
"BID2207","DID220"
"BID2207","DID90"
"BID1049","DID1121"
"BID1049","DID1526"
"BID1682","DID1154"
"BID1682","DID1892"
"BID1276","DID1774"
"BID1276","DID77"
"BID2529","DID1478"
"BID2529","DID52"
"BID2951","DID1437"
"BID2951","DID186"
"BID2951","DID888"
"BID1790","DID1502"
"BID1790","DID592"
"BID934","DID1349"
"BID934","DID558"
"BID934","DID855"
"BID934","DID941"
"BID2640","DID1215"
"BID2640","DID441"
"BID2640","DID801"
"BID1183","DID1590"
"BID1183","DID1888"
"BID1183","DID1902"
"BID1183","DID891"
"BID2468","DID1033"
"BID2468","DID1680"
"BID2468","DID1907"
"BID1769","DID1302"
"BID1769","DID1554"
"BID1769","DID195"
"BID1769","DID28"
"BID527","DID1468"
"BID527","DID597"
"BID631","DID1301"
"BID631","DID1309"
"BID631","DID203"
"BID1921","DID1176"
"BID1921","DID1844"
"BID1921","DID682"
"BID2849","DID1464"
"BID2849","DID1921"
"BID2849","DID274"
"BID2849","DID434"
"BID993","DID1802"
"BID993","DID594"
"BID993","DID843"
"BID2262","DID1026"
"BID2262","DID1088"
"BID2262","DID109"
"BID2262","DID1609"
"BID772","DID1882"
"BID772","DID369"
"BID772","DID501"
"BID1686","DID1481"
"BID1686","DID178"
"BID1534","DID1316"
"BID1534","DID539"
"BID1534","DID703"
"BID1725","DID1020"
"BID1725","DID365"
"BID261","DID1289"
"BID261","DID1966"
"BID261","DID308"
"BID1009","DID758"
"BID1009","DID931"
"BID540","DID1090"
"BID540","DID1168"
"BID540","DID1281"
"BID540","DID777"
"BID1934","DID1178"
"BID1934","DID129"
"BID1934","DID356"
"BID2359","DID1240"
"BID2359","DID246"
"BID2359","DID331"
"BID2359","DID777"
"BID2170","DID190"
"BID2170","DID911"
"BID2151","DID1166"
"BID2151","DID1172"
"BID2151","DID144"
"BID2151","DID1882"
"BID625","DID1311"
"BID625","DID1668"
"BID625","DID602"
"BID625","DID798"
"BID1084","DID219"
"BID1084","DID45"
"BID2355","DID1214"
"BID2355","DID1916"
"BID2611","DID1195"
"BID2611","DID1410"
"BID2611","DID348"
"BID2608","DID1435"
"BID2608","DID1838"
"BID2608","DID566"
"BID2608","DID9"
"BID82","DID1641"
"BID82","DID1947"
"BID1956","DID210"
"BID1956","DID610"
"BID1437","DID1905"
"BID1437","DID662"
"BID1027","DID1383"
"BID1027","DID905"
"BID1027","DID91"
"BID2289","DID1769"
"BID2289","DID1867"
"BID2289","DID311"
"BID2289","DID449"
"BID627","DID1035"
"BID627","DID1226"
"BID72","DID1238"
"BID72","DID668"
"BID631","DID1061"
"BID631","DID1475"
"BID631","DID686"
"BID631","DID716"
"BID550","DID271"
"BID550","DID802"
"BID2101","DID423"
"BID2101","DID880"
"BID827","DID1122"
"BID827","DID1401"
"BID827","DID956"
"BID2017","DID1104"
"BID2017","DID1234"
"BID2017","DID1313"
"BID916","DID1873"
"BID916","DID312"
"BID1378","DID377"
"BID1378","DID405"
"BID1378","DID591"
"BID1300","DID1483"
"BID1300","DID1689"
"BID1300","DID1844"
"BID1300","DID1855"
"BID2488","DID1817"
"BID2488","DID684"
"BID2177","DID1467"
"BID2177","DID1484"
"BID2177","DID393"
"BID1295","DID1099"
"BID1295","DID1312"
"BID1295","DID14"
"BID2829","DID521"
"BID2829","DID575"
