CID,CAUTHOR
CID1,Jane
CID2,Jane
CID3,Caleb
CID4,Alex
CID5,Jane
CID6,Jane
CID7,Caleb
CID8,Alex
CID9,Jane
CID10,Jane
CID11,Caleb
CID12,Alex
CID13,Jane
CID14,Jane
CID15,Caleb
CID16,Alex
CID17,Jane
CID18,Jane
CID19,Caleb
CID20,Alex
CID21,Jane
CID22,Jane
CID23,Caleb
CID24,Alex
CID25,Jane
CID26,Jane
CID27,Caleb
CID28,Alex
CID29,Jane
CID30,Jane
CID31,Caleb
CID32,Alex
CID33,Jane
CID34,Jane
CID35,Caleb
CID36,Alex
CID37,Jane
CID38,Jane
CID39,Caleb
CID40,Alex
CID41,Jane
CID42,Jane
CID43,Caleb
CID44,Alex
CID45,Jane
CID46,Jane
CID47,Caleb
CID48,Alex
CID49,Jane
CID50,Jane
CID51,Caleb
CID52,Alex
CID53,Jane
CID54,Jane
CID55,Caleb
CID56,Alex
CID57,Jane
CID58,Jane
CID59,Caleb
CID60,Alex
CID61,Jane
CID62,Jane
CID63,Caleb
CID64,Alex
CID65,Jane
CID66,Jane
CID67,Caleb
CID68,Alex
CID69,Jane
CID70,Jane
CID71,Caleb
CID72,Alex
CID73,Jane
CID74,Jane
CID75,Caleb
CID76,Alex
CID77,Jane
CID78,Jane
CID79,Caleb
CID80,Alex
CID81,Jane
CID82,Jane
CID83,Caleb
CID84,Alex
CID85,Jane
CID86,Jane
CID87,Caleb
CID88,Alex
CID89,Jane
CID90,Jane
CID91,Caleb
CID92,Alex
CID93,Jane
CID94,Jane
CID95,Caleb
CID96,Alex
CID97,Jane
CID98,Jane
CID99,Caleb
CID100,Alex
CID101,Jane
CID102,Jane
CID103,Caleb
CID104,Alex
CID105,Jane
CID106,Jane
CID107,Caleb
CID108,Alex
CID109,Jane
CID110,Jane
CID111,Caleb
CID112,Alex
CID113,Jane
CID114,Jane
CID115,Caleb
CID116,Alex
CID117,Jane
CID118,Jane
CID119,Caleb
CID120,Alex
CID121,Jane
CID122,Jane
CID123,Caleb
CID124,Alex
CID125,Jane
CID126,Jane
CID127,Caleb
CID128,Alex
CID129,Jane
CID130,Jane
CID131,Caleb
CID132,Alex
CID133,Jane
CID134,Jane
CID135,Caleb
CID136,Alex
CID137,Jane
CID138,Jane
CID139,Caleb
CID140,Alex
CID141,Jane
CID142,Jane
CID143,Caleb
CID144,Alex
CID145,Jane
CID146,Jane
CID147,Caleb
CID148,Alex
CID149,Jane
CID150,Jane
CID151,Caleb
CID152,Alex
CID153,Jane
CID154,Jane
CID155,Caleb
CID156,Alex
CID157,Jane
CID158,Jane
CID159,Caleb
CID160,Alex
CID161,Jane
CID162,Jane
CID163,Caleb
CID164,Alex
CID165,Jane
CID166,Jane
CID167,Caleb
CID168,Alex
CID169,Jane
CID170,Jane
CID171,Caleb
CID172,Alex
CID173,Jane
CID174,Jane
CID175,Caleb
CID176,Alex
CID177,Jane
CID178,Jane
CID179,Caleb
CID180,Alex
CID181,Jane
CID182,Jane
CID183,Caleb
CID184,Alex
CID185,Jane
CID186,Jane
CID187,Caleb
CID188,Alex
CID189,Jane
CID190,Jane
CID191,Caleb
CID192,Alex
CID193,Jane
CID194,Jane
CID195,Caleb
CID196,Alex
CID197,Jane
CID198,Jane
CID199,Caleb
CID200,Alex
CID201,Jane
CID202,Jane
CID203,Caleb
CID204,Alex
CID205,Jane
CID206,Jane
CID207,Caleb
CID208,Alex
CID209,Jane
CID210,Jane
CID211,Caleb
CID212,Alex
CID213,Jane
CID214,Jane
CID215,Caleb
CID216,Alex
CID217,Jane
CID218,Jane
CID219,Caleb
CID220,Alex
CID221,Jane
CID222,Jane
CID223,Caleb
CID224,Alex
CID225,Jane
CID226,Jane
CID227,Caleb
CID228,Alex
CID229,Jane
CID230,Jane
CID231,Caleb
CID232,Alex
CID233,Jane
CID234,Jane
CID235,Caleb
CID236,Alex
CID237,Jane
CID238,Jane
CID239,Caleb
CID240,Alex
CID241,Jane
CID242,Jane
CID243,Caleb
CID244,Alex
CID245,Jane
CID246,Jane
CID247,Caleb
CID248,Alex
CID249,Jane
CID250,Jane
CID251,Caleb
CID252,Alex
CID253,Jane
CID254,Jane
CID255,Caleb
CID256,Alex
CID257,Jane
CID258,Jane
CID259,Caleb
CID260,Alex
CID261,Jane
CID262,Jane
CID263,Caleb
CID264,Alex
CID265,Jane
CID266,Jane
CID267,Caleb
CID268,Alex
CID269,Jane
CID270,Jane
CID271,Caleb
CID272,Alex
CID273,Jane
CID274,Jane
CID275,Caleb
CID276,Alex
CID277,Jane
CID278,Jane
CID279,Caleb
CID280,Alex
CID281,Jane
CID282,Jane
CID283,Caleb
CID284,Alex
CID285,Jane
CID286,Jane
CID287,Caleb
CID288,Alex
CID289,Jane
CID290,Jane
CID291,Caleb
CID292,Alex
CID293,Jane
CID294,Jane
CID295,Caleb
CID296,Alex
CID297,Jane
CID298,Jane
CID299,Caleb
CID300,Alex
CID301,Jane
CID302,Jane
CID303,Caleb
CID304,Alex
CID305,Jane
CID306,Jane
CID307,Caleb
CID308,Alex
CID309,Jane
CID310,Jane
CID311,Caleb
CID312,Alex
CID313,Jane
CID314,Jane
CID315,Caleb
CID316,Alex
CID317,Jane
CID318,Jane
CID319,Caleb
CID320,Alex
CID321,Jane
CID322,Jane
CID323,Caleb
CID324,Alex
CID325,Jane
CID326,Jane
CID327,Caleb
CID328,Alex
CID329,Jane
CID330,Jane
CID331,Caleb
CID332,Alex
CID333,Jane
CID334,Jane
CID335,Caleb
CID336,Alex
CID337,Jane
CID338,Jane
CID339,Caleb
CID340,Alex
CID341,Jane
CID342,Jane
CID343,Caleb
CID344,Alex
CID345,Jane
CID346,Jane
CID347,Caleb
CID348,Alex
CID349,Jane
CID350,Jane
CID351,Caleb
CID352,Alex
CID353,Jane
CID354,Jane
CID355,Caleb
CID356,Alex
CID357,Jane
CID358,Jane
CID359,Caleb
CID360,Alex
CID361,Jane
CID362,Jane
CID363,Caleb
CID364,Alex
CID365,Jane
CID366,Jane
CID367,Caleb
CID368,Alex
CID369,Jane
CID370,Jane
CID371,Caleb
CID372,Alex
CID373,Jane
CID374,Jane
CID375,Caleb
CID376,Alex
CID377,Jane
CID378,Jane
CID379,Caleb
CID380,Alex
CID381,Jane
CID382,Jane
CID383,Caleb
CID384,Alex
CID385,Jane
CID386,Jane
CID387,Caleb
CID388,Alex
CID389,Jane
CID390,Jane
CID391,Caleb
CID392,Alex
CID393,Jane
CID394,Jane
CID395,Caleb
CID396,Alex
CID397,Jane
CID398,Jane
CID399,Caleb
CID400,Alex
CID401,Jane
CID402,Jane
CID403,Caleb
CID404,Alex
CID405,Jane
CID406,Jane
CID407,Caleb
CID408,Alex
CID409,Jane
CID410,Jane
CID411,Caleb
CID412,Alex
CID413,Jane
CID414,Jane
CID415,Caleb
CID416,Alex
CID417,Jane
CID418,Jane
CID419,Caleb
CID420,Alex
CID421,Jane
CID422,Jane
CID423,Caleb
CID424,Alex
CID425,Jane
CID426,Jane
CID427,Caleb
CID428,Alex
CID429,Jane
CID430,Jane
CID431,Caleb
CID432,Alex
CID433,Jane
CID434,Jane
CID435,Caleb
CID436,Alex
CID437,Jane
CID438,Jane
CID439,Caleb
CID440,Alex
CID441,Jane
CID442,Jane
CID443,Caleb
CID444,Alex
CID445,Jane
CID446,Jane
CID447,Caleb
CID448,Alex
CID449,Jane
CID450,Jane
CID451,Caleb
CID452,Alex
CID453,Jane
CID454,Jane
CID455,Caleb
CID456,Alex
CID457,Jane
CID458,Jane
CID459,Caleb
CID460,Alex
CID461,Jane
CID462,Jane
CID463,Caleb
CID464,Alex
CID465,Jane
CID466,Jane
CID467,Caleb
CID468,Alex
CID469,Jane
CID470,Jane
CID471,Caleb
CID472,Alex
CID473,Jane
CID474,Jane
CID475,Caleb
CID476,Alex
CID477,Jane
CID478,Jane
CID479,Caleb
CID480,Alex
CID481,Jane
CID482,Jane
CID483,Caleb
CID484,Alex
CID485,Jane
CID486,Jane
CID487,Caleb
CID488,Alex
CID489,Jane
CID490,Jane
CID491,Caleb
CID492,Alex
CID493,Jane
CID494,Jane
CID495,Caleb
CID496,Alex
CID497,Jane
CID498,Jane
CID499,Caleb
CID500,Alex
CID501,Jane
CID502,Jane
CID503,Caleb
CID504,Alex
CID505,Jane
CID506,Jane
CID507,Caleb
CID508,Alex
CID509,Jane
CID510,Jane
CID511,Caleb
CID512,Alex
CID513,Jane
CID514,Jane
CID515,Caleb
CID516,Alex
CID517,Jane
CID518,Jane
CID519,Caleb
CID520,Alex
CID521,Jane
CID522,Jane
CID523,Caleb
CID524,Alex
CID525,Jane
CID526,Jane
CID527,Caleb
CID528,Alex
CID529,Jane
CID530,Jane
CID531,Caleb
CID532,Alex
CID533,Jane
CID534,Jane
CID535,Caleb
CID536,Alex
CID537,Jane
CID538,Jane
CID539,Caleb
CID540,Alex
CID541,Jane
CID542,Jane
CID543,Caleb
CID544,Alex
CID545,Jane
CID546,Jane
CID547,Caleb
CID548,Alex
CID549,Jane
CID550,Jane
CID551,Caleb
CID552,Alex
CID553,Jane
CID554,Jane
CID555,Caleb
CID556,Alex
CID557,Jane
CID558,Jane
CID559,Caleb
CID560,Alex
CID561,Jane
CID562,Jane
CID563,Caleb
CID564,Alex
CID565,Jane
CID566,Jane
CID567,Caleb
CID568,Alex
CID569,Jane
CID570,Jane
CID571,Caleb
CID572,Alex
CID573,Jane
CID574,Jane
CID575,Caleb
CID576,Alex
CID577,Jane
CID578,Jane
CID579,Caleb
CID580,Alex
CID581,Jane
CID582,Jane
CID583,Caleb
CID584,Alex
CID585,Jane
CID586,Jane
CID587,Caleb
CID588,Alex
CID589,Jane
CID590,Jane
CID591,Caleb
CID592,Alex
CID593,Jane
CID594,Jane
CID595,Caleb
CID596,Alex
CID597,Jane
CID598,Jane
CID599,Caleb
CID600,Alex
CID601,Jane
CID602,Jane
CID603,Caleb
CID604,Alex
CID605,Jane
CID606,Jane
CID607,Caleb
CID608,Alex
CID609,Jane
CID610,Jane
CID611,Caleb
CID612,Alex
CID613,Jane
CID614,Jane
CID615,Caleb
CID616,Alex
CID617,Jane
CID618,Jane
CID619,Caleb
CID620,Alex
CID621,Jane
CID622,Jane
CID623,Caleb
CID624,Alex
CID625,Jane
CID626,Jane
CID627,Caleb
CID628,Alex
CID629,Jane
CID630,Jane
CID631,Caleb
CID632,Alex
CID633,Jane
CID634,Jane
CID635,Caleb
CID636,Alex
CID637,Jane
CID638,Jane
CID639,Caleb
CID640,Alex
CID641,Jane
CID642,Jane
CID643,Caleb
CID644,Alex
CID645,Jane
CID646,Jane
CID647,Caleb
CID648,Alex
CID649,Jane
CID650,Jane
CID651,Caleb
CID652,Alex
CID653,Jane
CID654,Jane
CID655,Caleb
CID656,Alex
CID657,Jane
CID658,Jane
CID659,Caleb
CID660,Alex
CID661,Jane
CID662,Jane
CID663,Caleb
CID664,Alex
CID665,Jane
CID666,Jane
CID667,Caleb
CID668,Alex
CID669,Jane
CID670,Jane
CID671,Caleb
CID672,Alex
CID673,Jane
CID674,Jane
CID675,Caleb
CID676,Alex
CID677,Jane
CID678,Jane
CID679,Caleb
CID680,Alex
CID681,Jane
CID682,Jane
CID683,Caleb
CID684,Alex
CID685,Jane
CID686,Jane
CID687,Caleb
CID688,Alex
CID689,Jane
CID690,Jane
CID691,Caleb
CID692,Alex
CID693,Jane
CID694,Jane
CID695,Caleb
CID696,Alex
CID697,Jane
CID698,Jane
CID699,Caleb
CID700,Alex
CID701,Jane
CID702,Jane
CID703,Caleb
CID704,Alex
CID705,Jane
CID706,Jane
CID707,Caleb
CID708,Alex
CID709,Jane
CID710,Jane
CID711,Caleb
CID712,Alex
CID713,Jane
CID714,Jane
CID715,Caleb
CID716,Alex
CID717,Jane
CID718,Jane
CID719,Caleb
CID720,Alex
CID721,Jane
CID722,Jane
CID723,Caleb
CID724,Alex
CID725,Jane
CID726,Jane
CID727,Caleb
CID728,Alex
CID729,Jane
CID730,Jane
CID731,Caleb
CID732,Alex
CID733,Jane
CID734,Jane
CID735,Caleb
CID736,Alex
CID737,Jane
CID738,Jane
CID739,Caleb
CID740,Alex
CID741,Jane
CID742,Jane
CID743,Caleb
CID744,Alex
CID745,Jane
CID746,Jane
CID747,Caleb
CID748,Alex
CID749,Jane
CID750,Jane
CID751,Caleb
CID752,Alex
CID753,Jane
CID754,Jane
CID755,Caleb
CID756,Alex
CID757,Jane
CID758,Jane
CID759,Caleb
CID760,Alex
CID761,Jane
CID762,Jane
CID763,Caleb
CID764,Alex
CID765,Jane
CID766,Jane
CID767,Caleb
CID768,Alex
CID769,Jane
CID770,Jane
CID771,Caleb
CID772,Alex
CID773,Jane
CID774,Jane
CID775,Caleb
CID776,Alex
CID777,Jane
CID778,Jane
CID779,Caleb
CID780,Alex
CID781,Jane
CID782,Jane
CID783,Caleb
CID784,Alex
CID785,Jane
CID786,Jane
CID787,Caleb
CID788,Alex
CID789,Jane
CID790,Jane
CID791,Caleb
CID792,Alex
CID793,Jane
CID794,Jane
CID795,Caleb
CID796,Alex
CID797,Jane
CID798,Jane
CID799,Caleb
CID800,Alex
CID801,Jane
CID802,Jane
CID803,Caleb
CID804,Alex
CID805,Jane
CID806,Jane
CID807,Caleb
CID808,Alex
CID809,Jane
CID810,Jane
CID811,Caleb
CID812,Alex
CID813,Jane
CID814,Jane
CID815,Caleb
CID816,Alex
CID817,Jane
CID818,Jane
CID819,Caleb
CID820,Alex
CID821,Jane
CID822,Jane
CID823,Caleb
CID824,Alex
CID825,Jane
CID826,Jane
CID827,Caleb
CID828,Alex
CID829,Jane
CID830,Jane
CID831,Caleb
CID832,Alex
CID833,Jane
CID834,Jane
CID835,Caleb
CID836,Alex
CID837,Jane
CID838,Jane
CID839,Caleb
CID840,Alex
CID841,Jane
CID842,Jane
CID843,Caleb
CID844,Alex
CID845,Jane
CID846,Jane
CID847,Caleb
CID848,Alex
CID849,Jane
CID850,Jane
CID851,Caleb
CID852,Alex
CID853,Jane
CID854,Jane
CID855,Caleb
CID856,Alex
CID857,Jane
CID858,Jane
CID859,Caleb
CID860,Alex
CID861,Jane
CID862,Jane
CID863,Caleb
CID864,Alex
CID865,Jane
CID866,Jane
CID867,Caleb
CID868,Alex
CID869,Jane
CID870,Jane
CID871,Caleb
CID872,Alex
CID873,Jane
CID874,Jane
CID875,Caleb
CID876,Alex
CID877,Jane
CID878,Jane
CID879,Caleb
CID880,Alex
CID881,Jane
CID882,Jane
CID883,Caleb
CID884,Alex
CID885,Jane
CID886,Jane
CID887,Caleb
CID888,Alex
CID889,Jane
CID890,Jane
CID891,Caleb
CID892,Alex
CID893,Jane
CID894,Jane
CID895,Caleb
CID896,Alex
CID897,Jane
CID898,Jane
CID899,Caleb
CID900,Alex
CID901,Jane
CID902,Jane
CID903,Caleb
CID904,Alex
CID905,Jane
CID906,Jane
CID907,Caleb
CID908,Alex
CID909,Jane
CID910,Jane
CID911,Caleb
CID912,Alex
CID913,Jane
CID914,Jane
CID915,Caleb
CID916,Alex
CID917,Jane
CID918,Jane
CID919,Caleb
CID920,Alex
CID921,Jane
CID922,Jane
CID923,Caleb
CID924,Alex
CID925,Jane
CID926,Jane
CID927,Caleb
CID928,Alex
CID929,Jane
CID930,Jane
CID931,Caleb
CID932,Alex
CID933,Jane
CID934,Jane
CID935,Caleb
CID936,Alex
CID937,Jane
CID938,Jane
CID939,Caleb
CID940,Alex
CID941,Jane
CID942,Jane
CID943,Caleb
CID944,Alex
CID945,Jane
CID946,Jane
CID947,Caleb
CID948,Alex
CID949,Jane
CID950,Jane
CID951,Caleb
CID952,Alex
CID953,Jane
CID954,Jane
CID955,Caleb
CID956,Alex
CID957,Jane
CID958,Jane
CID959,Caleb
CID960,Alex
CID961,Jane
CID962,Jane
CID963,Caleb
CID964,Alex
CID965,Jane
CID966,Jane
CID967,Caleb
CID968,Alex
CID969,Jane
CID970,Jane
CID971,Caleb
CID972,Alex
CID973,Jane
CID974,Jane
CID975,Caleb
CID976,Alex
CID977,Jane
CID978,Jane
CID979,Caleb
CID980,Alex
CID981,Jane
CID982,Jane
CID983,Caleb
CID984,Alex
CID985,Jane
CID986,Jane
CID987,Caleb
CID988,Alex
CID989,Jane
CID990,Jane
CID991,Caleb
CID992,Alex
CID993,Jane
CID994,Jane
CID995,Caleb
CID996,Alex
CID997,Jane
CID998,Jane
CID999,Caleb
CID1000,Alex
CID1001,Jane
CID1002,Jane
CID1003,Caleb
CID1004,Alex
CID1005,Jane
CID1006,Jane
CID1007,Caleb
CID1008,Alex
CID1009,Jane
CID1010,Jane
CID1011,Caleb
CID1012,Alex
CID1013,Jane
CID1014,Jane
CID1015,Caleb
CID1016,Alex
CID1017,Jane
CID1018,Jane
CID1019,Caleb
CID1020,Alex
CID1021,Jane
CID1022,Jane
CID1023,Caleb
CID1024,Alex
CID1025,Jane
CID1026,Jane
CID1027,Caleb
CID1028,Alex
CID1029,Jane
CID1030,Jane
CID1031,Caleb
CID1032,Alex
CID1033,Jane
CID1034,Jane
CID1035,Caleb
CID1036,Alex
CID1037,Jane
CID1038,Jane
CID1039,Caleb
CID1040,Alex
CID1041,Jane
CID1042,Jane
CID1043,Caleb
CID1044,Alex
CID1045,Jane
CID1046,Jane
CID1047,Caleb
CID1048,Alex
CID1049,Jane
CID1050,Jane
CID1051,Caleb
CID1052,Alex
CID1053,Jane
CID1054,Jane
CID1055,Caleb
CID1056,Alex
CID1057,Jane
CID1058,Jane
CID1059,Caleb
CID1060,Alex
CID1061,Jane
CID1062,Jane
CID1063,Caleb
CID1064,Alex
CID1065,Jane
CID1066,Jane
CID1067,Caleb
CID1068,Alex
CID1069,Jane
CID1070,Jane
CID1071,Caleb
CID1072,Alex
CID1073,Jane
CID1074,Jane
CID1075,Caleb
CID1076,Alex
CID1077,Jane
CID1078,Jane
CID1079,Caleb
CID1080,Alex
CID1081,Jane
CID1082,Jane
CID1083,Caleb
CID1084,Alex
CID1085,Jane
CID1086,Jane
CID1087,Caleb
CID1088,Alex
CID1089,Jane
CID1090,Jane
CID1091,Caleb
CID1092,Alex
CID1093,Jane
CID1094,Jane
CID1095,Caleb
CID1096,Alex
CID1097,Jane
CID1098,Jane
CID1099,Caleb
CID1100,Alex
CID1101,Jane
CID1102,Jane
CID1103,Caleb
CID1104,Alex
CID1105,Jane
CID1106,Jane
CID1107,Caleb
CID1108,Alex
CID1109,Jane
CID1110,Jane
CID1111,Caleb
CID1112,Alex
CID1113,Jane
CID1114,Jane
CID1115,Caleb
CID1116,Alex
CID1117,Jane
CID1118,Jane
CID1119,Caleb
CID1120,Alex
CID1121,Jane
CID1122,Jane
CID1123,Caleb
CID1124,Alex
CID1125,Jane
CID1126,Jane
CID1127,Caleb
CID1128,Alex
CID1129,Jane
CID1130,Jane
CID1131,Caleb
CID1132,Alex
CID1133,Jane
CID1134,Jane
CID1135,Caleb
CID1136,Alex
CID1137,Jane
CID1138,Jane
CID1139,Caleb
CID1140,Alex
CID1141,Jane
CID1142,Jane
CID1143,Caleb
CID1144,Alex
CID1145,Jane
CID1146,Jane
CID1147,Caleb
CID1148,Alex
CID1149,Jane
CID1150,Jane
CID1151,Caleb
CID1152,Alex
CID1153,Jane
CID1154,Jane
CID1155,Caleb
CID1156,Alex
CID1157,Jane
CID1158,Jane
CID1159,Caleb
CID1160,Alex
CID1161,Jane
CID1162,Jane
CID1163,Caleb
CID1164,Alex
CID1165,Jane
CID1166,Jane
CID1167,Caleb
CID1168,Alex
CID1169,Jane
CID1170,Jane
CID1171,Caleb
CID1172,Alex
CID1173,Jane
CID1174,Jane
CID1175,Caleb
CID1176,Alex
CID1177,Jane
CID1178,Jane
CID1179,Caleb
CID1180,Alex
CID1181,Jane
CID1182,Jane
CID1183,Caleb
CID1184,Alex
CID1185,Jane
CID1186,Jane
CID1187,Caleb
CID1188,Alex
CID1189,Jane
CID1190,Jane
CID1191,Caleb
CID1192,Alex
CID1193,Jane
CID1194,Jane
CID1195,Caleb
CID1196,Alex
CID1197,Jane
CID1198,Jane
CID1199,Caleb
CID1200,Alex
CID1201,Jane
CID1202,Jane
CID1203,Caleb
CID1204,Alex
CID1205,Jane
CID1206,Jane
CID1207,Caleb
CID1208,Alex
CID1209,Jane
CID1210,Jane
CID1211,Caleb
CID1212,Alex
CID1213,Jane
CID1214,Jane
CID1215,Caleb
CID1216,Alex
CID1217,Jane
CID1218,Jane
CID1219,Caleb
CID1220,Alex
CID1221,Jane
CID1222,Jane
CID1223,Caleb
CID1224,Alex
CID1225,Jane
CID1226,Jane
CID1227,Caleb
CID1228,Alex
CID1229,Jane
CID1230,Jane
CID1231,Caleb
CID1232,Alex
CID1233,Jane
CID1234,Jane
CID1235,Caleb
CID1236,Alex
CID1237,Jane
CID1238,Jane
CID1239,Caleb
CID1240,Alex
CID1241,Jane
CID1242,Jane
CID1243,Caleb
CID1244,Alex
CID1245,Jane
CID1246,Jane
CID1247,Caleb
CID1248,Alex
CID1249,Jane
CID1250,Jane
CID1251,Caleb
CID1252,Alex
CID1253,Jane
CID1254,Jane
CID1255,Caleb
CID1256,Alex
CID1257,Jane
CID1258,Jane
CID1259,Caleb
CID1260,Alex
CID1261,Jane
CID1262,Jane
CID1263,Caleb
CID1264,Alex
CID1265,Jane
CID1266,Jane
CID1267,Caleb
CID1268,Alex
CID1269,Jane
CID1270,Jane
CID1271,Caleb
CID1272,Alex
CID1273,Jane
CID1274,Jane
CID1275,Caleb
CID1276,Alex
CID1277,Jane
CID1278,Jane
CID1279,Caleb
CID1280,Alex
CID1281,Jane
CID1282,Jane
CID1283,Caleb
CID1284,Alex
CID1285,Jane
CID1286,Jane
CID1287,Caleb
CID1288,Alex
CID1289,Jane
CID1290,Jane
CID1291,Caleb
CID1292,Alex
CID1293,Jane
CID1294,Jane
CID1295,Caleb
CID1296,Alex
CID1297,Jane
CID1298,Jane
CID1299,Caleb
CID1300,Alex
CID1301,Jane
CID1302,Jane
CID1303,Caleb
CID1304,Alex
CID1305,Jane
CID1306,Jane
CID1307,Caleb
CID1308,Alex
CID1309,Jane
CID1310,Jane
CID1311,Caleb
CID1312,Alex
CID1313,Jane
CID1314,Jane
CID1315,Caleb
CID1316,Alex
CID1317,Jane
CID1318,Jane
CID1319,Caleb
CID1320,Alex
CID1321,Jane
CID1322,Jane
CID1323,Caleb
CID1324,Alex
CID1325,Jane
CID1326,Jane
CID1327,Caleb
CID1328,Alex
CID1329,Jane
CID1330,Jane
CID1331,Caleb
CID1332,Alex
CID1333,Jane
CID1334,Jane
CID1335,Caleb
CID1336,Alex
CID1337,Jane
CID1338,Jane
CID1339,Caleb
CID1340,Alex
CID1341,Jane
CID1342,Jane
CID1343,Caleb
CID1344,Alex
CID1345,Jane
CID1346,Jane
CID1347,Caleb
CID1348,Alex
CID1349,Jane
CID1350,Jane
CID1351,Caleb
CID1352,Alex
CID1353,Jane
CID1354,Jane
CID1355,Caleb
CID1356,Alex
CID1357,Jane
CID1358,Jane
CID1359,Caleb
CID1360,Alex
CID1361,Jane
CID1362,Jane
CID1363,Caleb
CID1364,Alex
CID1365,Jane
CID1366,Jane
CID1367,Caleb
CID1368,Alex
CID1369,Jane
CID1370,Jane
CID1371,Caleb
CID1372,Alex
CID1373,Jane
CID1374,Jane
CID1375,Caleb
CID1376,Alex
CID1377,Jane
CID1378,Jane
CID1379,Caleb
CID1380,Alex
CID1381,Jane
CID1382,Jane
CID1383,Caleb
CID1384,Alex
CID1385,Jane
CID1386,Jane
CID1387,Caleb
CID1388,Alex
CID1389,Jane
CID1390,Jane
CID1391,Caleb
CID1392,Alex
CID1393,Jane
CID1394,Jane
CID1395,Caleb
CID1396,Alex
CID1397,Jane
CID1398,Jane
CID1399,Caleb
CID1400,Alex
CID1401,Jane
CID1402,Jane
CID1403,Caleb
CID1404,Alex
CID1405,Jane
CID1406,Jane
CID1407,Caleb
CID1408,Alex
CID1409,Jane
CID1410,Jane
CID1411,Caleb
CID1412,Alex
CID1413,Jane
CID1414,Jane
CID1415,Caleb
CID1416,Alex
CID1417,Jane
CID1418,Jane
CID1419,Caleb
CID1420,Alex
CID1421,Jane
CID1422,Jane
CID1423,Caleb
CID1424,Alex
CID1425,Jane
CID1426,Jane
CID1427,Caleb
CID1428,Alex
CID1429,Jane
CID1430,Jane
CID1431,Caleb
CID1432,Alex
CID1433,Jane
CID1434,Jane
CID1435,Caleb
CID1436,Alex
CID1437,Jane
CID1438,Jane
CID1439,Caleb
CID1440,Alex
CID1441,Jane
CID1442,Jane
CID1443,Caleb
CID1444,Alex
CID1445,Jane
CID1446,Jane
CID1447,Caleb
CID1448,Alex
CID1449,Jane
CID1450,Jane
CID1451,Caleb
CID1452,Alex
CID1453,Jane
CID1454,Jane
CID1455,Caleb
CID1456,Alex
CID1457,Jane
CID1458,Jane
CID1459,Caleb
CID1460,Alex
CID1461,Jane
CID1462,Jane
CID1463,Caleb
CID1464,Alex
CID1465,Jane
CID1466,Jane
CID1467,Caleb
CID1468,Alex
CID1469,Jane
CID1470,Jane
CID1471,Caleb
CID1472,Alex
CID1473,Jane
CID1474,Jane
CID1475,Caleb
CID1476,Alex
CID1477,Jane
CID1478,Jane
CID1479,Caleb
CID1480,Alex
CID1481,Jane
CID1482,Jane
CID1483,Caleb
CID1484,Alex
CID1485,Jane
CID1486,Jane
CID1487,Caleb
CID1488,Alex
CID1489,Jane
CID1490,Jane
CID1491,Caleb
CID1492,Alex
CID1493,Jane
CID1494,Jane
CID1495,Caleb
CID1496,Alex
CID1497,Jane
CID1498,Jane
CID1499,Caleb
CID1500,Alex
CID1501,Jane
CID1502,Jane
CID1503,Caleb
CID1504,Alex
CID1505,Jane
CID1506,Jane
CID1507,Caleb
CID1508,Alex
CID1509,Jane
CID1510,Jane
CID1511,Caleb
CID1512,Alex
CID1513,Jane
CID1514,Jane
CID1515,Caleb
CID1516,Alex
CID1517,Jane
CID1518,Jane
CID1519,Caleb
CID1520,Alex
CID1521,Jane
CID1522,Jane
CID1523,Caleb
CID1524,Alex
CID1525,Jane
CID1526,Jane
CID1527,Caleb
CID1528,Alex
CID1529,Jane
CID1530,Jane
CID1531,Caleb
CID1532,Alex
CID1533,Jane
CID1534,Jane
CID1535,Caleb
CID1536,Alex
CID1537,Jane
CID1538,Jane
CID1539,Caleb
CID1540,Alex
CID1541,Jane
CID1542,Jane
CID1543,Caleb
CID1544,Alex
CID1545,Jane
CID1546,Jane
CID1547,Caleb
CID1548,Alex
CID1549,Jane
CID1550,Jane
CID1551,Caleb
CID1552,Alex
CID1553,Jane
CID1554,Jane
CID1555,Caleb
CID1556,Alex
CID1557,Jane
CID1558,Jane
CID1559,Caleb
CID1560,Alex
CID1561,Jane
CID1562,Jane
CID1563,Caleb
CID1564,Alex
CID1565,Jane
CID1566,Jane
CID1567,Caleb
CID1568,Alex
CID1569,Jane
CID1570,Jane
CID1571,Caleb
CID1572,Alex
CID1573,Jane
CID1574,Jane
CID1575,Caleb
CID1576,Alex
CID1577,Jane
CID1578,Jane
CID1579,Caleb
CID1580,Alex
CID1581,Jane
CID1582,Jane
CID1583,Caleb
CID1584,Alex
CID1585,Jane
CID1586,Jane
CID1587,Caleb
CID1588,Alex
CID1589,Jane
CID1590,Jane
CID1591,Caleb
CID1592,Alex
CID1593,Jane
CID1594,Jane
CID1595,Caleb
CID1596,Alex
CID1597,Jane
CID1598,Jane
CID1599,Caleb
CID1600,Alex
CID1601,Jane
CID1602,Jane
CID1603,Caleb
CID1604,Alex
CID1605,Jane
CID1606,Jane
CID1607,Caleb
CID1608,Alex
CID1609,Jane
CID1610,Jane
CID1611,Caleb
CID1612,Alex
CID1613,Jane
CID1614,Jane
CID1615,Caleb
CID1616,Alex
CID1617,Jane
CID1618,Jane
CID1619,Caleb
CID1620,Alex
CID1621,Jane
CID1622,Jane
CID1623,Caleb
CID1624,Alex
CID1625,Jane
CID1626,Jane
CID1627,Caleb
CID1628,Alex
CID1629,Jane
CID1630,Jane
CID1631,Caleb
CID1632,Alex
CID1633,Jane
CID1634,Jane
CID1635,Caleb
CID1636,Alex
CID1637,Jane
CID1638,Jane
CID1639,Caleb
CID1640,Alex
CID1641,Jane
CID1642,Jane
CID1643,Caleb
CID1644,Alex
CID1645,Jane
CID1646,Jane
CID1647,Caleb
CID1648,Alex
CID1649,Jane
CID1650,Jane
CID1651,Caleb
CID1652,Alex
CID1653,Jane
CID1654,Jane
CID1655,Caleb
CID1656,Alex
CID1657,Jane
CID1658,Jane
CID1659,Caleb
CID1660,Alex
CID1661,Jane
CID1662,Jane
CID1663,Caleb
CID1664,Alex
CID1665,Jane
CID1666,Jane
CID1667,Caleb
CID1668,Alex
CID1669,Jane
CID1670,Jane
CID1671,Caleb
CID1672,Alex
CID1673,Jane
CID1674,Jane
CID1675,Caleb
CID1676,Alex
CID1677,Jane
CID1678,Jane
CID1679,Caleb
CID1680,Alex
CID1681,Jane
CID1682,Jane
CID1683,Caleb
CID1684,Alex
CID1685,Jane
CID1686,Jane
CID1687,Caleb
CID1688,Alex
CID1689,Jane
CID1690,Jane
CID1691,Caleb
CID1692,Alex
CID1693,Jane
CID1694,Jane
CID1695,Caleb
CID1696,Alex
CID1697,Jane
CID1698,Jane
CID1699,Caleb
CID1700,Alex
CID1701,Jane
CID1702,Jane
CID1703,Caleb
CID1704,Alex
CID1705,Jane
CID1706,Jane
CID1707,Caleb
CID1708,Alex
CID1709,Jane
CID1710,Jane
CID1711,Caleb
CID1712,Alex
CID1713,Jane
CID1714,Jane
CID1715,Caleb
CID1716,Alex
CID1717,Jane
CID1718,Jane
CID1719,Caleb
CID1720,Alex
CID1721,Jane
CID1722,Jane
CID1723,Caleb
CID1724,Alex
CID1725,Jane
CID1726,Jane
CID1727,Caleb
CID1728,Alex
CID1729,Jane
CID1730,Jane
CID1731,Caleb
CID1732,Alex
CID1733,Jane
CID1734,Jane
CID1735,Caleb
CID1736,Alex
CID1737,Jane
CID1738,Jane
CID1739,Caleb
CID1740,Alex
CID1741,Jane
CID1742,Jane
CID1743,Caleb
CID1744,Alex
CID1745,Jane
CID1746,Jane
CID1747,Caleb
CID1748,Alex
CID1749,Jane
CID1750,Jane
CID1751,Caleb
CID1752,Alex
CID1753,Jane
CID1754,Jane
CID1755,Caleb
CID1756,Alex
CID1757,Jane
CID1758,Jane
CID1759,Caleb
CID1760,Alex
CID1761,Jane
CID1762,Jane
CID1763,Caleb
CID1764,Alex
CID1765,Jane
CID1766,Jane
CID1767,Caleb
CID1768,Alex
CID1769,Jane
CID1770,Jane
CID1771,Caleb
CID1772,Alex
CID1773,Jane
CID1774,Jane
CID1775,Caleb
CID1776,Alex
CID1777,Jane
CID1778,Jane
CID1779,Caleb
CID1780,Alex
CID1781,Jane
CID1782,Jane
CID1783,Caleb
CID1784,Alex
CID1785,Jane
CID1786,Jane
CID1787,Caleb
CID1788,Alex
CID1789,Jane
CID1790,Jane
CID1791,Caleb
CID1792,Alex
CID1793,Jane
CID1794,Jane
CID1795,Caleb
CID1796,Alex
CID1797,Jane
CID1798,Jane
CID1799,Caleb
CID1800,Alex
CID1801,Jane
CID1802,Jane
CID1803,Caleb
CID1804,Alex
CID1805,Jane
CID1806,Jane
CID1807,Caleb
CID1808,Alex
CID1809,Jane
CID1810,Jane
CID1811,Caleb
CID1812,Alex
CID1813,Jane
CID1814,Jane
CID1815,Caleb
CID1816,Alex
CID1817,Jane
CID1818,Jane
CID1819,Caleb
CID1820,Alex
CID1821,Jane
CID1822,Jane
CID1823,Caleb
CID1824,Alex
CID1825,Jane
CID1826,Jane
CID1827,Caleb
CID1828,Alex
CID1829,Jane
CID1830,Jane
CID1831,Caleb
CID1832,Alex
CID1833,Jane
CID1834,Jane
CID1835,Caleb
CID1836,Alex
CID1837,Jane
CID1838,Jane
CID1839,Caleb
CID1840,Alex
CID1841,Jane
CID1842,Jane
CID1843,Caleb
CID1844,Alex
CID1845,Jane
CID1846,Jane
CID1847,Caleb
CID1848,Alex
CID1849,Jane
CID1850,Jane
CID1851,Caleb
CID1852,Alex
CID1853,Jane
CID1854,Jane
CID1855,Caleb
CID1856,Alex
CID1857,Jane
CID1858,Jane
CID1859,Caleb
CID1860,Alex
CID1861,Jane
CID1862,Jane
CID1863,Caleb
CID1864,Alex
CID1865,Jane
CID1866,Jane
CID1867,Caleb
CID1868,Alex
CID1869,Jane
CID1870,Jane
CID1871,Caleb
CID1872,Alex
CID1873,Jane
CID1874,Jane
CID1875,Caleb
CID1876,Alex
CID1877,Jane
CID1878,Jane
CID1879,Caleb
CID1880,Alex
CID1881,Jane
CID1882,Jane
CID1883,Caleb
CID1884,Alex
CID1885,Jane
CID1886,Jane
CID1887,Caleb
CID1888,Alex
CID1889,Jane
CID1890,Jane
CID1891,Caleb
CID1892,Alex
CID1893,Jane
CID1894,Jane
CID1895,Caleb
CID1896,Alex
CID1897,Jane
CID1898,Jane
CID1899,Caleb
CID1900,Alex
CID1901,Jane
CID1902,Jane
CID1903,Caleb
CID1904,Alex
CID1905,Jane
CID1906,Jane
CID1907,Caleb
CID1908,Alex
CID1909,Jane
CID1910,Jane
CID1911,Caleb
CID1912,Alex
CID1913,Jane
CID1914,Jane
CID1915,Caleb
CID1916,Alex
CID1917,Jane
CID1918,Jane
CID1919,Caleb
CID1920,Alex
CID1921,Jane
CID1922,Jane
CID1923,Caleb
CID1924,Alex
CID1925,Jane
CID1926,Jane
CID1927,Caleb
CID1928,Alex
CID1929,Jane
CID1930,Jane
CID1931,Caleb
CID1932,Alex
CID1933,Jane
CID1934,Jane
CID1935,Caleb
CID1936,Alex
CID1937,Jane
CID1938,Jane
CID1939,Caleb
CID1940,Alex
CID1941,Jane
CID1942,Jane
CID1943,Caleb
CID1944,Alex
CID1945,Jane
CID1946,Jane
CID1947,Caleb
CID1948,Alex
CID1949,Jane
CID1950,Jane
CID1951,Caleb
CID1952,Alex
CID1953,Jane
CID1954,Jane
CID1955,Caleb
CID1956,Alex
CID1957,Jane
CID1958,Jane
CID1959,Caleb
CID1960,Alex
CID1961,Jane
CID1962,Jane
CID1963,Caleb
CID1964,Alex
CID1965,Jane
CID1966,Jane
CID1967,Caleb
CID1968,Alex
CID1969,Jane
CID1970,Jane
CID1971,Caleb
CID1972,Alex
CID1973,Jane
CID1974,Jane
CID1975,Caleb
CID1976,Alex
CID1977,Jane
CID1978,Jane
CID1979,Caleb
CID1980,Alex
CID1981,Jane
CID1982,Jane
CID1983,Caleb
CID1984,Alex
CID1985,Jane
CID1986,Jane
CID1987,Caleb
CID1988,Alex
CID1989,Jane
CID1990,Jane
CID1991,Caleb
CID1992,Alex
CID1993,Jane
CID1994,Jane
CID1995,Caleb
CID1996,Alex
CID1997,Jane
CID1998,Jane
CID1999,Caleb
CID2000,Alex
CID2001,Jane
CID2002,Jane
CID2003,Caleb
CID2004,Alex
CID2005,Jane
CID2006,Jane
CID2007,Caleb
CID2008,Alex
CID2009,Jane
CID2010,Jane
CID2011,Caleb
CID2012,Alex
CID2013,Jane
CID2014,Jane
CID2015,Caleb
CID2016,Alex
CID2017,Jane
CID2018,Jane
CID2019,Caleb
CID2020,Alex
CID2021,Jane
CID2022,Jane
CID2023,Caleb
CID2024,Alex
CID2025,Jane
CID2026,Jane
CID2027,Caleb
CID2028,Alex
CID2029,Jane
CID2030,Jane
CID2031,Caleb
CID2032,Alex
CID2033,Jane
CID2034,Jane
CID2035,Caleb
CID2036,Alex
CID2037,Jane
CID2038,Jane
CID2039,Caleb
CID2040,Alex
CID2041,Jane
CID2042,Jane
CID2043,Caleb
CID2044,Alex
CID2045,Jane
CID2046,Jane
CID2047,Caleb
CID2048,Alex
CID2049,Jane
CID2050,Jane
CID2051,Caleb
CID2052,Alex
CID2053,Jane
CID2054,Jane
CID2055,Caleb
CID2056,Alex
CID2057,Jane
CID2058,Jane
CID2059,Caleb
CID2060,Alex
CID2061,Jane
CID2062,Jane
CID2063,Caleb
CID2064,Alex
CID2065,Jane
CID2066,Jane
CID2067,Caleb
CID2068,Alex
CID2069,Jane
CID2070,Jane
CID2071,Caleb
CID2072,Alex
CID2073,Jane
CID2074,Jane
CID2075,Caleb
CID2076,Alex
CID2077,Jane
CID2078,Jane
CID2079,Caleb
CID2080,Alex
CID2081,Jane
CID2082,Jane
CID2083,Caleb
CID2084,Alex
CID2085,Jane
CID2086,Jane
CID2087,Caleb
CID2088,Alex
CID2089,Jane
CID2090,Jane
CID2091,Caleb
CID2092,Alex
CID2093,Jane
CID2094,Jane
CID2095,Caleb
CID2096,Alex
CID2097,Jane
CID2098,Jane
CID2099,Caleb
CID2100,Alex
CID2101,Jane
CID2102,Jane
CID2103,Caleb
CID2104,Alex
CID2105,Jane
CID2106,Jane
CID2107,Caleb
CID2108,Alex
CID2109,Jane
CID2110,Jane
CID2111,Caleb
CID2112,Alex
CID2113,Jane
CID2114,Jane
CID2115,Caleb
CID2116,Alex
CID2117,Jane
CID2118,Jane
CID2119,Caleb
CID2120,Alex
CID2121,Jane
CID2122,Jane
CID2123,Caleb
CID2124,Alex
CID2125,Jane
CID2126,Jane
CID2127,Caleb
CID2128,Alex
CID2129,Jane
CID2130,Jane
CID2131,Caleb
CID2132,Alex
CID2133,Jane
CID2134,Jane
CID2135,Caleb
CID2136,Alex
CID2137,Jane
CID2138,Jane
CID2139,Caleb
CID2140,Alex
CID2141,Jane
CID2142,Jane
CID2143,Caleb
CID2144,Alex
CID2145,Jane
CID2146,Jane
CID2147,Caleb
CID2148,Alex
CID2149,Jane
CID2150,Jane
CID2151,Caleb
CID2152,Alex
CID2153,Jane
CID2154,Jane
CID2155,Caleb
CID2156,Alex
CID2157,Jane
CID2158,Jane
CID2159,Caleb
CID2160,Alex
CID2161,Jane
CID2162,Jane
CID2163,Caleb
CID2164,Alex
CID2165,Jane
CID2166,Jane
CID2167,Caleb
CID2168,Alex
CID2169,Jane
CID2170,Jane
CID2171,Caleb
CID2172,Alex
CID2173,Jane
CID2174,Jane
CID2175,Caleb
CID2176,Alex
CID2177,Jane
CID2178,Jane
CID2179,Caleb
CID2180,Alex
CID2181,Jane
CID2182,Jane
CID2183,Caleb
CID2184,Alex
CID2185,Jane
CID2186,Jane
CID2187,Caleb
CID2188,Alex
CID2189,Jane
CID2190,Jane
CID2191,Caleb
CID2192,Alex
CID2193,Jane
CID2194,Jane
CID2195,Caleb
CID2196,Alex
CID2197,Jane
CID2198,Jane
CID2199,Caleb
CID2200,Alex
CID2201,Jane
CID2202,Jane
CID2203,Caleb
CID2204,Alex
CID2205,Jane
CID2206,Jane
CID2207,Caleb
CID2208,Alex
CID2209,Jane
CID2210,Jane
CID2211,Caleb
CID2212,Alex
CID2213,Jane
CID2214,Jane
CID2215,Caleb
CID2216,Alex
CID2217,Jane
CID2218,Jane
CID2219,Caleb
CID2220,Alex
CID2221,Jane
CID2222,Jane
CID2223,Caleb
CID2224,Alex
CID2225,Jane
CID2226,Jane
CID2227,Caleb
CID2228,Alex
CID2229,Jane
CID2230,Jane
CID2231,Caleb
CID2232,Alex
CID2233,Jane
CID2234,Jane
CID2235,Caleb
CID2236,Alex
CID2237,Jane
CID2238,Jane
CID2239,Caleb
CID2240,Alex
CID2241,Jane
CID2242,Jane
CID2243,Caleb
CID2244,Alex
CID2245,Jane
CID2246,Jane
CID2247,Caleb
CID2248,Alex
CID2249,Jane
CID2250,Jane
CID2251,Caleb
CID2252,Alex
CID2253,Jane
CID2254,Jane
CID2255,Caleb
CID2256,Alex
CID2257,Jane
CID2258,Jane
CID2259,Caleb
CID2260,Alex
CID2261,Jane
CID2262,Jane
CID2263,Caleb
CID2264,Alex
CID2265,Jane
CID2266,Jane
CID2267,Caleb
CID2268,Alex
CID2269,Jane
CID2270,Jane
CID2271,Caleb
CID2272,Alex
CID2273,Jane
CID2274,Jane
CID2275,Caleb
CID2276,Alex
CID2277,Jane
CID2278,Jane
CID2279,Caleb
CID2280,Alex
CID2281,Jane
CID2282,Jane
CID2283,Caleb
CID2284,Alex
CID2285,Jane
CID2286,Jane
CID2287,Caleb
CID2288,Alex
CID2289,Jane
CID2290,Jane
CID2291,Caleb
CID2292,Alex
CID2293,Jane
CID2294,Jane
CID2295,Caleb
CID2296,Alex
CID2297,Jane
CID2298,Jane
CID2299,Caleb
CID2300,Alex
CID2301,Jane
CID2302,Jane
CID2303,Caleb
CID2304,Alex
CID2305,Jane
CID2306,Jane
CID2307,Caleb
CID2308,Alex
CID2309,Jane
CID2310,Jane
CID2311,Caleb
CID2312,Alex
CID2313,Jane
CID2314,Jane
CID2315,Caleb
CID2316,Alex
CID2317,Jane
CID2318,Jane
CID2319,Caleb
CID2320,Alex
CID2321,Jane
CID2322,Jane
CID2323,Caleb
CID2324,Alex
CID2325,Jane
CID2326,Jane
CID2327,Caleb
CID2328,Alex
CID2329,Jane
CID2330,Jane
CID2331,Caleb
CID2332,Alex
CID2333,Jane
CID2334,Jane
CID2335,Caleb
CID2336,Alex
CID2337,Jane
CID2338,Jane
CID2339,Caleb
CID2340,Alex
CID2341,Jane
CID2342,Jane
CID2343,Caleb
CID2344,Alex
CID2345,Jane
CID2346,Jane
CID2347,Caleb
CID2348,Alex
CID2349,Jane
CID2350,Jane
CID2351,Caleb
CID2352,Alex
CID2353,Jane
CID2354,Jane
CID2355,Caleb
CID2356,Alex
CID2357,Jane
CID2358,Jane
CID2359,Caleb
CID2360,Alex
CID2361,Jane
CID2362,Jane
CID2363,Caleb
CID2364,Alex
CID2365,Jane
CID2366,Jane
CID2367,Caleb
CID2368,Alex
CID2369,Jane
CID2370,Jane
CID2371,Caleb
CID2372,Alex
CID2373,Jane
CID2374,Jane
CID2375,Caleb
CID2376,Alex
CID2377,Jane
CID2378,Jane
CID2379,Caleb
CID2380,Alex
CID2381,Jane
CID2382,Jane
CID2383,Caleb
CID2384,Alex
CID2385,Jane
CID2386,Jane
CID2387,Caleb
CID2388,Alex
CID2389,Jane
CID2390,Jane
CID2391,Caleb
CID2392,Alex
CID2393,Jane
CID2394,Jane
CID2395,Caleb
CID2396,Alex
CID2397,Jane
CID2398,Jane
CID2399,Caleb
CID2400,Alex
CID2401,Jane
CID2402,Jane
CID2403,Caleb
CID2404,Alex
CID2405,Jane
CID2406,Jane
CID2407,Caleb
CID2408,Alex
CID2409,Jane
CID2410,Jane
CID2411,Caleb
CID2412,Alex
CID2413,Jane
CID2414,Jane
CID2415,Caleb
CID2416,Alex
CID2417,Jane
CID2418,Jane
CID2419,Caleb
CID2420,Alex
CID2421,Jane
CID2422,Jane
CID2423,Caleb
CID2424,Alex
CID2425,Jane
CID2426,Jane
CID2427,Caleb
CID2428,Alex
CID2429,Jane
CID2430,Jane
CID2431,Caleb
CID2432,Alex
CID2433,Jane
CID2434,Jane
CID2435,Caleb
CID2436,Alex
CID2437,Jane
CID2438,Jane
CID2439,Caleb
CID2440,Alex
CID2441,Jane
CID2442,Jane
CID2443,Caleb
CID2444,Alex
CID2445,Jane
CID2446,Jane
CID2447,Caleb
CID2448,Alex
CID2449,Jane
CID2450,Jane
CID2451,Caleb
CID2452,Alex
CID2453,Jane
CID2454,Jane
CID2455,Caleb
CID2456,Alex
CID2457,Jane
CID2458,Jane
CID2459,Caleb
CID2460,Alex
CID2461,Jane
CID2462,Jane
CID2463,Caleb
CID2464,Alex
CID2465,Jane
CID2466,Jane
CID2467,Caleb
CID2468,Alex
CID2469,Jane
CID2470,Jane
CID2471,Caleb
CID2472,Alex
CID2473,Jane
CID2474,Jane
CID2475,Caleb
CID2476,Alex
CID2477,Jane
CID2478,Jane
CID2479,Caleb
CID2480,Alex
CID2481,Jane
CID2482,Jane
CID2483,Caleb
CID2484,Alex
CID2485,Jane
CID2486,Jane
CID2487,Caleb
CID2488,Alex
CID2489,Jane
CID2490,Jane
CID2491,Caleb
CID2492,Alex
CID2493,Jane
CID2494,Jane
CID2495,Caleb
CID2496,Alex
CID2497,Jane
CID2498,Jane
CID2499,Caleb
CID2500,Alex
CID2501,Jane
CID2502,Jane
CID2503,Caleb
CID2504,Alex
CID2505,Jane
CID2506,Jane
CID2507,Caleb
CID2508,Alex
CID2509,Jane
CID2510,Jane
CID2511,Caleb
CID2512,Alex
CID2513,Jane
CID2514,Jane
CID2515,Caleb
CID2516,Alex
CID2517,Jane
CID2518,Jane
CID2519,Caleb
CID2520,Alex
CID2521,Jane
CID2522,Jane
CID2523,Caleb
CID2524,Alex
CID2525,Jane
CID2526,Jane
CID2527,Caleb
CID2528,Alex
CID2529,Jane
CID2530,Jane
CID2531,Caleb
CID2532,Alex
CID2533,Jane
CID2534,Jane
CID2535,Caleb
CID2536,Alex
CID2537,Jane
CID2538,Jane
CID2539,Caleb
CID2540,Alex
CID2541,Jane
CID2542,Jane
CID2543,Caleb
CID2544,Alex
CID2545,Jane
CID2546,Jane
CID2547,Caleb
CID2548,Alex
CID2549,Jane
CID2550,Jane
CID2551,Caleb
CID2552,Alex
CID2553,Jane
CID2554,Jane
CID2555,Caleb
CID2556,Alex
CID2557,Jane
CID2558,Jane
CID2559,Caleb
CID2560,Alex
CID2561,Jane
CID2562,Jane
CID2563,Caleb
CID2564,Alex
CID2565,Jane
CID2566,Jane
CID2567,Caleb
CID2568,Alex
CID2569,Jane
CID2570,Jane
CID2571,Caleb
CID2572,Alex
CID2573,Jane
CID2574,Jane
CID2575,Caleb
CID2576,Alex
CID2577,Jane
CID2578,Jane
CID2579,Caleb
CID2580,Alex
CID2581,Jane
CID2582,Jane
CID2583,Caleb
CID2584,Alex
CID2585,Jane
CID2586,Jane
CID2587,Caleb
CID2588,Alex
CID2589,Jane
CID2590,Jane
CID2591,Caleb
CID2592,Alex
CID2593,Jane
CID2594,Jane
CID2595,Caleb
CID2596,Alex
CID2597,Jane
CID2598,Jane
CID2599,Caleb
CID2600,Alex
CID2601,Jane
CID2602,Jane
CID2603,Caleb
CID2604,Alex
CID2605,Jane
CID2606,Jane
CID2607,Caleb
CID2608,Alex
CID2609,Jane
CID2610,Jane
CID2611,Caleb
CID2612,Alex
CID2613,Jane
CID2614,Jane
CID2615,Caleb
CID2616,Alex
CID2617,Jane
CID2618,Jane
CID2619,Caleb
CID2620,Alex
CID2621,Jane
CID2622,Jane
CID2623,Caleb
CID2624,Alex
CID2625,Jane
CID2626,Jane
CID2627,Caleb
CID2628,Alex
CID2629,Jane
CID2630,Jane
CID2631,Caleb
CID2632,Alex
CID2633,Jane
CID2634,Jane
CID2635,Caleb
CID2636,Alex
CID2637,Jane
CID2638,Jane
CID2639,Caleb
CID2640,Alex
CID2641,Jane
CID2642,Jane
CID2643,Caleb
CID2644,Alex
CID2645,Jane
CID2646,Jane
CID2647,Caleb
CID2648,Alex
CID2649,Jane
CID2650,Jane
CID2651,Caleb
CID2652,Alex
CID2653,Jane
CID2654,Jane
CID2655,Caleb
CID2656,Alex
CID2657,Jane
CID2658,Jane
CID2659,Caleb
CID2660,Alex
CID2661,Jane
CID2662,Jane
CID2663,Caleb
CID2664,Alex
CID2665,Jane
CID2666,Jane
CID2667,Caleb
CID2668,Alex
CID2669,Jane
CID2670,Jane
CID2671,Caleb
CID2672,Alex
CID2673,Jane
CID2674,Jane
CID2675,Caleb
CID2676,Alex
CID2677,Jane
CID2678,Jane
CID2679,Caleb
CID2680,Alex
CID2681,Jane
CID2682,Jane
CID2683,Caleb
CID2684,Alex
CID2685,Jane
CID2686,Jane
CID2687,Caleb
CID2688,Alex
CID2689,Jane
CID2690,Jane
CID2691,Caleb
CID2692,Alex
CID2693,Jane
CID2694,Jane
CID2695,Caleb
CID2696,Alex
CID2697,Jane
CID2698,Jane
CID2699,Caleb
CID2700,Alex
CID2701,Jane
CID2702,Jane
CID2703,Caleb
CID2704,Alex
CID2705,Jane
CID2706,Jane
CID2707,Caleb
CID2708,Alex
CID2709,Jane
CID2710,Jane
CID2711,Caleb
CID2712,Alex
CID2713,Jane
CID2714,Jane
CID2715,Caleb
CID2716,Alex
CID2717,Jane
CID2718,Jane
CID2719,Caleb
CID2720,Alex
CID2721,Jane
CID2722,Jane
CID2723,Caleb
CID2724,Alex
CID2725,Jane
CID2726,Jane
CID2727,Caleb
CID2728,Alex
CID2729,Jane
CID2730,Jane
CID2731,Caleb
CID2732,Alex
CID2733,Jane
CID2734,Jane
CID2735,Caleb
CID2736,Alex
CID2737,Jane
CID2738,Jane
CID2739,Caleb
CID2740,Alex
CID2741,Jane
CID2742,Jane
CID2743,Caleb
CID2744,Alex
CID2745,Jane
CID2746,Jane
CID2747,Caleb
CID2748,Alex
CID2749,Jane
CID2750,Jane
CID2751,Caleb
CID2752,Alex
CID2753,Jane
CID2754,Jane
CID2755,Caleb
CID2756,Alex
CID2757,Jane
CID2758,Jane
CID2759,Caleb
CID2760,Alex
CID2761,Jane
CID2762,Jane
CID2763,Caleb
CID2764,Alex
CID2765,Jane
CID2766,Jane
CID2767,Caleb
CID2768,Alex
CID2769,Jane
CID2770,Jane
CID2771,Caleb
CID2772,Alex
CID2773,Jane
CID2774,Jane
CID2775,Caleb
CID2776,Alex
CID2777,Jane
CID2778,Jane
CID2779,Caleb
CID2780,Alex
CID2781,Jane
CID2782,Jane
CID2783,Caleb
CID2784,Alex
CID2785,Jane
CID2786,Jane
CID2787,Caleb
CID2788,Alex
CID2789,Jane
CID2790,Jane
CID2791,Caleb
CID2792,Alex
CID2793,Jane
CID2794,Jane
CID2795,Caleb
CID2796,Alex
CID2797,Jane
CID2798,Jane
CID2799,Caleb
CID2800,Alex
CID2801,Jane
CID2802,Jane
CID2803,Caleb
CID2804,Alex
CID2805,Jane
CID2806,Jane
CID2807,Caleb
CID2808,Alex
CID2809,Jane
CID2810,Jane
CID2811,Caleb
CID2812,Alex
CID2813,Jane
CID2814,Jane
CID2815,Caleb
CID2816,Alex
CID2817,Jane
CID2818,Jane
CID2819,Caleb
CID2820,Alex
CID2821,Jane
CID2822,Jane
CID2823,Caleb
CID2824,Alex
CID2825,Jane
CID2826,Jane
CID2827,Caleb
CID2828,Alex
CID2829,Jane
CID2830,Jane
CID2831,Caleb
CID2832,Alex
CID2833,Jane
CID2834,Jane
CID2835,Caleb
CID2836,Alex
CID2837,Jane
CID2838,Jane
CID2839,Caleb
CID2840,Alex
CID2841,Jane
CID2842,Jane
CID2843,Caleb
CID2844,Alex
CID2845,Jane
CID2846,Jane
CID2847,Caleb
CID2848,Alex
CID2849,Jane
CID2850,Jane
CID2851,Caleb
CID2852,Alex
CID2853,Jane
CID2854,Jane
CID2855,Caleb
CID2856,Alex
CID2857,Jane
CID2858,Jane
CID2859,Caleb
CID2860,Alex
CID2861,Jane
CID2862,Jane
CID2863,Caleb
CID2864,Alex
CID2865,Jane
CID2866,Jane
CID2867,Caleb
CID2868,Alex
CID2869,Jane
CID2870,Jane
CID2871,Caleb
CID2872,Alex
CID2873,Jane
CID2874,Jane
CID2875,Caleb
CID2876,Alex
CID2877,Jane
CID2878,Jane
CID2879,Caleb
CID2880,Alex
CID2881,Jane
CID2882,Jane
CID2883,Caleb
CID2884,Alex
CID2885,Jane
CID2886,Jane
CID2887,Caleb
CID2888,Alex
CID2889,Jane
CID2890,Jane
CID2891,Caleb
CID2892,Alex
CID2893,Jane
CID2894,Jane
CID2895,Caleb
CID2896,Alex
CID2897,Jane
CID2898,Jane
CID2899,Caleb
CID2900,Alex
CID2901,Jane
CID2902,Jane
CID2903,Caleb
CID2904,Alex
CID2905,Jane
CID2906,Jane
CID2907,Caleb
CID2908,Alex
CID2909,Jane
CID2910,Jane
CID2911,Caleb
CID2912,Alex
CID2913,Jane
CID2914,Jane
CID2915,Caleb
CID2916,Alex
CID2917,Jane
CID2918,Jane
CID2919,Caleb
CID2920,Alex
CID2921,Jane
CID2922,Jane
CID2923,Caleb
CID2924,Alex
CID2925,Jane
CID2926,Jane
CID2927,Caleb
CID2928,Alex
CID2929,Jane
CID2930,Jane
CID2931,Caleb
CID2932,Alex
CID2933,Jane
CID2934,Jane
CID2935,Caleb
CID2936,Alex
CID2937,Jane
CID2938,Jane
CID2939,Caleb
CID2940,Alex
CID2941,Jane
CID2942,Jane
CID2943,Caleb
CID2944,Alex
CID2945,Jane
CID2946,Jane
CID2947,Caleb
CID2948,Alex
CID2949,Jane
CID2950,Jane
CID2951,Caleb
CID2952,Alex
CID2953,Jane
CID2954,Jane
CID2955,Caleb
CID2956,Alex
CID2957,Jane
CID2958,Jane
CID2959,Caleb
CID2960,Alex
CID2961,Jane
CID2962,Jane
CID2963,Caleb
CID2964,Alex
CID2965,Jane
CID2966,Jane
CID2967,Caleb
CID2968,Alex
CID2969,Jane
CID2970,Jane
CID2971,Caleb
CID2972,Alex
CID2973,Jane
CID2974,Jane
CID2975,Caleb
CID2976,Alex
CID2977,Jane
CID2978,Jane
CID2979,Caleb
CID2980,Alex
CID2981,Jane
CID2982,Jane
CID2983,Caleb
CID2984,Alex
CID2985,Jane
CID2986,Jane
CID2987,Caleb
CID2988,Alex
CID2989,Jane
CID2990,Jane
CID2991,Caleb
CID2992,Alex
CID2993,Jane
CID2994,Jane
CID2995,Caleb
CID2996,Alex
CID2997,Jane
CID2998,Jane
CID2999,Caleb
CID3000,Alex
