CID,DID
CID1,DID157
CID1,DID187
CID2,DID573
CID2,DID774
CID3,DID498
CID3,DID989
CID4,DID106
CID4,DID621
CID5,DID284
CID5,DID490
CID6,DID773
CID6,DID976
CID7,DID288
CID7,DID67
CID8,DID345
CID8,DID471
CID9,DID407
CID9,DID829
CID10,DID892
CID10,DID983
CID11,DID488
CID11,DID774
CID12,DID615
CID12,DID908
CID13,DID124
CID13,DID37
CID14,DID725
CID14,DID953
CID15,DID757
CID15,DID982
CID16,DID466
CID16,DID879
CID17,DID125
CID17,DID78
CID18,DID727
CID18,DID729
CID19,DID397
CID19,DID60
CID20,DID225
CID20,DID284
CID21,DID321
CID21,DID587
CID22,DID338
CID22,DID625
CID23,DID574
CID23,DID991
CID24,DID290
CID24,DID591
CID25,DID576
CID25,DID728
CID26,DID167
CID26,DID198
CID27,DID652
CID27,DID681
CID28,DID212
CID28,DID396
CID29,DID781
CID29,DID821
CID30,DID555
CID30,DID919
CID31,DID167
CID31,DID73
CID32,DID210
CID32,DID292
CID33,DID262
CID33,DID726
CID34,DID238
CID34,DID56
CID35,DID312
CID35,DID588
CID36,DID332
CID36,DID986
CID37,DID225
CID37,DID585
CID38,DID588
CID38,DID89
CID39,DID100
CID39,DID267
CID40,DID598
CID40,DID749
CID41,DID515
CID41,DID667
CID42,DID395
CID42,DID886
CID43,DID143
CID43,DID327
CID44,DID116
CID44,DID532
CID45,DID179
CID45,DID463
CID46,DID311
CID46,DID538
CID47,DID136
CID47,DID958
CID48,DID619
CID48,DID85
CID49,DID253
CID49,DID602
CID50,DID668
CID50,DID685
CID51,DID484
CID51,DID660
CID52,DID716
CID52,DID99
CID53,DID718
CID53,DID855
CID54,DID25
CID54,DID699
CID55,DID404
CID55,DID492
CID56,DID499
CID56,DID948
CID57,DID363
CID57,DID921
CID58,DID259
CID58,DID832
CID59,DID657
CID59,DID697
CID60,DID292
CID60,DID614
CID61,DID101
CID61,DID681
CID62,DID29
CID62,DID46
CID63,DID604
CID63,DID984
CID64,DID484
CID64,DID547
CID65,DID434
CID65,DID741
CID66,DID564
CID66,DID962
CID67,DID235
CID67,DID988
CID68,DID858
CID68,DID865
CID69,DID461
CID69,DID524
CID70,DID333
CID70,DID366
CID71,DID397
CID71,DID807
CID72,DID353
CID72,DID513
CID73,DID233
CID73,DID528
CID74,DID455
CID74,DID964
CID75,DID490
CID75,DID519
CID76,DID346
CID76,DID759
CID77,DID149
CID77,DID551
CID78,DID182
CID78,DID786
CID79,DID444
CID79,DID921
CID80,DID300
CID80,DID869
CID81,DID193
CID81,DID358
CID82,DID130
CID82,DID412
CID83,DID133
CID83,DID471
CID84,DID18
CID84,DID815
CID85,DID504
CID85,DID8
CID86,DID1000
CID86,DID879
CID87,DID374
CID87,DID556
CID88,DID38
CID88,DID63
CID89,DID324
CID89,DID939
CID90,DID254
CID90,DID78
CID91,DID108
CID91,DID961
CID92,DID536
CID92,DID968
CID93,DID177
CID93,DID407
CID94,DID131
CID94,DID945
CID95,DID240
CID95,DID668
CID96,DID522
CID96,DID664
CID97,DID14
CID97,DID657
CID98,DID19
CID98,DID717
CID99,DID345
CID99,DID896
CID100,DID501
CID100,DID814
CID101,DID468
CID101,DID715
CID102,DID143
CID102,DID636
CID103,DID322
CID103,DID767
CID104,DID324
CID104,DID993
CID105,DID364
CID105,DID572
CID106,DID280
CID106,DID816
CID107,DID345
CID107,DID750
CID108,DID175
CID108,DID382
CID109,DID784
CID109,DID964
CID110,DID421
CID110,DID632
CID111,DID129
CID111,DID972
CID112,DID671
CID112,DID692
CID113,DID288
CID113,DID868
CID114,DID198
CID114,DID361
CID115,DID372
CID115,DID456
CID116,DID738
CID116,DID739
CID117,DID113
CID117,DID182
CID118,DID802
CID118,DID95
CID119,DID609
CID119,DID923
CID120,DID294
CID120,DID523
CID121,DID190
CID121,DID392
CID122,DID751
CID122,DID802
CID123,DID385
CID123,DID615
CID124,DID153
CID124,DID835
CID125,DID341
CID125,DID38
CID126,DID473
CID126,DID525
CID127,DID542
CID127,DID687
CID128,DID581
CID128,DID777
CID129,DID347
CID129,DID562
CID130,DID617
CID130,DID80
CID131,DID870
CID131,DID955
CID132,DID738
CID132,DID930
CID133,DID545
CID133,DID811
CID134,DID117
CID134,DID468
CID135,DID103
CID135,DID765
CID136,DID310
CID136,DID919
CID137,DID496
CID137,DID722
CID138,DID375
CID138,DID856
CID139,DID143
CID139,DID225
CID140,DID294
CID140,DID564
CID141,DID505
CID141,DID771
CID142,DID729
CID142,DID939
CID143,DID419
CID143,DID77
CID144,DID138
CID144,DID833
CID145,DID467
CID145,DID992
CID146,DID147
CID146,DID776
CID147,DID339
CID147,DID636
CID148,DID34
CID148,DID473
CID149,DID591
CID149,DID633
CID150,DID237
CID150,DID683
CID151,DID112
CID151,DID555
CID152,DID218
CID152,DID556
CID153,DID524
CID153,DID771
CID154,DID549
CID154,DID78
CID155,DID308
CID155,DID896
CID156,DID583
CID156,DID940
CID157,DID329
CID157,DID464
CID158,DID586
CID158,DID700
CID159,DID723
CID159,DID751
CID160,DID59
CID160,DID804
CID161,DID540
CID161,DID999
CID162,DID173
CID162,DID649
CID163,DID550
CID163,DID633
CID164,DID391
CID164,DID967
CID165,DID391
CID165,DID615
CID166,DID41
CID166,DID662
CID167,DID365
CID167,DID590
CID168,DID249
CID168,DID896
CID169,DID225
CID169,DID88
CID170,DID601
CID170,DID763
CID171,DID710
CID171,DID932
CID172,DID900
CID172,DID991
CID173,DID173
CID173,DID629
CID174,DID15
CID174,DID507
CID175,DID584
CID175,DID989
CID176,DID41
CID176,DID564
CID177,DID163
CID177,DID754
CID178,DID124
CID178,DID483
CID179,DID707
CID179,DID777
CID180,DID26
CID180,DID701
CID181,DID338
CID181,DID518
CID182,DID189
CID182,DID865
CID183,DID197
CID183,DID920
CID184,DID375
CID184,DID897
CID185,DID507
CID185,DID62
CID186,DID576
CID186,DID772
CID187,DID332
CID187,DID994
CID188,DID405
CID188,DID498
CID189,DID689
CID189,DID769
CID190,DID65
CID190,DID819
CID191,DID363
CID191,DID432
CID192,DID336
CID192,DID744
CID193,DID406
CID193,DID85
CID194,DID323
CID194,DID897
CID195,DID517
CID195,DID541
CID196,DID530
CID196,DID893
CID197,DID320
CID197,DID828
CID198,DID687
CID198,DID955
CID199,DID550
CID199,DID726
CID200,DID2
CID200,DID630
CID201,DID268
CID201,DID906
CID202,DID143
CID202,DID683
CID203,DID443
CID203,DID739
CID204,DID277
CID204,DID634
CID205,DID531
CID205,DID852
CID206,DID507
CID206,DID517
CID207,DID356
CID207,DID880
CID208,DID724
CID208,DID898
CID209,DID350
CID209,DID799
CID210,DID188
CID210,DID295
CID211,DID492
CID211,DID839
CID212,DID276
CID212,DID536
CID213,DID754
CID213,DID942
CID214,DID128
CID214,DID327
CID215,DID436
CID215,DID443
CID216,DID656
CID216,DID760
CID217,DID205
CID217,DID293
CID218,DID682
CID218,DID768
CID219,DID238
CID219,DID938
CID220,DID62
CID220,DID931
CID221,DID925
CID221,DID975
CID222,DID715
CID222,DID941
CID223,DID799
CID223,DID882
CID224,DID531
CID224,DID737
CID225,DID211
CID225,DID29
CID226,DID659
CID226,DID708
CID227,DID829
CID227,DID843
CID228,DID5
CID228,DID907
CID229,DID22
CID229,DID704
CID230,DID207
CID230,DID723
CID231,DID444
CID231,DID495
CID232,DID72
CID232,DID82
CID233,DID637
CID233,DID779
CID234,DID397
CID234,DID629
CID235,DID594
CID235,DID759
CID236,DID217
CID236,DID767
CID237,DID449
CID237,DID95
CID238,DID134
CID238,DID528
CID239,DID581
CID239,DID937
CID240,DID536
CID240,DID688
CID241,DID445
CID241,DID699
CID242,DID349
CID242,DID619
CID243,DID357
CID243,DID738
CID244,DID276
CID244,DID585
CID245,DID225
CID245,DID461
CID246,DID33
CID246,DID780
CID247,DID521
CID247,DID906
CID248,DID590
CID248,DID600
CID249,DID57
CID249,DID58
CID250,DID708
CID250,DID84
CID251,DID217
CID251,DID728
CID252,DID254
CID252,DID68
CID253,DID598
CID253,DID670
CID254,DID814
CID254,DID952
CID255,DID214
CID255,DID569
CID256,DID567
CID256,DID982
CID257,DID191
CID257,DID953
CID258,DID27
CID258,DID336
CID259,DID352
CID259,DID674
CID260,DID313
CID260,DID834
CID261,DID161
CID261,DID587
CID262,DID210
CID262,DID859
CID263,DID607
CID263,DID994
CID264,DID821
CID264,DID837
CID265,DID66
CID265,DID705
CID266,DID398
CID266,DID84
CID267,DID292
CID267,DID905
CID268,DID181
CID268,DID50
CID269,DID321
CID269,DID503
CID270,DID42
CID270,DID500
CID271,DID542
CID271,DID571
CID272,DID310
CID272,DID410
CID273,DID520
CID273,DID535
CID274,DID263
CID274,DID296
CID275,DID422
CID275,DID472
CID276,DID710
CID276,DID895
CID277,DID145
CID277,DID555
CID278,DID379
CID278,DID948
CID279,DID652
CID279,DID680
CID280,DID499
CID280,DID586
CID281,DID207
CID281,DID396
CID282,DID539
CID282,DID840
CID283,DID623
CID283,DID918
CID284,DID311
CID284,DID814
CID285,DID103
CID285,DID306
CID286,DID691
CID286,DID918
CID287,DID503
CID287,DID562
CID288,DID16
CID288,DID537
CID289,DID589
CID289,DID801
CID290,DID200
CID290,DID961
CID291,DID236
CID291,DID678
CID292,DID388
CID292,DID878
CID293,DID392
CID293,DID768
CID294,DID824
CID294,DID947
CID295,DID326
CID295,DID899
CID296,DID302
CID296,DID345
CID297,DID277
CID297,DID587
CID298,DID740
CID298,DID777
CID299,DID3
CID299,DID31
CID300,DID793
CID300,DID811
CID301,DID109
CID301,DID194
CID302,DID380
CID302,DID551
CID303,DID727
CID303,DID77
CID304,DID72
CID304,DID906
CID305,DID169
CID305,DID614
CID306,DID592
CID306,DID799
CID307,DID171
CID307,DID645
CID308,DID277
CID308,DID553
CID309,DID557
CID309,DID68
CID310,DID17
CID310,DID765
CID311,DID250
CID311,DID872
CID312,DID745
CID312,DID795
CID313,DID436
CID313,DID532
CID314,DID121
CID314,DID922
CID315,DID1000
CID315,DID455
CID316,DID794
CID316,DID971
CID317,DID697
CID317,DID978
CID318,DID758
CID318,DID872
CID319,DID206
CID319,DID30
CID320,DID154
CID320,DID515
CID321,DID488
CID321,DID834
CID322,DID527
CID322,DID920
CID323,DID350
CID323,DID628
CID324,DID579
CID324,DID618
CID325,DID709
CID325,DID829
CID326,DID238
CID326,DID563
CID327,DID178
CID327,DID39
CID328,DID555
CID328,DID653
CID329,DID405
CID329,DID679
CID330,DID439
CID330,DID948
CID331,DID687
CID331,DID900
CID332,DID35
CID332,DID920
CID333,DID15
CID333,DID740
CID334,DID701
CID334,DID889
CID335,DID511
CID335,DID528
CID336,DID213
CID336,DID433
CID337,DID249
CID337,DID636
CID338,DID609
CID338,DID645
CID339,DID513
CID339,DID732
CID340,DID107
CID340,DID418
CID341,DID207
CID341,DID898
CID342,DID24
CID342,DID745
CID343,DID331
CID343,DID79
CID344,DID302
CID344,DID760
CID345,DID18
CID345,DID447
CID346,DID448
CID346,DID679
CID347,DID838
CID347,DID945
CID348,DID459
CID348,DID879
CID349,DID282
CID349,DID390
CID350,DID267
CID350,DID997
CID351,DID489
CID351,DID579
CID352,DID373
CID352,DID883
CID353,DID602
CID353,DID837
CID354,DID189
CID354,DID935
CID355,DID924
CID355,DID93
CID356,DID44
CID356,DID626
CID357,DID1000
CID357,DID457
CID358,DID196
CID358,DID881
CID359,DID585
CID359,DID608
CID360,DID398
CID360,DID475
CID361,DID355
CID361,DID667
CID362,DID120
CID362,DID645
CID363,DID157
CID363,DID202
CID364,DID174
CID364,DID810
CID365,DID255
CID365,DID930
CID366,DID625
CID366,DID867
CID367,DID688
CID367,DID772
CID368,DID679
CID368,DID816
CID369,DID27
CID369,DID81
CID370,DID320
CID370,DID474
CID371,DID7
CID371,DID781
CID372,DID15
CID372,DID899
CID373,DID405
CID373,DID831
CID374,DID672
CID374,DID685
CID375,DID419
CID375,DID660
CID376,DID682
CID376,DID898
CID377,DID363
CID377,DID684
CID378,DID209
CID378,DID596
CID379,DID118
CID379,DID854
CID380,DID92
CID380,DID954
CID381,DID107
CID381,DID240
CID382,DID276
CID382,DID348
CID383,DID135
CID383,DID627
CID384,DID226
CID384,DID928
CID385,DID31
CID385,DID838
CID386,DID305
CID386,DID762
CID387,DID837
CID387,DID910
CID388,DID112
CID388,DID653
CID389,DID203
CID389,DID373
CID390,DID33
CID390,DID384
CID391,DID11
CID391,DID538
CID392,DID165
CID392,DID749
CID393,DID336
CID393,DID816
CID394,DID311
CID394,DID809
CID395,DID508
CID395,DID766
CID396,DID285
CID396,DID488
CID397,DID585
CID397,DID680
CID398,DID20
CID398,DID259
CID399,DID524
CID399,DID645
CID400,DID612
CID400,DID653
CID401,DID810
CID401,DID916
CID402,DID470
CID402,DID536
CID403,DID121
CID403,DID801
CID404,DID105
CID404,DID475
CID405,DID373
CID405,DID891
CID406,DID347
CID406,DID792
CID407,DID583
CID407,DID696
CID408,DID835
CID408,DID98
CID409,DID380
CID409,DID468
CID410,DID374
CID410,DID412
CID411,DID317
CID411,DID503
CID412,DID449
CID412,DID819
CID413,DID221
CID413,DID563
CID414,DID163
CID414,DID668
CID415,DID340
CID415,DID502
CID416,DID835
CID416,DID891
CID417,DID500
CID417,DID868
CID418,DID694
CID418,DID891
CID419,DID813
CID419,DID87
CID420,DID128
CID420,DID206
CID421,DID127
CID421,DID280
CID422,DID10
CID422,DID572
CID423,DID737
CID423,DID832
CID424,DID662
CID424,DID955
CID425,DID238
CID425,DID567
CID426,DID14
CID426,DID628
CID427,DID777
CID427,DID949
CID428,DID345
CID428,DID711
CID429,DID818
CID429,DID919
CID430,DID179
CID430,DID231
CID431,DID358
CID431,DID37
CID432,DID170
CID432,DID916
CID433,DID186
CID433,DID28
CID434,DID353
CID434,DID811
CID435,DID182
CID435,DID524
CID436,DID492
CID436,DID620
CID437,DID224
CID437,DID717
CID438,DID177
CID438,DID348
CID439,DID244
CID439,DID951
CID440,DID29
CID440,DID607
CID441,DID175
CID441,DID749
CID442,DID364
CID442,DID555
CID443,DID276
CID443,DID604
CID444,DID236
CID444,DID89
CID445,DID327
CID445,DID53
CID446,DID790
CID446,DID969
CID447,DID15
CID447,DID94
CID448,DID503
CID448,DID964
CID449,DID12
CID449,DID327
CID450,DID226
CID450,DID822
CID451,DID179
CID451,DID770
CID452,DID435
CID452,DID948
CID453,DID203
CID453,DID909
CID454,DID122
CID454,DID544
CID455,DID196
CID455,DID492
CID456,DID312
CID456,DID643
CID457,DID108
CID457,DID290
CID458,DID23
CID458,DID70
CID459,DID463
CID459,DID719
CID460,DID468
CID460,DID795
CID461,DID106
CID461,DID707
CID462,DID50
CID462,DID90
CID463,DID21
CID463,DID274
CID464,DID247
CID464,DID723
CID465,DID220
CID465,DID257
CID466,DID108
CID466,DID239
CID467,DID403
CID467,DID485
CID468,DID383
CID468,DID833
CID469,DID783
CID469,DID828
CID470,DID8
CID470,DID864
CID471,DID143
CID471,DID78
CID472,DID461
CID472,DID690
CID473,DID949
CID473,DID984
CID474,DID1
CID474,DID887
CID475,DID2
CID475,DID394
CID476,DID1000
CID476,DID90
CID477,DID581
CID477,DID699
CID478,DID236
CID478,DID496
CID479,DID438
CID479,DID704
CID480,DID189
CID480,DID435
CID481,DID121
CID481,DID363
CID482,DID756
CID482,DID798
CID483,DID651
CID483,DID902
CID484,DID104
CID484,DID151
CID485,DID543
CID485,DID824
CID486,DID148
CID486,DID184
CID487,DID595
CID487,DID941
CID488,DID365
CID488,DID528
CID489,DID121
CID489,DID31
CID490,DID111
CID490,DID460
CID491,DID326
CID491,DID57
CID492,DID313
CID492,DID822
CID493,DID341
CID493,DID4
CID494,DID717
CID494,DID781
CID495,DID236
CID495,DID281
CID496,DID220
CID496,DID77
CID497,DID719
CID497,DID981
CID498,DID2
CID498,DID613
CID499,DID70
CID499,DID952
CID500,DID579
CID500,DID923
CID501,DID149
CID501,DID425
CID502,DID174
CID502,DID387
CID503,DID234
CID503,DID300
CID504,DID229
CID504,DID904
CID505,DID635
CID505,DID905
CID506,DID796
CID506,DID920
CID507,DID118
CID507,DID880
CID508,DID418
CID508,DID936
CID509,DID341
CID509,DID526
CID510,DID467
CID510,DID620
CID511,DID126
CID511,DID980
CID512,DID246
CID512,DID560
CID513,DID227
CID513,DID284
CID514,DID235
CID514,DID327
CID515,DID86
CID515,DID90
CID516,DID433
CID516,DID463
CID517,DID221
CID517,DID719
CID518,DID588
CID518,DID769
CID519,DID484
CID519,DID600
CID520,DID592
CID520,DID736
CID521,DID124
CID521,DID98
CID522,DID24
CID522,DID692
CID523,DID103
CID523,DID498
CID524,DID216
CID524,DID317
CID525,DID235
CID525,DID91
CID526,DID444
CID526,DID714
CID527,DID149
CID527,DID260
CID528,DID808
CID528,DID815
CID529,DID611
CID529,DID641
CID530,DID17
CID530,DID454
CID531,DID114
CID531,DID860
CID532,DID270
CID532,DID519
CID533,DID645
CID533,DID960
CID534,DID164
CID534,DID807
CID535,DID143
CID535,DID546
CID536,DID648
CID536,DID775
CID537,DID324
CID537,DID852
CID538,DID780
CID538,DID970
CID539,DID335
CID539,DID828
CID540,DID613
CID540,DID656
CID541,DID417
CID541,DID592
CID542,DID518
CID542,DID698
CID543,DID393
CID543,DID808
CID544,DID928
CID544,DID974
CID545,DID126
CID545,DID421
CID546,DID297
CID546,DID449
CID547,DID184
CID547,DID349
CID548,DID172
CID548,DID461
CID549,DID310
CID549,DID659
CID550,DID281
CID550,DID462
CID551,DID489
CID551,DID869
CID552,DID566
CID552,DID687
CID553,DID499
CID553,DID963
CID554,DID493
CID554,DID987
CID555,DID306
CID555,DID8
CID556,DID758
CID556,DID909
CID557,DID102
CID557,DID886
CID558,DID302
CID558,DID601
CID559,DID611
CID559,DID822
CID560,DID209
CID560,DID414
CID561,DID605
CID561,DID980
CID562,DID47
CID562,DID556
CID563,DID334
CID563,DID791
CID564,DID595
CID564,DID999
CID565,DID466
CID565,DID727
CID566,DID415
CID566,DID517
CID567,DID124
CID567,DID858
CID568,DID681
CID568,DID764
CID569,DID111
CID569,DID624
CID570,DID112
CID570,DID605
CID571,DID718
CID571,DID835
CID572,DID280
CID572,DID508
CID573,DID204
CID573,DID853
CID574,DID248
CID574,DID281
CID575,DID317
CID575,DID73
CID576,DID385
CID576,DID888
CID577,DID286
CID577,DID382
CID578,DID529
CID578,DID630
CID579,DID559
CID579,DID658
CID580,DID360
CID580,DID545
CID581,DID234
CID581,DID681
CID582,DID812
CID582,DID881
CID583,DID290
CID583,DID653
CID584,DID287
CID584,DID478
CID585,DID316
CID585,DID58
CID586,DID49
CID586,DID507
CID587,DID578
CID587,DID675
CID588,DID75
CID588,DID814
CID589,DID13
CID589,DID23
CID590,DID141
CID590,DID770
CID591,DID273
CID591,DID63
CID592,DID145
CID592,DID994
CID593,DID189
CID593,DID597
CID594,DID357
CID594,DID652
CID595,DID256
CID595,DID428
CID596,DID360
CID596,DID630
CID597,DID630
CID597,DID66
CID598,DID248
CID598,DID749
CID599,DID39
CID599,DID823
CID600,DID570
CID600,DID781
CID601,DID210
CID601,DID976
CID602,DID39
CID602,DID645
CID603,DID34
CID603,DID348
CID604,DID185
CID604,DID559
CID605,DID351
CID605,DID919
CID606,DID547
CID606,DID772
CID607,DID293
CID607,DID542
CID608,DID178
CID608,DID811
CID609,DID116
CID609,DID956
CID610,DID141
CID610,DID48
CID611,DID175
CID611,DID73
CID612,DID54
CID612,DID720
CID613,DID336
CID613,DID439
CID614,DID183
CID614,DID323
CID615,DID158
CID615,DID95
CID616,DID138
CID616,DID220
CID617,DID272
CID617,DID715
CID618,DID105
CID618,DID441
CID619,DID237
CID619,DID848
CID620,DID519
CID620,DID938
CID621,DID625
CID621,DID771
CID622,DID19
CID622,DID243
CID623,DID813
CID623,DID995
CID624,DID784
CID624,DID907
CID625,DID257
CID625,DID972
CID626,DID379
CID626,DID87
CID627,DID308
CID627,DID604
CID628,DID789
CID628,DID983
CID629,DID184
CID629,DID422
CID630,DID451
CID630,DID812
CID631,DID468
CID631,DID922
CID632,DID9
CID632,DID953
CID633,DID163
CID633,DID703
CID634,DID292
CID634,DID485
CID635,DID631
CID635,DID974
CID636,DID601
CID636,DID616
CID637,DID859
CID637,DID869
CID638,DID626
CID638,DID628
CID639,DID810
CID639,DID9
CID640,DID117
CID640,DID512
CID641,DID297
CID641,DID752
CID642,DID693
CID642,DID897
CID643,DID257
CID643,DID766
CID644,DID529
CID644,DID895
CID645,DID902
CID645,DID955
CID646,DID633
CID646,DID92
CID647,DID736
CID647,DID953
CID648,DID820
CID648,DID934
CID649,DID379
CID649,DID443
CID650,DID420
CID650,DID886
CID651,DID416
CID651,DID996
CID652,DID309
CID652,DID860
CID653,DID557
CID653,DID686
CID654,DID320
CID654,DID561
CID655,DID407
CID655,DID538
CID656,DID272
CID656,DID543
CID657,DID72
CID657,DID759
CID658,DID598
CID658,DID831
CID659,DID116
CID659,DID556
CID660,DID170
CID660,DID828
CID661,DID125
CID661,DID211
CID662,DID161
CID662,DID778
CID663,DID565
CID663,DID86
CID664,DID157
CID664,DID767
CID665,DID148
CID665,DID431
CID666,DID217
CID666,DID379
CID667,DID550
CID667,DID937
CID668,DID638
CID668,DID735
CID669,DID79
CID669,DID981
CID670,DID115
CID670,DID41
CID671,DID267
CID671,DID381
CID672,DID419
CID672,DID817
CID673,DID746
CID673,DID903
CID674,DID473
CID674,DID955
CID675,DID351
CID675,DID378
CID676,DID461
CID676,DID699
CID677,DID177
CID677,DID84
CID678,DID609
CID678,DID699
CID679,DID479
CID679,DID611
CID680,DID485
CID680,DID776
CID681,DID498
CID681,DID734
CID682,DID213
CID682,DID307
CID683,DID388
CID683,DID788
CID684,DID124
CID684,DID789
CID685,DID218
CID685,DID452
CID686,DID472
CID686,DID568
CID687,DID404
CID687,DID787
CID688,DID457
CID688,DID675
CID689,DID201
CID689,DID957
CID690,DID51
CID690,DID728
CID691,DID760
CID691,DID81
CID692,DID357
CID692,DID459
CID693,DID339
CID693,DID415
CID694,DID479
CID694,DID513
CID695,DID591
CID695,DID873
CID696,DID113
CID696,DID876
CID697,DID652
CID697,DID980
CID698,DID192
CID698,DID992
CID699,DID701
CID699,DID798
CID700,DID114
CID700,DID501
CID701,DID195
CID701,DID791
CID702,DID164
CID702,DID924
CID703,DID144
CID703,DID388
CID704,DID229
CID704,DID561
CID705,DID49
CID705,DID814
CID706,DID622
CID706,DID762
CID707,DID640
CID707,DID947
CID708,DID358
CID708,DID951
CID709,DID878
CID709,DID93
CID710,DID126
CID710,DID316
CID711,DID656
CID711,DID708
CID712,DID120
CID712,DID871
CID713,DID267
CID713,DID278
CID714,DID647
CID714,DID74
CID715,DID137
CID715,DID386
CID716,DID580
CID716,DID923
CID717,DID438
CID717,DID621
CID718,DID447
CID718,DID882
CID719,DID134
CID719,DID535
CID720,DID101
CID720,DID802
CID721,DID620
CID721,DID70
CID722,DID13
CID722,DID795
CID723,DID853
CID723,DID948
CID724,DID422
CID724,DID999
CID725,DID27
CID725,DID845
CID726,DID518
CID726,DID719
CID727,DID344
CID727,DID833
CID728,DID381
CID728,DID477
CID729,DID307
CID729,DID610
CID730,DID512
CID730,DID541
CID731,DID415
CID731,DID61
CID732,DID301
CID732,DID505
CID733,DID161
CID733,DID186
CID734,DID203
CID734,DID664
CID735,DID174
CID735,DID683
CID736,DID305
CID736,DID750
CID737,DID360
CID737,DID831
CID738,DID356
CID738,DID476
CID739,DID158
CID739,DID402
CID740,DID252
CID740,DID782
CID741,DID241
CID741,DID313
CID742,DID367
CID742,DID559
CID743,DID92
CID743,DID959
CID744,DID10
CID744,DID823
CID745,DID396
CID745,DID794
CID746,DID10
CID746,DID344
CID747,DID383
CID747,DID590
CID748,DID180
CID748,DID20
CID749,DID328
CID749,DID863
CID750,DID527
CID750,DID780
CID751,DID497
CID751,DID987
CID752,DID354
CID752,DID941
CID753,DID145
CID753,DID441
CID754,DID165
CID754,DID515
CID755,DID122
CID755,DID483
CID756,DID125
CID756,DID150
CID757,DID546
CID757,DID743
CID758,DID29
CID758,DID956
CID759,DID187
CID759,DID859
CID760,DID144
CID760,DID936
CID761,DID150
CID761,DID169
CID762,DID384
CID762,DID736
CID763,DID451
CID763,DID547
CID764,DID571
CID764,DID855
CID765,DID230
CID765,DID587
CID766,DID869
CID766,DID94
CID767,DID348
CID767,DID893
CID768,DID34
CID768,DID681
CID769,DID524
CID769,DID699
CID770,DID117
CID770,DID88
CID771,DID11
CID771,DID694
CID772,DID125
CID772,DID984
CID773,DID411
CID773,DID604
CID774,DID646
CID774,DID773
CID775,DID440
CID775,DID996
CID776,DID221
CID776,DID982
CID777,DID51
CID777,DID601
CID778,DID748
CID778,DID797
CID779,DID172
CID779,DID841
CID780,DID385
CID780,DID443
CID781,DID357
CID781,DID468
CID782,DID270
CID782,DID46
CID783,DID150
CID783,DID662
CID784,DID385
CID784,DID401
CID785,DID245
CID785,DID710
CID786,DID21
CID786,DID88
CID787,DID263
CID787,DID758
CID788,DID307
CID788,DID778
CID789,DID157
CID789,DID868
CID790,DID137
CID790,DID493
CID791,DID119
CID791,DID35
CID792,DID187
CID792,DID292
CID793,DID233
CID793,DID386
CID794,DID294
CID794,DID830
CID795,DID318
CID795,DID752
CID796,DID425
CID796,DID697
CID797,DID316
CID797,DID854
CID798,DID260
CID798,DID964
CID799,DID377
CID799,DID576
CID800,DID386
CID800,DID829
CID801,DID332
CID801,DID882
CID802,DID68
CID802,DID787
CID803,DID125
CID803,DID936
CID804,DID127
CID804,DID286
CID805,DID533
CID805,DID950
CID806,DID59
CID806,DID789
CID807,DID340
CID807,DID984
CID808,DID298
CID808,DID589
CID809,DID384
CID809,DID770
CID810,DID674
CID810,DID703
CID811,DID23
CID811,DID510
CID812,DID212
CID812,DID232
CID813,DID822
CID813,DID969
CID814,DID625
CID814,DID665
CID815,DID750
CID815,DID960
CID816,DID671
CID816,DID802
CID817,DID8
CID817,DID875
CID818,DID482
CID818,DID66
CID819,DID348
CID819,DID91
CID820,DID248
CID820,DID294
CID821,DID675
CID821,DID921
CID822,DID129
CID822,DID146
CID823,DID298
CID823,DID72
CID824,DID59
CID824,DID788
CID825,DID19
CID825,DID244
CID826,DID201
CID826,DID971
CID827,DID927
CID827,DID988
CID828,DID164
CID828,DID379
CID829,DID587
CID829,DID914
CID830,DID91
CID830,DID97
CID831,DID18
CID831,DID996
CID832,DID157
CID832,DID646
CID833,DID328
CID833,DID695
CID834,DID527
CID834,DID802
CID835,DID51
CID835,DID551
CID836,DID484
CID836,DID748
CID837,DID208
CID837,DID385
CID838,DID597
CID838,DID710
CID839,DID656
CID839,DID823
CID840,DID21
CID840,DID436
CID841,DID648
CID841,DID778
CID842,DID412
CID842,DID940
CID843,DID465
CID843,DID971
CID844,DID767
CID844,DID904
CID845,DID853
CID845,DID955
CID846,DID121
CID846,DID841
CID847,DID293
CID847,DID932
CID848,DID561
CID848,DID79
CID849,DID342
CID849,DID961
CID850,DID510
CID850,DID613
CID851,DID955
CID851,DID960
CID852,DID126
CID852,DID496
CID853,DID202
CID853,DID365
CID854,DID284
CID854,DID846
CID855,DID766
CID855,DID843
CID856,DID208
CID856,DID877
CID857,DID658
CID857,DID680
CID858,DID30
CID858,DID862
CID859,DID629
CID859,DID855
CID860,DID547
CID860,DID646
CID861,DID612
CID861,DID769
CID862,DID226
CID862,DID99
CID863,DID484
CID863,DID786
CID864,DID200
CID864,DID584
CID865,DID675
CID865,DID69
CID866,DID226
CID866,DID997
CID867,DID364
CID867,DID584
CID868,DID363
CID868,DID96
CID869,DID75
CID869,DID838
CID870,DID740
CID870,DID922
CID871,DID670
CID871,DID928
CID872,DID594
CID872,DID680
CID873,DID280
CID873,DID529
CID874,DID201
CID874,DID271
CID875,DID457
CID875,DID553
CID876,DID176
CID876,DID824
CID877,DID109
CID877,DID402
CID878,DID375
CID878,DID594
CID879,DID209
CID879,DID731
CID880,DID939
CID880,DID994
CID881,DID674
CID881,DID794
CID882,DID660
CID882,DID859
CID883,DID204
CID883,DID528
CID884,DID671
CID884,DID906
CID885,DID317
CID885,DID596
CID886,DID545
CID886,DID597
CID887,DID284
CID887,DID705
CID888,DID417
CID888,DID54
CID889,DID169
CID889,DID337
CID890,DID529
CID890,DID793
CID891,DID115
CID891,DID496
CID892,DID373
CID892,DID556
CID893,DID354
CID893,DID651
CID894,DID627
CID894,DID970
CID895,DID587
CID895,DID679
CID896,DID569
CID896,DID885
CID897,DID80
CID897,DID833
CID898,DID445
CID898,DID566
CID899,DID378
CID899,DID685
CID900,DID448
CID900,DID553
CID901,DID559
CID901,DID633
CID902,DID26
CID902,DID733
CID903,DID284
CID903,DID887
CID904,DID315
CID904,DID850
CID905,DID677
CID905,DID909
CID906,DID734
CID906,DID938
CID907,DID265
CID907,DID817
CID908,DID386
CID908,DID584
CID909,DID162
CID909,DID724
CID910,DID851
CID910,DID965
CID911,DID548
CID911,DID861
CID912,DID403
CID912,DID920
CID913,DID229
CID913,DID588
CID914,DID273
CID914,DID814
CID915,DID116
CID915,DID582
CID916,DID317
CID916,DID803
CID917,DID202
CID917,DID343
CID918,DID526
CID918,DID80
CID919,DID177
CID919,DID848
CID920,DID610
CID920,DID885
CID921,DID601
CID921,DID708
CID922,DID413
CID922,DID556
CID923,DID424
CID923,DID636
CID924,DID398
CID924,DID80
CID925,DID808
CID925,DID852
CID926,DID18
CID926,DID516
CID927,DID636
CID927,DID78
CID928,DID173
CID928,DID264
CID929,DID215
CID929,DID338
CID930,DID2
CID930,DID240
CID931,DID176
CID931,DID818
CID932,DID461
CID932,DID563
CID933,DID178
CID933,DID872
CID934,DID156
CID934,DID799
CID935,DID179
CID935,DID536
CID936,DID394
CID936,DID579
CID937,DID150
CID937,DID297
CID938,DID354
CID938,DID783
CID939,DID437
CID939,DID509
CID940,DID407
CID940,DID548
CID941,DID72
CID941,DID960
CID942,DID358
CID942,DID969
CID943,DID502
CID943,DID641
CID944,DID387
CID944,DID39
CID945,DID221
CID945,DID754
CID946,DID46
CID946,DID631
CID947,DID857
CID947,DID895
CID948,DID4
CID948,DID407
CID949,DID411
CID949,DID752
CID950,DID427
CID950,DID739
CID951,DID190
CID951,DID542
CID952,DID105
CID952,DID93
CID953,DID580
CID953,DID869
CID954,DID385
CID954,DID881
CID955,DID581
CID955,DID725
CID956,DID495
CID956,DID935
CID957,DID493
CID957,DID52
CID958,DID435
CID958,DID897
CID959,DID106
CID959,DID750
CID960,DID170
CID960,DID831
CID961,DID379
CID961,DID970
CID962,DID796
CID962,DID86
CID963,DID162
CID963,DID925
CID964,DID38
CID964,DID545
CID965,DID681
CID965,DID909
CID966,DID121
CID966,DID8
CID967,DID636
CID967,DID814
CID968,DID432
CID968,DID776
CID969,DID171
CID969,DID539
CID970,DID51
CID970,DID841
CID971,DID988
CID971,DID992
CID972,DID242
CID972,DID546
CID973,DID147
CID973,DID260
CID974,DID412
CID974,DID976
CID975,DID83
CID975,DID885
CID976,DID709
CID976,DID765
CID977,DID16
CID977,DID663
CID978,DID248
CID978,DID998
CID979,DID3
CID979,DID349
CID980,DID155
CID980,DID77
CID981,DID315
CID981,DID935
CID982,DID70
CID982,DID844
CID983,DID321
CID983,DID876
CID984,DID482
CID984,DID82
CID985,DID197
CID985,DID908
CID986,DID267
CID986,DID465
CID987,DID242
CID987,DID999
CID988,DID707
CID988,DID958
CID989,DID329
CID989,DID998
CID990,DID438
CID990,DID587
CID991,DID228
CID991,DID758
CID992,DID471
CID992,DID569
CID993,DID850
CID993,DID874
CID994,DID21
CID994,DID762
CID995,DID313
CID995,DID743
CID996,DID381
CID996,DID871
CID997,DID155
CID997,DID727
CID998,DID297
CID998,DID996
CID999,DID404
CID999,DID451
CID1000,DID502
CID1000,DID526
CID1001,DID31
CID1001,DID679
CID1002,DID185
CID1002,DID523
CID1003,DID300
CID1003,DID524
CID1004,DID137
CID1004,DID733
CID1005,DID133
CID1005,DID723
CID1006,DID511
CID1006,DID627
CID1007,DID383
CID1007,DID932
CID1008,DID372
CID1008,DID745
CID1009,DID275
CID1009,DID783
CID1010,DID821
CID1010,DID843
CID1011,DID279
CID1011,DID468
CID1012,DID179
CID1012,DID743
CID1013,DID563
CID1013,DID850
CID1014,DID130
CID1014,DID5
CID1015,DID43
CID1015,DID630
CID1016,DID212
CID1016,DID254
CID1017,DID428
CID1017,DID630
CID1018,DID708
CID1018,DID798
CID1019,DID29
CID1019,DID592
CID1020,DID421
CID1020,DID939
CID1021,DID570
CID1021,DID614
CID1022,DID451
CID1022,DID863
CID1023,DID339
CID1023,DID348
CID1024,DID374
CID1024,DID988
CID1025,DID645
CID1025,DID653
CID1026,DID337
CID1026,DID760
CID1027,DID122
CID1027,DID199
CID1028,DID112
CID1028,DID164
CID1029,DID266
CID1029,DID323
CID1030,DID124
CID1030,DID954
CID1031,DID521
CID1031,DID950
CID1032,DID729
CID1032,DID752
CID1033,DID178
CID1033,DID522
CID1034,DID603
CID1034,DID860
CID1035,DID155
CID1035,DID913
CID1036,DID234
CID1036,DID901
CID1037,DID101
CID1037,DID880
CID1038,DID406
CID1038,DID424
CID1039,DID146
CID1039,DID518
CID1040,DID321
CID1040,DID476
CID1041,DID721
CID1041,DID930
CID1042,DID502
CID1042,DID818
CID1043,DID209
CID1043,DID738
CID1044,DID551
CID1044,DID788
CID1045,DID268
CID1045,DID337
CID1046,DID433
CID1046,DID629
CID1047,DID300
CID1047,DID443
CID1048,DID240
CID1048,DID991
CID1049,DID695
CID1049,DID74
CID1050,DID655
CID1050,DID87
CID1051,DID738
CID1051,DID819
CID1052,DID351
CID1052,DID98
CID1053,DID214
CID1053,DID74
CID1054,DID208
CID1054,DID424
CID1055,DID735
CID1055,DID746
CID1056,DID302
CID1056,DID393
CID1057,DID772
CID1057,DID992
CID1058,DID213
CID1058,DID973
CID1059,DID422
CID1059,DID765
CID1060,DID369
CID1060,DID6
CID1061,DID414
CID1061,DID612
CID1062,DID613
CID1062,DID673
CID1063,DID258
CID1063,DID957
CID1064,DID356
CID1064,DID396
CID1065,DID195
CID1065,DID767
CID1066,DID14
CID1066,DID356
CID1067,DID28
CID1067,DID342
CID1068,DID26
CID1068,DID51
CID1069,DID811
CID1069,DID829
CID1070,DID199
CID1070,DID70
CID1071,DID43
CID1071,DID702
CID1072,DID411
CID1072,DID573
CID1073,DID383
CID1073,DID988
CID1074,DID54
CID1074,DID686
CID1075,DID151
CID1075,DID70
CID1076,DID618
CID1076,DID843
CID1077,DID583
CID1077,DID655
CID1078,DID173
CID1078,DID4
CID1079,DID411
CID1079,DID648
CID1080,DID704
CID1080,DID907
CID1081,DID195
CID1081,DID294
CID1082,DID403
CID1082,DID909
CID1083,DID133
CID1083,DID469
CID1084,DID489
CID1084,DID711
CID1085,DID247
CID1085,DID519
CID1086,DID593
CID1086,DID951
CID1087,DID351
CID1087,DID903
CID1088,DID74
CID1088,DID860
CID1089,DID315
CID1089,DID906
CID1090,DID884
CID1090,DID942
CID1091,DID423
CID1091,DID86
CID1092,DID592
CID1092,DID790
CID1093,DID166
CID1093,DID854
CID1094,DID408
CID1094,DID849
CID1095,DID626
CID1095,DID706
CID1096,DID803
CID1096,DID949
CID1097,DID345
CID1097,DID386
CID1098,DID118
CID1098,DID503
CID1099,DID151
CID1099,DID963
CID1100,DID251
CID1100,DID956
CID1101,DID20
CID1101,DID742
CID1102,DID587
CID1102,DID601
CID1103,DID333
CID1103,DID784
CID1104,DID267
CID1104,DID632
CID1105,DID721
CID1105,DID972
CID1106,DID547
CID1106,DID929
CID1107,DID155
CID1107,DID49
CID1108,DID246
CID1108,DID461
CID1109,DID40
CID1109,DID72
CID1110,DID328
CID1110,DID979
CID1111,DID249
CID1111,DID516
CID1112,DID353
CID1112,DID713
CID1113,DID502
CID1113,DID735
CID1114,DID441
CID1114,DID512
CID1115,DID208
CID1115,DID596
CID1116,DID175
CID1116,DID487
CID1117,DID469
CID1117,DID856
CID1118,DID549
CID1118,DID975
CID1119,DID108
CID1119,DID207
CID1120,DID110
CID1120,DID911
CID1121,DID818
CID1121,DID944
CID1122,DID126
CID1122,DID542
CID1123,DID234
CID1123,DID413
CID1124,DID116
CID1124,DID436
CID1125,DID796
CID1125,DID99
CID1126,DID615
CID1126,DID916
CID1127,DID728
CID1127,DID929
CID1128,DID280
CID1128,DID419
CID1129,DID240
CID1129,DID897
CID1130,DID350
CID1130,DID599
CID1131,DID247
CID1131,DID726
CID1132,DID604
CID1132,DID876
CID1133,DID210
CID1133,DID420
CID1134,DID482
CID1134,DID530
CID1135,DID488
CID1135,DID857
CID1136,DID551
CID1136,DID842
CID1137,DID459
CID1137,DID769
CID1138,DID468
CID1138,DID918
CID1139,DID738
CID1139,DID751
CID1140,DID175
CID1140,DID456
CID1141,DID784
CID1141,DID842
CID1142,DID563
CID1142,DID79
CID1143,DID185
CID1143,DID522
CID1144,DID667
CID1144,DID754
CID1145,DID10
CID1145,DID104
CID1146,DID446
CID1146,DID968
CID1147,DID442
CID1147,DID709
CID1148,DID182
CID1148,DID600
CID1149,DID455
CID1149,DID672
CID1150,DID442
CID1150,DID524
CID1151,DID710
CID1151,DID867
CID1152,DID388
CID1152,DID567
CID1153,DID452
CID1153,DID780
CID1154,DID607
CID1154,DID860
CID1155,DID652
CID1155,DID705
CID1156,DID208
CID1156,DID920
CID1157,DID280
CID1157,DID875
CID1158,DID305
CID1158,DID572
CID1159,DID649
CID1159,DID818
CID1160,DID409
CID1160,DID445
CID1161,DID419
CID1161,DID663
CID1162,DID956
CID1162,DID975
CID1163,DID488
CID1163,DID632
CID1164,DID294
CID1164,DID935
CID1165,DID501
CID1165,DID733
CID1166,DID179
CID1166,DID388
CID1167,DID301
CID1167,DID526
CID1168,DID875
CID1168,DID984
CID1169,DID57
CID1169,DID965
CID1170,DID201
CID1170,DID365
CID1171,DID838
CID1171,DID974
CID1172,DID598
CID1172,DID662
CID1173,DID443
CID1173,DID848
CID1174,DID159
CID1174,DID636
CID1175,DID173
CID1175,DID277
CID1176,DID518
CID1176,DID691
CID1177,DID274
CID1177,DID959
CID1178,DID365
CID1178,DID826
CID1179,DID217
CID1179,DID950
CID1180,DID408
CID1180,DID830
CID1181,DID467
CID1181,DID882
CID1182,DID232
CID1182,DID573
CID1183,DID296
CID1183,DID523
CID1184,DID202
CID1184,DID662
CID1185,DID258
CID1185,DID357
CID1186,DID396
CID1186,DID638
CID1187,DID317
CID1187,DID359
CID1188,DID423
CID1188,DID505
CID1189,DID636
CID1189,DID929
CID1190,DID345
CID1190,DID588
CID1191,DID342
CID1191,DID925
CID1192,DID114
CID1192,DID76
CID1193,DID245
CID1193,DID683
CID1194,DID333
CID1194,DID856
CID1195,DID662
CID1195,DID87
CID1196,DID182
CID1196,DID982
CID1197,DID142
CID1197,DID388
CID1198,DID106
CID1198,DID375
CID1199,DID429
CID1199,DID619
CID1200,DID458
CID1200,DID811
CID1201,DID407
CID1201,DID955
CID1202,DID583
CID1202,DID787
CID1203,DID130
CID1203,DID98
CID1204,DID393
CID1204,DID720
CID1205,DID440
CID1205,DID753
CID1206,DID869
CID1206,DID984
CID1207,DID387
CID1207,DID390
CID1208,DID707
CID1208,DID849
CID1209,DID55
CID1209,DID902
CID1210,DID400
CID1210,DID477
CID1211,DID444
CID1211,DID665
CID1212,DID369
CID1212,DID559
CID1213,DID675
CID1213,DID712
CID1214,DID643
CID1214,DID903
CID1215,DID529
CID1215,DID726
CID1216,DID546
CID1216,DID917
CID1217,DID249
CID1217,DID73
CID1218,DID350
CID1218,DID888
CID1219,DID659
CID1219,DID94
CID1220,DID357
CID1220,DID385
CID1221,DID310
CID1221,DID76
CID1222,DID269
CID1222,DID942
CID1223,DID380
CID1223,DID798
CID1224,DID757
CID1224,DID96
CID1225,DID243
CID1225,DID332
CID1226,DID167
CID1226,DID266
CID1227,DID399
CID1227,DID94
CID1228,DID420
CID1228,DID508
CID1229,DID226
CID1229,DID591
CID1230,DID294
CID1230,DID917
CID1231,DID74
CID1231,DID93
CID1232,DID219
CID1232,DID41
CID1233,DID480
CID1233,DID972
CID1234,DID73
CID1234,DID933
CID1235,DID23
CID1235,DID667
CID1236,DID463
CID1236,DID861
CID1237,DID207
CID1237,DID915
CID1238,DID249
CID1238,DID436
CID1239,DID731
CID1239,DID971
CID1240,DID650
CID1240,DID935
CID1241,DID255
CID1241,DID821
CID1242,DID464
CID1242,DID889
CID1243,DID830
CID1243,DID889
CID1244,DID135
CID1244,DID619
CID1245,DID250
CID1245,DID439
CID1246,DID473
CID1246,DID557
CID1247,DID116
CID1247,DID464
CID1248,DID835
CID1248,DID959
CID1249,DID76
CID1249,DID854
CID1250,DID94
CID1250,DID946
CID1251,DID787
CID1251,DID984
CID1252,DID209
CID1252,DID454
CID1253,DID591
CID1253,DID81
CID1254,DID377
CID1254,DID568
CID1255,DID113
CID1255,DID577
CID1256,DID227
CID1256,DID523
CID1257,DID555
CID1257,DID962
CID1258,DID100
CID1258,DID827
CID1259,DID210
CID1259,DID294
CID1260,DID165
CID1260,DID251
CID1261,DID874
CID1261,DID919
CID1262,DID880
CID1262,DID892
CID1263,DID632
CID1263,DID711
CID1264,DID740
CID1264,DID827
CID1265,DID268
CID1265,DID357
CID1266,DID441
CID1266,DID529
CID1267,DID32
CID1267,DID554
CID1268,DID354
CID1268,DID79
CID1269,DID174
CID1269,DID540
CID1270,DID116
CID1270,DID678
CID1271,DID335
CID1271,DID57
CID1272,DID603
CID1272,DID851
CID1273,DID265
CID1273,DID307
CID1274,DID442
CID1274,DID474
CID1275,DID912
CID1275,DID945
CID1276,DID866
CID1276,DID954
CID1277,DID321
CID1277,DID612
CID1278,DID250
CID1278,DID911
CID1279,DID436
CID1279,DID889
CID1280,DID337
CID1280,DID701
CID1281,DID247
CID1281,DID303
CID1282,DID253
CID1282,DID98
CID1283,DID794
CID1283,DID824
CID1284,DID354
CID1284,DID487
CID1285,DID264
CID1285,DID973
CID1286,DID667
CID1286,DID851
CID1287,DID222
CID1287,DID710
CID1288,DID418
CID1288,DID628
CID1289,DID59
CID1289,DID759
CID1290,DID303
CID1290,DID986
CID1291,DID287
CID1291,DID618
CID1292,DID215
CID1292,DID893
CID1293,DID130
CID1293,DID819
CID1294,DID70
CID1294,DID814
CID1295,DID16
CID1295,DID862
CID1296,DID20
CID1296,DID890
CID1297,DID468
CID1297,DID825
CID1298,DID301
CID1298,DID77
CID1299,DID163
CID1299,DID675
CID1300,DID247
CID1300,DID306
CID1301,DID631
CID1301,DID866
CID1302,DID463
CID1302,DID773
CID1303,DID317
CID1303,DID431
CID1304,DID74
CID1304,DID801
CID1305,DID327
CID1305,DID382
CID1306,DID537
CID1306,DID879
CID1307,DID683
CID1307,DID924
CID1308,DID389
CID1308,DID73
CID1309,DID688
CID1309,DID740
CID1310,DID518
CID1310,DID863
CID1311,DID307
CID1311,DID506
CID1312,DID283
CID1312,DID681
CID1313,DID836
CID1313,DID883
CID1314,DID376
CID1314,DID448
CID1315,DID75
CID1315,DID804
CID1316,DID873
CID1316,DID919
CID1317,DID194
CID1317,DID262
CID1318,DID353
CID1318,DID927
CID1319,DID627
CID1319,DID647
CID1320,DID609
CID1320,DID735
CID1321,DID751
CID1321,DID851
CID1322,DID623
CID1322,DID922
CID1323,DID603
CID1323,DID798
CID1324,DID141
CID1324,DID980
CID1325,DID54
CID1325,DID873
CID1326,DID144
CID1326,DID516
CID1327,DID177
CID1327,DID52
CID1328,DID403
CID1328,DID8
CID1329,DID421
CID1329,DID605
CID1330,DID342
CID1330,DID932
CID1331,DID557
CID1331,DID739
CID1332,DID653
CID1332,DID853
CID1333,DID469
CID1333,DID793
CID1334,DID264
CID1334,DID334
CID1335,DID515
CID1335,DID948
CID1336,DID588
CID1336,DID694
CID1337,DID494
CID1337,DID974
CID1338,DID334
CID1338,DID681
CID1339,DID207
CID1339,DID39
CID1340,DID764
CID1340,DID845
CID1341,DID184
CID1341,DID947
CID1342,DID201
CID1342,DID693
CID1343,DID14
CID1343,DID236
CID1344,DID595
CID1344,DID913
CID1345,DID980
CID1345,DID997
CID1346,DID198
CID1346,DID849
CID1347,DID146
CID1347,DID849
CID1348,DID389
CID1348,DID559
CID1349,DID553
CID1349,DID639
CID1350,DID125
CID1350,DID620
CID1351,DID46
CID1351,DID654
CID1352,DID235
CID1352,DID326
CID1353,DID447
CID1353,DID862
CID1354,DID554
CID1354,DID775
CID1355,DID613
CID1355,DID849
CID1356,DID279
CID1356,DID844
CID1357,DID244
CID1357,DID956
CID1358,DID375
CID1358,DID930
CID1359,DID326
CID1359,DID887
CID1360,DID32
CID1360,DID501
CID1361,DID149
CID1361,DID27
CID1362,DID196
CID1362,DID626
CID1363,DID684
CID1363,DID753
CID1364,DID91
CID1364,DID944
CID1365,DID380
CID1365,DID63
CID1366,DID160
CID1366,DID171
CID1367,DID405
CID1367,DID62
CID1368,DID933
CID1368,DID961
CID1369,DID255
CID1369,DID705
CID1370,DID315
CID1370,DID91
CID1371,DID392
CID1371,DID508
CID1372,DID430
CID1372,DID957
CID1373,DID362
CID1373,DID941
CID1374,DID707
CID1374,DID955
CID1375,DID231
CID1375,DID872
CID1376,DID626
CID1376,DID851
CID1377,DID713
CID1377,DID975
CID1378,DID441
CID1378,DID888
CID1379,DID118
CID1379,DID81
CID1380,DID452
CID1380,DID482
CID1381,DID377
CID1381,DID62
CID1382,DID402
CID1382,DID46
CID1383,DID232
CID1383,DID683
CID1384,DID317
CID1384,DID624
CID1385,DID567
CID1385,DID887
CID1386,DID205
CID1386,DID741
CID1387,DID743
CID1387,DID786
CID1388,DID248
CID1388,DID371
CID1389,DID355
CID1389,DID489
CID1390,DID228
CID1390,DID878
CID1391,DID522
CID1391,DID739
CID1392,DID314
CID1392,DID910
CID1393,DID474
CID1393,DID890
CID1394,DID163
CID1394,DID882
CID1395,DID158
CID1395,DID863
CID1396,DID418
CID1396,DID7
CID1397,DID181
CID1397,DID650
CID1398,DID435
CID1398,DID535
CID1399,DID554
CID1399,DID689
CID1400,DID508
CID1400,DID821
CID1401,DID509
CID1401,DID562
CID1402,DID499
CID1402,DID896
CID1403,DID524
CID1403,DID61
CID1404,DID163
CID1404,DID525
CID1405,DID31
CID1405,DID53
CID1406,DID192
CID1406,DID531
CID1407,DID452
CID1407,DID513
CID1408,DID471
CID1408,DID535
CID1409,DID119
CID1409,DID865
CID1410,DID365
CID1410,DID38
CID1411,DID419
CID1411,DID708
CID1412,DID312
CID1412,DID722
CID1413,DID709
CID1413,DID912
CID1414,DID185
CID1414,DID377
CID1415,DID604
CID1415,DID766
CID1416,DID811
CID1416,DID92
CID1417,DID221
CID1417,DID239
CID1418,DID699
CID1418,DID746
CID1419,DID127
CID1419,DID429
CID1420,DID477
CID1420,DID8
CID1421,DID152
CID1421,DID61
CID1422,DID525
CID1422,DID9
CID1423,DID613
CID1423,DID919
CID1424,DID172
CID1424,DID226
CID1425,DID417
CID1425,DID437
CID1426,DID558
CID1426,DID589
CID1427,DID146
CID1427,DID931
CID1428,DID474
CID1428,DID723
CID1429,DID284
CID1429,DID788
CID1430,DID637
CID1430,DID859
CID1431,DID186
CID1431,DID406
CID1432,DID116
CID1432,DID457
CID1433,DID420
CID1433,DID550
CID1434,DID66
CID1434,DID739
CID1435,DID265
CID1435,DID884
CID1436,DID590
CID1436,DID611
CID1437,DID269
CID1437,DID753
CID1438,DID397
CID1438,DID404
CID1439,DID203
CID1439,DID882
CID1440,DID12
CID1440,DID349
CID1441,DID147
CID1441,DID528
CID1442,DID580
CID1442,DID911
CID1443,DID143
CID1443,DID925
CID1444,DID626
CID1444,DID720
CID1445,DID696
CID1445,DID74
CID1446,DID431
CID1446,DID434
CID1447,DID356
CID1447,DID421
CID1448,DID555
CID1448,DID606
CID1449,DID137
CID1449,DID370
CID1450,DID125
CID1450,DID721
CID1451,DID197
CID1451,DID946
CID1452,DID135
CID1452,DID967
CID1453,DID301
CID1453,DID399
CID1454,DID207
CID1454,DID929
CID1455,DID120
CID1455,DID276
CID1456,DID50
CID1456,DID959
CID1457,DID136
CID1457,DID284
CID1458,DID596
CID1458,DID768
CID1459,DID524
CID1459,DID90
CID1460,DID661
CID1460,DID954
CID1461,DID670
CID1461,DID727
CID1462,DID417
CID1462,DID77
CID1463,DID112
CID1463,DID539
CID1464,DID176
CID1464,DID873
CID1465,DID17
CID1465,DID613
CID1466,DID34
CID1466,DID890
CID1467,DID126
CID1467,DID242
CID1468,DID388
CID1468,DID751
CID1469,DID675
CID1469,DID948
CID1470,DID385
CID1470,DID735
CID1471,DID254
CID1471,DID801
CID1472,DID411
CID1472,DID590
CID1473,DID402
CID1473,DID810
CID1474,DID267
CID1474,DID306
CID1475,DID232
CID1475,DID685
CID1476,DID103
CID1476,DID286
CID1477,DID456
CID1477,DID558
CID1478,DID209
CID1478,DID265
CID1479,DID339
CID1479,DID695
CID1480,DID140
CID1480,DID684
CID1481,DID312
CID1481,DID361
CID1482,DID258
CID1482,DID501
CID1483,DID853
CID1483,DID872
CID1484,DID611
CID1484,DID733
CID1485,DID345
CID1485,DID733
CID1486,DID140
CID1486,DID699
CID1487,DID196
CID1487,DID77
CID1488,DID513
CID1488,DID651
CID1489,DID704
CID1489,DID843
CID1490,DID377
CID1490,DID46
CID1491,DID452
CID1491,DID957
CID1492,DID400
CID1492,DID761
CID1493,DID79
CID1493,DID867
CID1494,DID348
CID1494,DID72
CID1495,DID240
CID1495,DID775
CID1496,DID315
CID1496,DID724
CID1497,DID282
CID1497,DID669
CID1498,DID406
CID1498,DID580
CID1499,DID629
CID1499,DID766
CID1500,DID180
CID1500,DID249
CID1501,DID246
CID1501,DID476
CID1502,DID149
CID1502,DID707
CID1503,DID135
CID1503,DID534
CID1504,DID178
CID1504,DID265
CID1505,DID571
CID1505,DID644
CID1506,DID807
CID1506,DID952
CID1507,DID135
CID1507,DID952
CID1508,DID570
CID1508,DID743
CID1509,DID591
CID1509,DID93
CID1510,DID33
CID1510,DID808
CID1511,DID147
CID1511,DID623
CID1512,DID751
CID1512,DID756
CID1513,DID258
CID1513,DID342
CID1514,DID287
CID1514,DID745
CID1515,DID234
CID1515,DID445
CID1516,DID447
CID1516,DID547
CID1517,DID459
CID1517,DID807
CID1518,DID443
CID1518,DID710
CID1519,DID13
CID1519,DID883
CID1520,DID261
CID1520,DID577
CID1521,DID785
CID1521,DID925
CID1522,DID218
CID1522,DID26
CID1523,DID602
CID1523,DID904
CID1524,DID410
CID1524,DID514
CID1525,DID454
CID1525,DID547
CID1526,DID281
CID1526,DID755
CID1527,DID578
CID1527,DID622
CID1528,DID511
CID1528,DID722
CID1529,DID481
CID1529,DID818
CID1530,DID289
CID1530,DID794
CID1531,DID506
CID1531,DID81
CID1532,DID584
CID1532,DID974
CID1533,DID363
CID1533,DID704
CID1534,DID636
CID1534,DID924
CID1535,DID355
CID1535,DID844
CID1536,DID456
CID1536,DID743
CID1537,DID415
CID1537,DID907
CID1538,DID117
CID1538,DID825
CID1539,DID389
CID1539,DID454
CID1540,DID231
CID1540,DID351
CID1541,DID806
CID1541,DID972
CID1542,DID405
CID1542,DID874
CID1543,DID211
CID1543,DID722
CID1544,DID287
CID1544,DID896
CID1545,DID231
CID1545,DID519
CID1546,DID436
CID1546,DID581
CID1547,DID871
CID1547,DID945
CID1548,DID396
CID1548,DID453
CID1549,DID185
CID1549,DID322
CID1550,DID552
CID1550,DID852
CID1551,DID305
CID1551,DID600
CID1552,DID505
CID1552,DID821
CID1553,DID24
CID1553,DID299
CID1554,DID542
CID1554,DID791
CID1555,DID346
CID1555,DID601
CID1556,DID675
CID1556,DID909
CID1557,DID607
CID1557,DID789
CID1558,DID417
CID1558,DID477
CID1559,DID426
CID1559,DID758
CID1560,DID153
CID1560,DID714
CID1561,DID171
CID1561,DID703
CID1562,DID454
CID1562,DID94
CID1563,DID139
CID1563,DID65
CID1564,DID10
CID1564,DID542
CID1565,DID309
CID1565,DID352
CID1566,DID678
CID1566,DID769
CID1567,DID321
CID1567,DID627
CID1568,DID442
CID1568,DID704
CID1569,DID107
CID1569,DID752
CID1570,DID443
CID1570,DID915
CID1571,DID590
CID1571,DID683
CID1572,DID373
CID1572,DID545
CID1573,DID1
CID1573,DID16
CID1574,DID559
CID1574,DID795
CID1575,DID71
CID1575,DID867
CID1576,DID325
CID1576,DID612
CID1577,DID641
CID1577,DID77
CID1578,DID214
CID1578,DID990
CID1579,DID551
CID1579,DID62
CID1580,DID417
CID1580,DID693
CID1581,DID16
CID1581,DID288
CID1582,DID290
CID1582,DID834
CID1583,DID551
CID1583,DID847
CID1584,DID613
CID1584,DID96
CID1585,DID523
CID1585,DID748
CID1586,DID133
CID1586,DID700
CID1587,DID299
CID1587,DID318
CID1588,DID373
CID1588,DID960
CID1589,DID511
CID1589,DID846
CID1590,DID203
CID1590,DID552
CID1591,DID145
CID1591,DID737
CID1592,DID587
CID1592,DID832
CID1593,DID180
CID1593,DID929
CID1594,DID488
CID1594,DID67
CID1595,DID242
CID1595,DID606
CID1596,DID718
CID1596,DID880
CID1597,DID194
CID1597,DID798
CID1598,DID562
CID1598,DID792
CID1599,DID5
CID1599,DID857
CID1600,DID188
CID1600,DID437
CID1601,DID457
CID1601,DID531
CID1602,DID348
CID1602,DID633
CID1603,DID467
CID1603,DID87
CID1604,DID270
CID1604,DID879
CID1605,DID237
CID1605,DID993
CID1606,DID218
CID1606,DID709
CID1607,DID307
CID1607,DID356
CID1608,DID461
CID1608,DID645
CID1609,DID331
CID1609,DID372
CID1610,DID310
CID1610,DID519
CID1611,DID189
CID1611,DID408
CID1612,DID302
CID1612,DID484
CID1613,DID203
CID1613,DID585
CID1614,DID535
CID1614,DID678
CID1615,DID214
CID1615,DID480
CID1616,DID132
CID1616,DID175
CID1617,DID276
CID1617,DID757
CID1618,DID301
CID1618,DID737
CID1619,DID472
CID1619,DID991
CID1620,DID270
CID1620,DID881
CID1621,DID301
CID1621,DID527
CID1622,DID469
CID1622,DID969
CID1623,DID673
CID1623,DID876
CID1624,DID954
CID1624,DID977
CID1625,DID730
CID1625,DID912
CID1626,DID280
CID1626,DID672
CID1627,DID278
CID1627,DID887
CID1628,DID471
CID1628,DID483
CID1629,DID38
CID1629,DID697
CID1630,DID514
CID1630,DID762
CID1631,DID561
CID1631,DID92
CID1632,DID133
CID1632,DID31
CID1633,DID439
CID1633,DID866
CID1634,DID685
CID1634,DID736
CID1635,DID719
CID1635,DID97
CID1636,DID522
CID1636,DID582
CID1637,DID788
CID1637,DID917
CID1638,DID511
CID1638,DID538
CID1639,DID254
CID1639,DID363
CID1640,DID50
CID1640,DID523
CID1641,DID782
CID1641,DID815
CID1642,DID780
CID1642,DID821
CID1643,DID245
CID1643,DID891
CID1644,DID100
CID1644,DID507
CID1645,DID847
CID1645,DID929
CID1646,DID761
CID1646,DID875
CID1647,DID205
CID1647,DID316
CID1648,DID792
CID1648,DID975
CID1649,DID369
CID1649,DID707
CID1650,DID238
CID1650,DID74
CID1651,DID412
CID1651,DID498
CID1652,DID123
CID1652,DID480
CID1653,DID381
CID1653,DID970
CID1654,DID52
CID1654,DID822
CID1655,DID147
CID1655,DID740
CID1656,DID377
CID1656,DID500
CID1657,DID319
CID1657,DID49
CID1658,DID277
CID1658,DID805
CID1659,DID461
CID1659,DID614
CID1660,DID569
CID1660,DID734
CID1661,DID230
CID1661,DID296
CID1662,DID445
CID1662,DID938
CID1663,DID260
CID1663,DID878
CID1664,DID347
CID1664,DID736
CID1665,DID310
CID1665,DID94
CID1666,DID276
CID1666,DID45
CID1667,DID250
CID1667,DID520
CID1668,DID502
CID1668,DID637
CID1669,DID395
CID1669,DID687
CID1670,DID192
CID1670,DID239
CID1671,DID656
CID1671,DID887
CID1672,DID18
CID1672,DID236
CID1673,DID479
CID1673,DID7
CID1674,DID439
CID1674,DID640
CID1675,DID15
CID1675,DID56
CID1676,DID622
CID1676,DID960
CID1677,DID201
CID1677,DID332
CID1678,DID203
CID1678,DID857
CID1679,DID681
CID1679,DID814
CID1680,DID166
CID1680,DID794
CID1681,DID596
CID1681,DID773
CID1682,DID340
CID1682,DID81
CID1683,DID209
CID1683,DID430
CID1684,DID639
CID1684,DID742
CID1685,DID283
CID1685,DID375
CID1686,DID18
CID1686,DID464
CID1687,DID179
CID1687,DID353
CID1688,DID848
CID1688,DID885
CID1689,DID208
CID1689,DID914
CID1690,DID400
CID1690,DID572
CID1691,DID668
CID1691,DID822
CID1692,DID115
CID1692,DID437
CID1693,DID35
CID1693,DID973
CID1694,DID314
CID1694,DID909
CID1695,DID236
CID1695,DID302
CID1696,DID124
CID1696,DID581
CID1697,DID703
CID1697,DID801
CID1698,DID569
CID1698,DID65
CID1699,DID635
CID1699,DID821
CID1700,DID14
CID1700,DID173
CID1701,DID880
CID1701,DID919
CID1702,DID83
CID1702,DID99
CID1703,DID390
CID1703,DID681
CID1704,DID115
CID1704,DID524
CID1705,DID129
CID1705,DID349
CID1706,DID150
CID1706,DID454
CID1707,DID837
CID1707,DID841
CID1708,DID596
CID1708,DID938
CID1709,DID589
CID1709,DID947
CID1710,DID773
CID1710,DID98
CID1711,DID429
CID1711,DID655
CID1712,DID406
CID1712,DID981
CID1713,DID611
CID1713,DID720
CID1714,DID509
CID1714,DID950
CID1715,DID911
CID1715,DID972
CID1716,DID47
CID1716,DID596
CID1717,DID274
CID1717,DID551
CID1718,DID328
CID1718,DID548
CID1719,DID364
CID1719,DID633
CID1720,DID390
CID1720,DID447
CID1721,DID121
CID1721,DID494
CID1722,DID563
CID1722,DID61
CID1723,DID33
CID1723,DID414
CID1724,DID20
CID1724,DID206
CID1725,DID354
CID1725,DID856
CID1726,DID121
CID1726,DID451
CID1727,DID680
CID1727,DID974
CID1728,DID499
CID1728,DID782
CID1729,DID767
CID1729,DID959
CID1730,DID429
CID1730,DID817
CID1731,DID519
CID1731,DID937
CID1732,DID127
CID1732,DID40
CID1733,DID346
CID1733,DID665
CID1734,DID414
CID1734,DID711
CID1735,DID307
CID1735,DID933
CID1736,DID363
CID1736,DID421
CID1737,DID843
CID1737,DID930
CID1738,DID241
CID1738,DID95
CID1739,DID244
CID1739,DID790
CID1740,DID211
CID1740,DID268
CID1741,DID195
CID1741,DID412
CID1742,DID191
CID1742,DID846
CID1743,DID551
CID1743,DID933
CID1744,DID473
CID1744,DID988
CID1745,DID299
CID1745,DID368
CID1746,DID873
CID1746,DID940
CID1747,DID421
CID1747,DID480
CID1748,DID25
CID1748,DID276
CID1749,DID53
CID1749,DID911
CID1750,DID272
CID1750,DID464
CID1751,DID425
CID1751,DID633
CID1752,DID301
CID1752,DID617
CID1753,DID110
CID1753,DID746
CID1754,DID480
CID1754,DID968
CID1755,DID484
CID1755,DID860
CID1756,DID440
CID1756,DID753
CID1757,DID418
CID1757,DID490
CID1758,DID57
CID1758,DID974
CID1759,DID329
CID1759,DID751
CID1760,DID518
CID1760,DID633
CID1761,DID51
CID1761,DID878
CID1762,DID319
CID1762,DID848
CID1763,DID384
CID1763,DID560
CID1764,DID893
CID1764,DID963
CID1765,DID359
CID1765,DID667
CID1766,DID139
CID1766,DID822
CID1767,DID236
CID1767,DID427
CID1768,DID144
CID1768,DID648
CID1769,DID549
CID1769,DID729
CID1770,DID317
CID1770,DID387
CID1771,DID366
CID1771,DID80
CID1772,DID416
CID1772,DID83
CID1773,DID311
CID1773,DID744
CID1774,DID157
CID1774,DID707
CID1775,DID100
CID1775,DID616
CID1776,DID489
CID1776,DID646
CID1777,DID338
CID1777,DID644
CID1778,DID405
CID1778,DID834
CID1779,DID289
CID1779,DID612
CID1780,DID273
CID1780,DID930
CID1781,DID19
CID1781,DID310
CID1782,DID784
CID1782,DID912
CID1783,DID747
CID1783,DID907
CID1784,DID116
CID1784,DID192
CID1785,DID248
CID1785,DID568
CID1786,DID489
CID1786,DID997
CID1787,DID176
CID1787,DID263
CID1788,DID215
CID1788,DID788
CID1789,DID710
CID1789,DID879
CID1790,DID167
CID1790,DID555
CID1791,DID765
CID1791,DID935
CID1792,DID317
CID1792,DID620
CID1793,DID5
CID1793,DID649
CID1794,DID482
CID1794,DID850
CID1795,DID504
CID1795,DID75
CID1796,DID617
CID1796,DID720
CID1797,DID173
CID1797,DID219
CID1798,DID601
CID1798,DID676
CID1799,DID491
CID1799,DID556
CID1800,DID208
CID1800,DID76
CID1801,DID167
CID1801,DID206
CID1802,DID66
CID1802,DID912
CID1803,DID126
CID1803,DID411
CID1804,DID165
CID1804,DID899
CID1805,DID208
CID1805,DID532
CID1806,DID891
CID1806,DID920
CID1807,DID134
CID1807,DID7
CID1808,DID1000
CID1808,DID240
CID1809,DID136
CID1809,DID979
CID1810,DID204
CID1810,DID312
CID1811,DID106
CID1811,DID820
CID1812,DID107
CID1812,DID979
CID1813,DID34
CID1813,DID425
CID1814,DID553
CID1814,DID841
CID1815,DID23
CID1815,DID754
CID1816,DID270
CID1816,DID826
CID1817,DID286
CID1817,DID935
CID1818,DID327
CID1818,DID468
CID1819,DID237
CID1819,DID369
CID1820,DID673
CID1820,DID729
CID1821,DID473
CID1821,DID714
CID1822,DID621
CID1822,DID691
CID1823,DID820
CID1823,DID865
CID1824,DID30
CID1824,DID617
CID1825,DID409
CID1825,DID653
CID1826,DID471
CID1826,DID478
CID1827,DID426
CID1827,DID684
CID1828,DID118
CID1828,DID257
CID1829,DID416
CID1829,DID780
CID1830,DID242
CID1830,DID606
CID1831,DID236
CID1831,DID68
CID1832,DID101
CID1832,DID526
CID1833,DID452
CID1833,DID667
CID1834,DID228
CID1834,DID647
CID1835,DID409
CID1835,DID633
CID1836,DID878
CID1836,DID990
CID1837,DID416
CID1837,DID760
CID1838,DID284
CID1838,DID384
CID1839,DID623
CID1839,DID672
CID1840,DID109
CID1840,DID332
CID1841,DID208
CID1841,DID933
CID1842,DID167
CID1842,DID431
CID1843,DID197
CID1843,DID660
CID1844,DID314
CID1844,DID825
CID1845,DID454
CID1845,DID582
CID1846,DID4
CID1846,DID507
CID1847,DID186
CID1847,DID227
CID1848,DID2
CID1848,DID283
CID1849,DID222
CID1849,DID254
CID1850,DID385
CID1850,DID529
CID1851,DID517
CID1851,DID764
CID1852,DID209
CID1852,DID918
CID1853,DID531
CID1853,DID554
CID1854,DID599
CID1854,DID75
CID1855,DID733
CID1855,DID947
CID1856,DID294
CID1856,DID394
CID1857,DID253
CID1857,DID793
CID1858,DID882
CID1858,DID933
CID1859,DID229
CID1859,DID699
CID1860,DID20
CID1860,DID943
CID1861,DID95
CID1861,DID952
CID1862,DID301
CID1862,DID922
CID1863,DID527
CID1863,DID738
CID1864,DID182
CID1864,DID483
CID1865,DID500
CID1865,DID97
CID1866,DID330
CID1866,DID462
CID1867,DID753
CID1867,DID792
CID1868,DID731
CID1868,DID748
CID1869,DID153
CID1869,DID808
CID1870,DID162
CID1870,DID929
CID1871,DID612
CID1871,DID80
CID1872,DID265
CID1872,DID494
CID1873,DID125
CID1873,DID76
CID1874,DID708
CID1874,DID857
CID1875,DID643
CID1875,DID661
CID1876,DID590
CID1876,DID643
CID1877,DID567
CID1877,DID663
CID1878,DID18
CID1878,DID848
CID1879,DID440
CID1879,DID907
CID1880,DID486
CID1880,DID85
CID1881,DID414
CID1881,DID800
CID1882,DID403
CID1882,DID647
CID1883,DID484
CID1883,DID686
CID1884,DID352
CID1884,DID904
CID1885,DID232
CID1885,DID650
CID1886,DID735
CID1886,DID818
CID1887,DID413
CID1887,DID865
CID1888,DID214
CID1888,DID769
CID1889,DID171
CID1889,DID346
CID1890,DID16
CID1890,DID658
CID1891,DID132
CID1891,DID314
CID1892,DID178
CID1892,DID919
CID1893,DID584
CID1893,DID836
CID1894,DID866
CID1894,DID989
CID1895,DID118
CID1895,DID7
CID1896,DID104
CID1896,DID881
CID1897,DID168
CID1897,DID44
CID1898,DID906
CID1898,DID920
CID1899,DID200
CID1899,DID629
CID1900,DID204
CID1900,DID314
CID1901,DID138
CID1901,DID18
CID1902,DID1000
CID1902,DID886
CID1903,DID621
CID1903,DID760
CID1904,DID681
CID1904,DID923
CID1905,DID207
CID1905,DID433
CID1906,DID758
CID1906,DID929
CID1907,DID476
CID1907,DID684
CID1908,DID678
CID1908,DID744
CID1909,DID198
CID1909,DID622
CID1910,DID746
CID1910,DID844
CID1911,DID495
CID1911,DID880
CID1912,DID245
CID1912,DID289
CID1913,DID680
CID1913,DID706
CID1914,DID400
CID1914,DID582
CID1915,DID119
CID1915,DID729
CID1916,DID240
CID1916,DID776
CID1917,DID222
CID1917,DID3
CID1918,DID702
CID1918,DID775
CID1919,DID472
CID1919,DID696
CID1920,DID63
CID1920,DID889
CID1921,DID496
CID1921,DID877
CID1922,DID585
CID1922,DID806
CID1923,DID232
CID1923,DID258
CID1924,DID84
CID1924,DID897
CID1925,DID372
CID1925,DID7
CID1926,DID426
CID1926,DID508
CID1927,DID66
CID1927,DID995
CID1928,DID458
CID1928,DID701
CID1929,DID122
CID1929,DID921
CID1930,DID208
CID1930,DID648
CID1931,DID527
CID1931,DID884
CID1932,DID168
CID1932,DID617
CID1933,DID529
CID1933,DID737
CID1934,DID22
CID1934,DID721
CID1935,DID509
CID1935,DID692
CID1936,DID424
CID1936,DID625
CID1937,DID594
CID1937,DID836
CID1938,DID261
CID1938,DID800
CID1939,DID88
CID1939,DID948
CID1940,DID36
CID1940,DID520
CID1941,DID111
CID1941,DID841
CID1942,DID621
CID1942,DID69
CID1943,DID155
CID1943,DID926
CID1944,DID761
CID1944,DID93
CID1945,DID204
CID1945,DID817
CID1946,DID195
CID1946,DID524
CID1947,DID601
CID1947,DID892
CID1948,DID111
CID1948,DID283
CID1949,DID124
CID1949,DID138
CID1950,DID15
CID1950,DID381
CID1951,DID16
CID1951,DID577
CID1952,DID320
CID1952,DID725
CID1953,DID292
CID1953,DID875
CID1954,DID147
CID1954,DID479
CID1955,DID577
CID1955,DID635
CID1956,DID163
CID1956,DID266
CID1957,DID429
CID1957,DID565
CID1958,DID306
CID1958,DID733
CID1959,DID216
CID1959,DID501
CID1960,DID419
CID1960,DID67
CID1961,DID745
CID1961,DID834
CID1962,DID739
CID1962,DID822
CID1963,DID286
CID1963,DID394
CID1964,DID509
CID1964,DID553
CID1965,DID636
CID1965,DID687
CID1966,DID611
CID1966,DID88
CID1967,DID128
CID1967,DID787
CID1968,DID794
CID1968,DID814
CID1969,DID480
CID1969,DID590
CID1970,DID245
CID1970,DID72
CID1971,DID421
CID1971,DID682
CID1972,DID212
CID1972,DID899
CID1973,DID567
CID1973,DID92
CID1974,DID292
CID1974,DID804
CID1975,DID975
CID1975,DID985
CID1976,DID129
CID1976,DID227
CID1977,DID387
CID1977,DID953
CID1978,DID139
CID1978,DID564
CID1979,DID283
CID1979,DID540
CID1980,DID249
CID1980,DID634
CID1981,DID446
CID1981,DID616
CID1982,DID20
CID1982,DID588
CID1983,DID832
CID1983,DID883
CID1984,DID1000
CID1984,DID118
CID1985,DID58
CID1985,DID939
CID1986,DID479
CID1986,DID578
CID1987,DID501
CID1987,DID682
CID1988,DID33
CID1988,DID819
CID1989,DID589
CID1989,DID918
CID1990,DID124
CID1990,DID904
CID1991,DID119
CID1991,DID948
CID1992,DID474
CID1992,DID741
CID1993,DID735
CID1993,DID906
CID1994,DID227
CID1994,DID497
CID1995,DID379
CID1995,DID501
CID1996,DID242
CID1996,DID271
CID1997,DID719
CID1997,DID771
CID1998,DID68
CID1998,DID907
CID1999,DID130
CID1999,DID229
CID2000,DID19
CID2000,DID648
CID2001,DID181
CID2001,DID670
CID2002,DID346
CID2002,DID362
CID2003,DID186
CID2003,DID487
CID2004,DID270
CID2004,DID30
CID2005,DID257
CID2005,DID719
CID2006,DID253
CID2006,DID968
CID2007,DID180
CID2007,DID820
CID2008,DID11
CID2008,DID388
CID2009,DID251
CID2009,DID66
CID2010,DID42
CID2010,DID671
CID2011,DID662
CID2011,DID872
CID2012,DID226
CID2012,DID558
CID2013,DID223
CID2013,DID411
CID2014,DID680
CID2014,DID694
CID2015,DID334
CID2015,DID543
CID2016,DID148
CID2016,DID291
CID2017,DID704
CID2017,DID820
CID2018,DID206
CID2018,DID386
CID2019,DID499
CID2019,DID982
CID2020,DID488
CID2020,DID773
CID2021,DID576
CID2021,DID67
CID2022,DID289
CID2022,DID698
CID2023,DID245
CID2023,DID45
CID2024,DID115
CID2024,DID118
CID2025,DID811
CID2025,DID905
CID2026,DID463
CID2026,DID471
CID2027,DID375
CID2027,DID613
CID2028,DID182
CID2028,DID354
CID2029,DID664
CID2029,DID910
CID2030,DID307
CID2030,DID822
CID2031,DID586
CID2031,DID984
CID2032,DID492
CID2032,DID495
CID2033,DID323
CID2033,DID399
CID2034,DID14
CID2034,DID567
CID2035,DID752
CID2035,DID9
CID2036,DID59
CID2036,DID824
CID2037,DID491
CID2037,DID792
CID2038,DID615
CID2038,DID867
CID2039,DID120
CID2039,DID549
CID2040,DID159
CID2040,DID683
CID2041,DID191
CID2041,DID884
CID2042,DID625
CID2042,DID931
CID2043,DID523
CID2043,DID613
CID2044,DID280
CID2044,DID527
CID2045,DID559
CID2045,DID700
CID2046,DID461
CID2046,DID507
CID2047,DID179
CID2047,DID86
CID2048,DID393
CID2048,DID573
CID2049,DID419
CID2049,DID578
CID2050,DID105
CID2050,DID439
CID2051,DID136
CID2051,DID875
CID2052,DID878
CID2052,DID936
CID2053,DID214
CID2053,DID443
CID2054,DID100
CID2054,DID342
CID2055,DID562
CID2055,DID746
CID2056,DID111
CID2056,DID373
CID2057,DID144
CID2057,DID922
CID2058,DID254
CID2058,DID396
CID2059,DID1000
CID2059,DID663
CID2060,DID214
CID2060,DID334
CID2061,DID654
CID2061,DID732
CID2062,DID172
CID2062,DID517
CID2063,DID89
CID2063,DID972
CID2064,DID239
CID2064,DID321
CID2065,DID192
CID2065,DID465
CID2066,DID619
CID2066,DID762
CID2067,DID106
CID2067,DID846
CID2068,DID289
CID2068,DID702
CID2069,DID833
CID2069,DID858
CID2070,DID293
CID2070,DID564
CID2071,DID192
CID2071,DID548
CID2072,DID455
CID2072,DID545
CID2073,DID275
CID2073,DID570
CID2074,DID463
CID2074,DID818
CID2075,DID175
CID2075,DID80
CID2076,DID390
CID2076,DID691
CID2077,DID417
CID2077,DID875
CID2078,DID1000
CID2078,DID387
CID2079,DID409
CID2079,DID483
CID2080,DID281
CID2080,DID71
CID2081,DID27
CID2081,DID317
CID2082,DID833
CID2082,DID844
CID2083,DID143
CID2083,DID703
CID2084,DID519
CID2084,DID916
CID2085,DID238
CID2085,DID311
CID2086,DID226
CID2086,DID312
CID2087,DID690
CID2087,DID758
CID2088,DID350
CID2088,DID683
CID2089,DID56
CID2089,DID703
CID2090,DID335
CID2090,DID543
CID2091,DID304
CID2091,DID341
CID2092,DID402
CID2092,DID635
CID2093,DID167
CID2093,DID513
CID2094,DID197
CID2094,DID285
CID2095,DID765
CID2095,DID851
CID2096,DID522
CID2096,DID547
CID2097,DID780
CID2097,DID900
CID2098,DID722
CID2098,DID863
CID2099,DID533
CID2099,DID633
CID2100,DID505
CID2100,DID863
CID2101,DID320
CID2101,DID575
CID2102,DID737
CID2102,DID877
CID2103,DID116
CID2103,DID231
CID2104,DID613
CID2104,DID685
CID2105,DID110
CID2105,DID711
CID2106,DID364
CID2106,DID411
CID2107,DID267
CID2107,DID649
CID2108,DID456
CID2108,DID752
CID2109,DID668
CID2109,DID720
CID2110,DID433
CID2110,DID982
CID2111,DID496
CID2111,DID847
CID2112,DID409
CID2112,DID523
CID2113,DID305
CID2113,DID543
CID2114,DID619
CID2114,DID690
CID2115,DID641
CID2115,DID875
CID2116,DID212
CID2116,DID837
CID2117,DID264
CID2117,DID569
CID2118,DID738
CID2118,DID974
CID2119,DID111
CID2119,DID874
CID2120,DID113
CID2120,DID858
CID2121,DID170
CID2121,DID501
CID2122,DID22
CID2122,DID628
CID2123,DID565
CID2123,DID713
CID2124,DID158
CID2124,DID766
CID2125,DID396
CID2125,DID701
CID2126,DID732
CID2126,DID951
CID2127,DID307
CID2127,DID756
CID2128,DID290
CID2128,DID936
CID2129,DID313
CID2129,DID516
CID2130,DID789
CID2130,DID919
CID2131,DID788
CID2131,DID936
CID2132,DID187
CID2132,DID865
CID2133,DID288
CID2133,DID587
CID2134,DID569
CID2134,DID902
CID2135,DID202
CID2135,DID470
CID2136,DID906
CID2136,DID989
CID2137,DID659
CID2137,DID700
CID2138,DID318
CID2138,DID652
CID2139,DID303
CID2139,DID365
CID2140,DID100
CID2140,DID375
CID2141,DID438
CID2141,DID968
CID2142,DID754
CID2142,DID813
CID2143,DID507
CID2143,DID558
CID2144,DID477
CID2144,DID847
CID2145,DID358
CID2145,DID684
CID2146,DID441
CID2146,DID788
CID2147,DID114
CID2147,DID212
CID2148,DID227
CID2148,DID407
CID2149,DID708
CID2149,DID718
CID2150,DID162
CID2150,DID470
CID2151,DID141
CID2151,DID644
CID2152,DID272
CID2152,DID365
CID2153,DID475
CID2153,DID626
CID2154,DID143
CID2154,DID945
CID2155,DID184
CID2155,DID870
CID2156,DID29
CID2156,DID429
CID2157,DID13
CID2157,DID186
CID2158,DID460
CID2158,DID610
CID2159,DID201
CID2159,DID94
CID2160,DID438
CID2160,DID645
CID2161,DID529
CID2161,DID591
CID2162,DID200
CID2162,DID430
CID2163,DID168
CID2163,DID174
CID2164,DID555
CID2164,DID747
CID2165,DID339
CID2165,DID626
CID2166,DID662
CID2166,DID987
CID2167,DID15
CID2167,DID781
CID2168,DID29
CID2168,DID489
CID2169,DID545
CID2169,DID668
CID2170,DID245
CID2170,DID711
CID2171,DID267
CID2171,DID387
CID2172,DID66
CID2172,DID844
CID2173,DID205
CID2173,DID295
CID2174,DID211
CID2174,DID354
CID2175,DID204
CID2175,DID333
CID2176,DID283
CID2176,DID300
CID2177,DID56
CID2177,DID690
CID2178,DID345
CID2178,DID660
CID2179,DID434
CID2179,DID864
CID2180,DID725
CID2180,DID854
CID2181,DID11
CID2181,DID382
CID2182,DID229
CID2182,DID682
CID2183,DID153
CID2183,DID68
CID2184,DID107
CID2184,DID653
CID2185,DID675
CID2185,DID958
CID2186,DID487
CID2186,DID955
CID2187,DID270
CID2187,DID847
CID2188,DID358
CID2188,DID79
CID2189,DID291
CID2189,DID387
CID2190,DID267
CID2190,DID609
CID2191,DID299
CID2191,DID790
CID2192,DID133
CID2192,DID361
CID2193,DID114
CID2193,DID122
CID2194,DID340
CID2194,DID716
CID2195,DID389
CID2195,DID78
CID2196,DID19
CID2196,DID752
CID2197,DID639
CID2197,DID728
CID2198,DID542
CID2198,DID885
CID2199,DID275
CID2199,DID295
CID2200,DID450
CID2200,DID870
CID2201,DID301
CID2201,DID428
CID2202,DID418
CID2202,DID960
CID2203,DID292
CID2203,DID691
CID2204,DID331
CID2204,DID831
CID2205,DID452
CID2205,DID706
CID2206,DID238
CID2206,DID405
CID2207,DID167
CID2207,DID284
CID2208,DID251
CID2208,DID608
CID2209,DID241
CID2209,DID813
CID2210,DID529
CID2210,DID779
CID2211,DID808
CID2211,DID934
CID2212,DID365
CID2212,DID823
CID2213,DID181
CID2213,DID416
CID2214,DID613
CID2214,DID709
CID2215,DID160
CID2215,DID764
CID2216,DID101
CID2216,DID983
CID2217,DID204
CID2217,DID473
CID2218,DID382
CID2218,DID795
CID2219,DID391
CID2219,DID468
CID2220,DID381
CID2220,DID394
CID2221,DID375
CID2221,DID511
CID2222,DID369
CID2222,DID459
CID2223,DID781
CID2223,DID817
CID2224,DID340
CID2224,DID36
CID2225,DID586
CID2225,DID754
CID2226,DID258
CID2226,DID778
CID2227,DID918
CID2227,DID92
CID2228,DID130
CID2228,DID136
CID2229,DID361
CID2229,DID652
CID2230,DID45
CID2230,DID850
CID2231,DID201
CID2231,DID803
CID2232,DID634
CID2232,DID744
CID2233,DID227
CID2233,DID626
CID2234,DID437
CID2234,DID863
CID2235,DID734
CID2235,DID827
CID2236,DID298
CID2236,DID458
CID2237,DID266
CID2237,DID661
CID2238,DID520
CID2238,DID692
CID2239,DID1
CID2239,DID422
CID2240,DID349
CID2240,DID577
CID2241,DID651
CID2241,DID72
CID2242,DID41
CID2242,DID427
CID2243,DID433
CID2243,DID791
CID2244,DID33
CID2244,DID901
CID2245,DID67
CID2245,DID712
CID2246,DID862
CID2246,DID927
CID2247,DID235
CID2247,DID67
CID2248,DID694
CID2248,DID749
CID2249,DID180
CID2249,DID831
CID2250,DID16
CID2250,DID182
CID2251,DID285
CID2251,DID922
CID2252,DID337
CID2252,DID669
CID2253,DID716
CID2253,DID960
CID2254,DID22
CID2254,DID897
CID2255,DID258
CID2255,DID354
CID2256,DID582
CID2256,DID813
CID2257,DID695
CID2257,DID783
CID2258,DID740
CID2258,DID953
CID2259,DID203
CID2259,DID335
CID2260,DID261
CID2260,DID271
CID2261,DID118
CID2261,DID791
CID2262,DID226
CID2262,DID384
CID2263,DID308
CID2263,DID795
CID2264,DID390
CID2264,DID986
CID2265,DID110
CID2265,DID338
CID2266,DID794
CID2266,DID839
CID2267,DID561
CID2267,DID843
CID2268,DID610
CID2268,DID632
CID2269,DID750
CID2269,DID917
CID2270,DID223
CID2270,DID640
CID2271,DID472
CID2271,DID907
CID2272,DID315
CID2272,DID490
CID2273,DID41
CID2273,DID654
CID2274,DID369
CID2274,DID637
CID2275,DID173
CID2275,DID408
CID2276,DID825
CID2276,DID914
CID2277,DID639
CID2277,DID695
CID2278,DID33
CID2278,DID537
CID2279,DID153
CID2279,DID499
CID2280,DID150
CID2280,DID338
CID2281,DID447
CID2281,DID798
CID2282,DID522
CID2282,DID884
CID2283,DID228
CID2283,DID900
CID2284,DID249
CID2284,DID422
CID2285,DID284
CID2285,DID374
CID2286,DID659
CID2286,DID824
CID2287,DID687
CID2287,DID855
CID2288,DID674
CID2288,DID92
CID2289,DID239
CID2289,DID471
CID2290,DID617
CID2290,DID893
CID2291,DID385
CID2291,DID574
CID2292,DID578
CID2292,DID595
CID2293,DID483
CID2293,DID705
CID2294,DID627
CID2294,DID682
CID2295,DID424
CID2295,DID513
CID2296,DID185
CID2296,DID28
CID2297,DID283
CID2297,DID98
CID2298,DID187
CID2298,DID653
CID2299,DID339
CID2299,DID920
CID2300,DID113
CID2300,DID851
CID2301,DID385
CID2301,DID40
CID2302,DID408
CID2302,DID596
CID2303,DID186
CID2303,DID689
CID2304,DID531
CID2304,DID776
CID2305,DID955
CID2305,DID997
CID2306,DID180
CID2306,DID386
CID2307,DID31
CID2307,DID597
CID2308,DID261
CID2308,DID47
CID2309,DID137
CID2309,DID198
CID2310,DID2
CID2310,DID233
CID2311,DID379
CID2311,DID900
CID2312,DID187
CID2312,DID863
CID2313,DID460
CID2313,DID762
CID2314,DID295
CID2314,DID787
CID2315,DID592
CID2315,DID935
CID2316,DID195
CID2316,DID774
CID2317,DID31
CID2317,DID325
CID2318,DID274
CID2318,DID76
CID2319,DID931
CID2319,DID965
CID2320,DID485
CID2320,DID71
CID2321,DID31
CID2321,DID873
CID2322,DID128
CID2322,DID357
CID2323,DID606
CID2323,DID887
CID2324,DID340
CID2324,DID845
CID2325,DID175
CID2325,DID819
CID2326,DID243
CID2326,DID937
CID2327,DID13
CID2327,DID164
CID2328,DID357
CID2328,DID423
CID2329,DID160
CID2329,DID307
CID2330,DID106
CID2330,DID334
CID2331,DID77
CID2331,DID777
CID2332,DID257
CID2332,DID287
CID2333,DID558
CID2333,DID566
CID2334,DID510
CID2334,DID956
CID2335,DID407
CID2335,DID799
CID2336,DID357
CID2336,DID723
CID2337,DID283
CID2337,DID800
CID2338,DID48
CID2338,DID578
CID2339,DID529
CID2339,DID769
CID2340,DID340
CID2340,DID589
CID2341,DID264
CID2341,DID423
CID2342,DID161
CID2342,DID595
CID2343,DID392
CID2343,DID565
CID2344,DID899
CID2344,DID993
CID2345,DID243
CID2345,DID626
CID2346,DID408
CID2346,DID810
CID2347,DID625
CID2347,DID976
CID2348,DID575
CID2348,DID928
CID2349,DID441
CID2349,DID830
CID2350,DID319
CID2350,DID762
CID2351,DID836
CID2351,DID898
CID2352,DID11
CID2352,DID758
CID2353,DID584
CID2353,DID843
CID2354,DID408
CID2354,DID618
CID2355,DID401
CID2355,DID880
CID2356,DID486
CID2356,DID88
CID2357,DID266
CID2357,DID864
CID2358,DID192
CID2358,DID845
CID2359,DID40
CID2359,DID522
CID2360,DID126
CID2360,DID245
CID2361,DID49
CID2361,DID934
CID2362,DID544
CID2362,DID980
CID2363,DID374
CID2363,DID45
CID2364,DID445
CID2364,DID613
CID2365,DID757
CID2365,DID804
CID2366,DID898
CID2366,DID916
CID2367,DID274
CID2367,DID924
CID2368,DID547
CID2368,DID960
CID2369,DID154
CID2369,DID596
CID2370,DID121
CID2370,DID482
CID2371,DID855
CID2371,DID985
CID2372,DID527
CID2372,DID708
CID2373,DID801
CID2373,DID833
CID2374,DID289
CID2374,DID875
CID2375,DID636
CID2375,DID654
CID2376,DID280
CID2376,DID659
CID2377,DID631
CID2377,DID998
CID2378,DID103
CID2378,DID235
CID2379,DID671
CID2379,DID698
CID2380,DID294
CID2380,DID553
CID2381,DID262
CID2381,DID68
CID2382,DID504
CID2382,DID877
CID2383,DID529
CID2383,DID783
CID2384,DID337
CID2384,DID979
CID2385,DID375
CID2385,DID80
CID2386,DID103
CID2386,DID417
CID2387,DID139
CID2387,DID879
CID2388,DID387
CID2388,DID535
CID2389,DID424
CID2389,DID517
CID2390,DID596
CID2390,DID753
CID2391,DID247
CID2391,DID734
CID2392,DID173
CID2392,DID679
CID2393,DID167
CID2393,DID952
CID2394,DID446
CID2394,DID728
CID2395,DID336
CID2395,DID94
CID2396,DID4
CID2396,DID529
CID2397,DID329
CID2397,DID412
CID2398,DID209
CID2398,DID724
CID2399,DID834
CID2399,DID937
CID2400,DID860
CID2400,DID884
CID2401,DID632
CID2401,DID917
CID2402,DID847
CID2402,DID984
CID2403,DID778
CID2403,DID988
CID2404,DID445
CID2404,DID775
CID2405,DID100
CID2405,DID605
CID2406,DID17
CID2406,DID382
CID2407,DID258
CID2407,DID765
CID2408,DID203
CID2408,DID32
CID2409,DID779
CID2409,DID790
CID2410,DID264
CID2410,DID611
CID2411,DID286
CID2411,DID464
CID2412,DID512
CID2412,DID926
CID2413,DID194
CID2413,DID311
CID2414,DID770
CID2414,DID794
CID2415,DID343
CID2415,DID644
CID2416,DID296
CID2416,DID841
CID2417,DID465
CID2417,DID531
CID2418,DID269
CID2418,DID351
CID2419,DID137
CID2419,DID984
CID2420,DID192
CID2420,DID239
CID2421,DID44
CID2421,DID75
CID2422,DID532
CID2422,DID656
CID2423,DID142
CID2423,DID862
CID2424,DID283
CID2424,DID345
CID2425,DID249
CID2425,DID329
CID2426,DID147
CID2426,DID547
CID2427,DID142
CID2427,DID565
CID2428,DID247
CID2428,DID431
CID2429,DID117
CID2429,DID786
CID2430,DID415
CID2430,DID663
CID2431,DID285
CID2431,DID506
CID2432,DID518
CID2432,DID566
CID2433,DID211
CID2433,DID926
CID2434,DID202
CID2434,DID456
CID2435,DID264
CID2435,DID948
CID2436,DID460
CID2436,DID996
CID2437,DID316
CID2437,DID480
CID2438,DID120
CID2438,DID361
CID2439,DID450
CID2439,DID564
CID2440,DID248
CID2440,DID339
CID2441,DID905
CID2441,DID993
CID2442,DID286
CID2442,DID342
CID2443,DID527
CID2443,DID928
CID2444,DID657
CID2444,DID779
CID2445,DID165
CID2445,DID706
CID2446,DID146
CID2446,DID603
CID2447,DID320
CID2447,DID893
CID2448,DID469
CID2448,DID887
CID2449,DID766
CID2449,DID939
CID2450,DID292
CID2450,DID848
CID2451,DID721
CID2451,DID81
CID2452,DID230
CID2452,DID920
CID2453,DID37
CID2453,DID621
CID2454,DID119
CID2454,DID825
CID2455,DID61
CID2455,DID636
CID2456,DID48
CID2456,DID715
CID2457,DID190
CID2457,DID286
CID2458,DID166
CID2458,DID751
CID2459,DID120
CID2459,DID761
CID2460,DID643
CID2460,DID946
CID2461,DID105
CID2461,DID122
CID2462,DID231
CID2462,DID778
CID2463,DID145
CID2463,DID814
CID2464,DID135
CID2464,DID418
CID2465,DID413
CID2465,DID543
CID2466,DID364
CID2466,DID412
CID2467,DID677
CID2467,DID721
CID2468,DID183
CID2468,DID326
CID2469,DID946
CID2469,DID951
CID2470,DID253
CID2470,DID43
CID2471,DID229
CID2471,DID407
CID2472,DID335
CID2472,DID730
CID2473,DID159
CID2473,DID646
CID2474,DID853
CID2474,DID930
CID2475,DID399
CID2475,DID917
CID2476,DID713
CID2476,DID75
CID2477,DID622
CID2477,DID758
CID2478,DID280
CID2478,DID685
CID2479,DID207
CID2479,DID579
CID2480,DID654
CID2480,DID681
CID2481,DID204
CID2481,DID606
CID2482,DID234
CID2482,DID866
CID2483,DID482
CID2483,DID909
CID2484,DID287
CID2484,DID860
CID2485,DID198
CID2485,DID350
CID2486,DID189
CID2486,DID633
CID2487,DID924
CID2487,DID966
CID2488,DID284
CID2488,DID416
CID2489,DID2
CID2489,DID325
CID2490,DID915
CID2490,DID975
CID2491,DID162
CID2491,DID486
CID2492,DID161
CID2492,DID526
CID2493,DID636
CID2493,DID709
CID2494,DID434
CID2494,DID838
CID2495,DID212
CID2495,DID839
CID2496,DID40
CID2496,DID446
CID2497,DID13
CID2497,DID880
CID2498,DID328
CID2498,DID597
CID2499,DID456
CID2499,DID687
CID2500,DID685
CID2500,DID83
CID2501,DID512
CID2501,DID604
CID2502,DID571
CID2502,DID969
CID2503,DID343
CID2503,DID961
CID2504,DID138
CID2504,DID326
CID2505,DID704
CID2505,DID77
CID2506,DID803
CID2506,DID82
CID2507,DID188
CID2507,DID485
CID2508,DID22
CID2508,DID260
CID2509,DID240
CID2509,DID60
CID2510,DID353
CID2510,DID584
CID2511,DID227
CID2511,DID55
CID2512,DID155
CID2512,DID391
CID2513,DID195
CID2513,DID659
CID2514,DID837
CID2514,DID90
CID2515,DID313
CID2515,DID687
CID2516,DID401
CID2516,DID658
CID2517,DID627
CID2517,DID815
CID2518,DID235
CID2518,DID585
CID2519,DID715
CID2519,DID921
CID2520,DID199
CID2520,DID446
CID2521,DID357
CID2521,DID577
CID2522,DID325
CID2522,DID711
CID2523,DID362
CID2523,DID865
CID2524,DID392
CID2524,DID605
CID2525,DID692
CID2525,DID756
CID2526,DID115
CID2526,DID21
CID2527,DID326
CID2527,DID345
CID2528,DID543
CID2528,DID734
CID2529,DID158
CID2529,DID333
CID2530,DID141
CID2530,DID921
CID2531,DID376
CID2531,DID504
CID2532,DID787
CID2532,DID91
CID2533,DID285
CID2533,DID712
CID2534,DID523
CID2534,DID535
CID2535,DID184
CID2535,DID365
CID2536,DID322
CID2536,DID429
CID2537,DID691
CID2537,DID741
CID2538,DID102
CID2538,DID975
CID2539,DID359
CID2539,DID871
CID2540,DID666
CID2540,DID680
CID2541,DID288
CID2541,DID954
CID2542,DID61
CID2542,DID629
CID2543,DID507
CID2543,DID663
CID2544,DID517
CID2544,DID61
CID2545,DID540
CID2545,DID592
CID2546,DID141
CID2546,DID584
CID2547,DID110
CID2547,DID136
CID2548,DID692
CID2548,DID80
CID2549,DID114
CID2549,DID836
CID2550,DID196
CID2550,DID371
CID2551,DID862
CID2551,DID953
CID2552,DID407
CID2552,DID932
CID2553,DID320
CID2553,DID519
CID2554,DID437
CID2554,DID598
CID2555,DID489
CID2555,DID649
CID2556,DID157
CID2556,DID591
CID2557,DID213
CID2557,DID586
CID2558,DID492
CID2558,DID515
CID2559,DID53
CID2559,DID607
CID2560,DID508
CID2560,DID808
CID2561,DID338
CID2561,DID595
CID2562,DID416
CID2562,DID561
CID2563,DID616
CID2563,DID749
CID2564,DID649
CID2564,DID94
CID2565,DID151
CID2565,DID437
CID2566,DID22
CID2566,DID717
CID2567,DID292
CID2567,DID520
CID2568,DID149
CID2568,DID884
CID2569,DID346
CID2569,DID53
CID2570,DID130
CID2570,DID22
CID2571,DID723
CID2571,DID776
CID2572,DID537
CID2572,DID854
CID2573,DID338
CID2573,DID970
CID2574,DID703
CID2574,DID984
CID2575,DID44
CID2575,DID733
CID2576,DID595
CID2576,DID955
CID2577,DID716
CID2577,DID886
CID2578,DID347
CID2578,DID827
CID2579,DID252
CID2579,DID442
CID2580,DID10
CID2580,DID662
CID2581,DID584
CID2581,DID786
CID2582,DID822
CID2582,DID940
CID2583,DID410
CID2583,DID55
CID2584,DID338
CID2584,DID647
CID2585,DID255
CID2585,DID319
CID2586,DID685
CID2586,DID853
CID2587,DID347
CID2587,DID532
CID2588,DID179
CID2588,DID568
CID2589,DID296
CID2589,DID839
CID2590,DID287
CID2590,DID619
CID2591,DID406
CID2591,DID496
CID2592,DID108
CID2592,DID189
CID2593,DID472
CID2593,DID615
CID2594,DID391
CID2594,DID701
CID2595,DID422
CID2595,DID702
CID2596,DID275
CID2596,DID299
CID2597,DID328
CID2597,DID434
CID2598,DID501
CID2598,DID786
CID2599,DID224
CID2599,DID64
CID2600,DID9
CID2600,DID967
CID2601,DID280
CID2601,DID289
CID2602,DID209
CID2602,DID316
CID2603,DID228
CID2603,DID640
CID2604,DID412
CID2604,DID50
CID2605,DID404
CID2605,DID922
CID2606,DID573
CID2606,DID871
CID2607,DID284
CID2607,DID300
CID2608,DID264
CID2608,DID856
CID2609,DID510
CID2609,DID667
CID2610,DID860
CID2610,DID894
CID2611,DID246
CID2611,DID709
CID2612,DID240
CID2612,DID738
CID2613,DID547
CID2613,DID982
CID2614,DID134
CID2614,DID987
CID2615,DID381
CID2615,DID801
CID2616,DID275
CID2616,DID383
CID2617,DID546
CID2617,DID612
CID2618,DID165
CID2618,DID858
CID2619,DID387
CID2619,DID93
CID2620,DID649
CID2620,DID977
CID2621,DID184
CID2621,DID3
CID2622,DID5
CID2622,DID792
CID2623,DID1
CID2623,DID463
CID2624,DID613
CID2624,DID715
CID2625,DID801
CID2625,DID884
CID2626,DID402
CID2626,DID500
CID2627,DID255
CID2627,DID78
CID2628,DID898
CID2628,DID900
CID2629,DID152
CID2629,DID845
CID2630,DID369
CID2630,DID540
CID2631,DID165
CID2631,DID827
CID2632,DID206
CID2632,DID340
CID2633,DID217
CID2633,DID738
CID2634,DID32
CID2634,DID795
CID2635,DID104
CID2635,DID52
CID2636,DID265
CID2636,DID582
CID2637,DID123
CID2637,DID516
CID2638,DID82
CID2638,DID913
CID2639,DID472
CID2639,DID562
CID2640,DID35
CID2640,DID755
CID2641,DID119
CID2641,DID533
CID2642,DID552
CID2642,DID840
CID2643,DID200
CID2643,DID442
CID2644,DID863
CID2644,DID99
CID2645,DID19
CID2645,DID518
CID2646,DID518
CID2646,DID744
CID2647,DID635
CID2647,DID901
CID2648,DID523
CID2648,DID986
CID2649,DID322
CID2649,DID644
CID2650,DID448
CID2650,DID858
CID2651,DID258
CID2651,DID622
CID2652,DID215
CID2652,DID34
CID2653,DID109
CID2653,DID309
CID2654,DID323
CID2654,DID341
CID2655,DID485
CID2655,DID801
CID2656,DID473
CID2656,DID601
CID2657,DID391
CID2657,DID702
CID2658,DID697
CID2658,DID921
CID2659,DID818
CID2659,DID995
CID2660,DID267
CID2660,DID770
CID2661,DID770
CID2661,DID83
CID2662,DID657
CID2662,DID876
CID2663,DID667
CID2663,DID741
CID2664,DID495
CID2664,DID868
CID2665,DID158
CID2665,DID190
CID2666,DID129
CID2666,DID299
CID2667,DID555
CID2667,DID575
CID2668,DID313
CID2668,DID726
CID2669,DID391
CID2669,DID907
CID2670,DID770
CID2670,DID946
CID2671,DID190
CID2671,DID480
CID2672,DID325
CID2672,DID403
CID2673,DID441
CID2673,DID929
CID2674,DID813
CID2674,DID819
CID2675,DID438
CID2675,DID803
CID2676,DID14
CID2676,DID860
CID2677,DID266
CID2677,DID903
CID2678,DID802
CID2678,DID896
CID2679,DID693
CID2679,DID820
CID2680,DID706
CID2680,DID777
CID2681,DID572
CID2681,DID693
CID2682,DID752
CID2682,DID937
CID2683,DID648
CID2683,DID929
CID2684,DID482
CID2684,DID489
CID2685,DID847
CID2685,DID988
CID2686,DID308
CID2686,DID465
CID2687,DID246
CID2687,DID990
CID2688,DID245
CID2688,DID849
CID2689,DID331
CID2689,DID702
CID2690,DID116
CID2690,DID58
CID2691,DID305
CID2691,DID807
CID2692,DID469
CID2692,DID768
CID2693,DID499
CID2693,DID595
CID2694,DID612
CID2694,DID727
CID2695,DID125
CID2695,DID389
CID2696,DID609
CID2696,DID938
CID2697,DID30
CID2697,DID965
CID2698,DID126
CID2698,DID612
CID2699,DID224
CID2699,DID702
CID2700,DID166
CID2700,DID467
CID2701,DID718
CID2701,DID950
CID2702,DID159
CID2702,DID274
CID2703,DID494
CID2703,DID813
CID2704,DID253
CID2704,DID872
CID2705,DID60
CID2705,DID654
CID2706,DID366
CID2706,DID798
CID2707,DID626
CID2707,DID920
CID2708,DID288
CID2708,DID379
CID2709,DID59
CID2709,DID615
CID2710,DID312
CID2710,DID523
CID2711,DID498
CID2711,DID560
CID2712,DID209
CID2712,DID693
CID2713,DID194
CID2713,DID988
CID2714,DID138
CID2714,DID604
CID2715,DID106
CID2715,DID803
CID2716,DID100
CID2716,DID225
CID2717,DID54
CID2717,DID842
CID2718,DID118
CID2718,DID542
CID2719,DID252
CID2719,DID406
CID2720,DID33
CID2720,DID935
CID2721,DID475
CID2721,DID494
CID2722,DID22
CID2722,DID824
CID2723,DID435
CID2723,DID771
CID2724,DID278
CID2724,DID761
CID2725,DID536
CID2725,DID589
CID2726,DID699
CID2726,DID853
CID2727,DID113
CID2727,DID242
CID2728,DID709
CID2728,DID76
CID2729,DID733
CID2729,DID774
CID2730,DID319
CID2730,DID613
CID2731,DID221
CID2731,DID475
CID2732,DID115
CID2732,DID751
CID2733,DID203
CID2733,DID305
CID2734,DID303
CID2734,DID353
CID2735,DID283
CID2735,DID993
CID2736,DID150
CID2736,DID794
CID2737,DID429
CID2737,DID607
CID2738,DID183
CID2738,DID316
CID2739,DID107
CID2739,DID251
CID2740,DID409
CID2740,DID472
CID2741,DID261
CID2741,DID439
CID2742,DID152
CID2742,DID285
CID2743,DID106
CID2743,DID685
CID2744,DID26
CID2744,DID481
CID2745,DID768
CID2745,DID875
CID2746,DID422
CID2746,DID912
CID2747,DID517
CID2747,DID848
CID2748,DID797
CID2748,DID870
CID2749,DID241
CID2749,DID694
CID2750,DID475
CID2750,DID704
CID2751,DID241
CID2751,DID328
CID2752,DID307
CID2752,DID695
CID2753,DID842
CID2753,DID965
CID2754,DID239
CID2754,DID347
CID2755,DID81
CID2755,DID823
CID2756,DID222
CID2756,DID513
CID2757,DID750
CID2757,DID90
CID2758,DID212
CID2758,DID430
CID2759,DID172
CID2759,DID512
CID2760,DID686
CID2760,DID844
CID2761,DID933
CID2761,DID943
CID2762,DID160
CID2762,DID986
CID2763,DID291
CID2763,DID538
CID2764,DID470
CID2764,DID727
CID2765,DID40
CID2765,DID405
CID2766,DID556
CID2766,DID700
CID2767,DID276
CID2767,DID971
CID2768,DID283
CID2768,DID82
CID2769,DID410
CID2769,DID783
CID2770,DID287
CID2770,DID620
CID2771,DID171
CID2771,DID79
CID2772,DID416
CID2772,DID853
CID2773,DID164
CID2773,DID217
CID2774,DID27
CID2774,DID562
CID2775,DID417
CID2775,DID909
CID2776,DID755
CID2776,DID828
CID2777,DID323
CID2777,DID374
CID2778,DID455
CID2778,DID628
CID2779,DID133
CID2779,DID438
CID2780,DID333
CID2780,DID389
CID2781,DID527
CID2781,DID66
CID2782,DID466
CID2782,DID587
CID2783,DID251
CID2783,DID645
CID2784,DID168
CID2784,DID501
CID2785,DID761
CID2785,DID996
CID2786,DID493
CID2786,DID869
CID2787,DID105
CID2787,DID925
CID2788,DID295
CID2788,DID469
CID2789,DID134
CID2789,DID796
CID2790,DID48
CID2790,DID730
CID2791,DID799
CID2791,DID956
CID2792,DID129
CID2792,DID707
CID2793,DID158
CID2793,DID255
CID2794,DID113
CID2794,DID144
CID2795,DID105
CID2795,DID950
CID2796,DID146
CID2796,DID585
CID2797,DID717
CID2797,DID736
CID2798,DID208
CID2798,DID374
CID2799,DID571
CID2799,DID635
CID2800,DID692
CID2800,DID922
CID2801,DID288
CID2801,DID693
CID2802,DID466
CID2802,DID527
CID2803,DID168
CID2803,DID250
CID2804,DID116
CID2804,DID190
CID2805,DID468
CID2805,DID857
CID2806,DID251
CID2806,DID630
CID2807,DID128
CID2807,DID727
CID2808,DID574
CID2808,DID850
CID2809,DID376
CID2809,DID699
CID2810,DID596
CID2810,DID611
CID2811,DID359
CID2811,DID725
CID2812,DID768
CID2812,DID976
CID2813,DID428
CID2813,DID747
CID2814,DID216
CID2814,DID466
CID2815,DID408
CID2815,DID741
CID2816,DID314
CID2816,DID877
CID2817,DID320
CID2817,DID489
CID2818,DID233
CID2818,DID849
CID2819,DID358
CID2819,DID983
CID2820,DID595
CID2820,DID814
CID2821,DID100
CID2821,DID22
CID2822,DID548
CID2822,DID897
CID2823,DID396
CID2823,DID760
CID2824,DID194
CID2824,DID585
CID2825,DID225
CID2825,DID961
CID2826,DID551
CID2826,DID71
CID2827,DID101
CID2827,DID9
CID2828,DID629
CID2828,DID839
CID2829,DID416
CID2829,DID924
CID2830,DID398
CID2830,DID501
CID2831,DID742
CID2831,DID928
CID2832,DID24
CID2832,DID63
CID2833,DID277
CID2833,DID780
CID2834,DID378
CID2834,DID558
CID2835,DID518
CID2835,DID819
CID2836,DID625
CID2836,DID967
CID2837,DID227
CID2837,DID601
CID2838,DID172
CID2838,DID837
CID2839,DID249
CID2839,DID45
CID2840,DID197
CID2840,DID968
CID2841,DID14
CID2841,DID552
CID2842,DID198
CID2842,DID606
CID2843,DID174
CID2843,DID643
CID2844,DID217
CID2844,DID331
CID2845,DID975
CID2845,DID986
CID2846,DID232
CID2846,DID561
CID2847,DID226
CID2847,DID922
CID2848,DID100
CID2848,DID413
CID2849,DID537
CID2849,DID677
CID2850,DID389
CID2850,DID886
CID2851,DID110
CID2851,DID653
CID2852,DID919
CID2852,DID99
CID2853,DID108
CID2853,DID220
CID2854,DID162
CID2854,DID687
CID2855,DID446
CID2855,DID813
CID2856,DID215
CID2856,DID411
CID2857,DID347
CID2857,DID852
CID2858,DID359
CID2858,DID647
CID2859,DID604
CID2859,DID713
CID2860,DID400
CID2860,DID532
CID2861,DID170
CID2861,DID379
CID2862,DID349
CID2862,DID548
CID2863,DID377
CID2863,DID889
CID2864,DID107
CID2864,DID131
CID2865,DID434
CID2865,DID92
CID2866,DID277
CID2866,DID823
CID2867,DID440
CID2867,DID870
CID2868,DID231
CID2868,DID988
CID2869,DID242
CID2869,DID961
CID2870,DID168
CID2870,DID407
CID2871,DID734
CID2871,DID778
CID2872,DID235
CID2872,DID626
CID2873,DID139
CID2873,DID224
CID2874,DID330
CID2874,DID778
CID2875,DID168
CID2875,DID79
CID2876,DID186
CID2876,DID574
CID2877,DID245
CID2877,DID894
CID2878,DID15
CID2878,DID87
CID2879,DID676
CID2879,DID787
CID2880,DID156
CID2880,DID357
CID2881,DID137
CID2881,DID308
CID2882,DID653
CID2882,DID742
CID2883,DID739
CID2883,DID963
CID2884,DID287
CID2884,DID858
CID2885,DID494
CID2885,DID559
CID2886,DID551
CID2886,DID706
CID2887,DID259
CID2887,DID604
CID2888,DID482
CID2888,DID551
CID2889,DID273
CID2889,DID74
CID2890,DID536
CID2890,DID654
CID2891,DID505
CID2891,DID584
CID2892,DID726
CID2892,DID872
CID2893,DID176
CID2893,DID294
CID2894,DID746
CID2894,DID943
CID2895,DID215
CID2895,DID920
CID2896,DID39
CID2896,DID943
CID2897,DID178
CID2897,DID572
CID2898,DID108
CID2898,DID930
CID2899,DID441
CID2899,DID711
CID2900,DID181
CID2900,DID363
CID2901,DID127
CID2901,DID302
CID2902,DID620
CID2902,DID770
CID2903,DID423
CID2903,DID490
CID2904,DID225
CID2904,DID34
CID2905,DID405
CID2905,DID589
CID2906,DID361
CID2906,DID411
CID2907,DID366
CID2907,DID796
CID2908,DID18
CID2908,DID776
CID2909,DID110
CID2909,DID72
CID2910,DID25
CID2910,DID526
CID2911,DID385
CID2911,DID954
CID2912,DID569
CID2912,DID874
CID2913,DID49
CID2913,DID672
CID2914,DID239
CID2914,DID301
CID2915,DID406
CID2915,DID71
CID2916,DID270
CID2916,DID750
CID2917,DID451
CID2917,DID472
CID2918,DID540
CID2918,DID79
CID2919,DID368
CID2919,DID67
CID2920,DID407
CID2920,DID602
CID2921,DID282
CID2921,DID307
CID2922,DID317
CID2922,DID843
CID2923,DID130
CID2923,DID36
CID2924,DID11
CID2924,DID475
CID2925,DID153
CID2925,DID816
CID2926,DID953
CID2926,DID985
CID2927,DID209
CID2927,DID95
CID2928,DID627
CID2928,DID687
CID2929,DID205
CID2929,DID427
CID2930,DID656
CID2930,DID817
CID2931,DID138
CID2931,DID761
CID2932,DID672
CID2932,DID994
CID2933,DID215
CID2933,DID380
CID2934,DID808
CID2934,DID978
CID2935,DID238
CID2935,DID714
CID2936,DID178
CID2936,DID243
CID2937,DID13
CID2937,DID558
CID2938,DID395
CID2938,DID604
CID2939,DID24
CID2939,DID379
CID2940,DID535
CID2940,DID541
CID2941,DID457
CID2941,DID70
CID2942,DID240
CID2942,DID292
CID2943,DID158
CID2943,DID660
CID2944,DID689
CID2944,DID760
CID2945,DID368
CID2945,DID587
CID2946,DID363
CID2946,DID684
CID2947,DID21
CID2947,DID328
CID2948,DID532
CID2948,DID564
CID2949,DID303
CID2949,DID754
CID2950,DID25
CID2950,DID286
CID2951,DID144
CID2951,DID522
CID2952,DID278
CID2952,DID596
CID2953,DID627
CID2953,DID721
CID2954,DID198
CID2954,DID366
CID2955,DID405
CID2955,DID925
CID2956,DID207
CID2956,DID441
CID2957,DID481
CID2957,DID501
CID2958,DID384
CID2958,DID835
CID2959,DID415
CID2959,DID48
CID2960,DID419
CID2960,DID589
CID2961,DID375
CID2961,DID450
CID2962,DID482
CID2962,DID860
CID2963,DID44
CID2963,DID696
CID2964,DID145
CID2964,DID224
CID2965,DID372
CID2965,DID818
CID2966,DID262
CID2966,DID879
CID2967,DID219
CID2967,DID261
CID2968,DID859
CID2968,DID880
CID2969,DID495
CID2969,DID684
CID2970,DID517
CID2970,DID624
CID2971,DID484
CID2971,DID592
CID2972,DID41
CID2972,DID807
CID2973,DID271
CID2973,DID329
CID2974,DID608
CID2974,DID934
CID2975,DID196
CID2975,DID43
CID2976,DID211
CID2976,DID416
CID2977,DID757
CID2977,DID872
CID2978,DID136
CID2978,DID791
CID2979,DID311
CID2979,DID41
CID2980,DID612
CID2980,DID77
CID2981,DID519
CID2981,DID819
CID2982,DID582
CID2982,DID96
CID2983,DID479
CID2983,DID66
CID2984,DID204
CID2984,DID631
CID2985,DID128
CID2985,DID198
CID2986,DID65
CID2986,DID935
CID2987,DID320
CID2987,DID333
CID2988,DID55
CID2988,DID702
CID2989,DID217
CID2989,DID794
CID2990,DID404
CID2990,DID415
CID2991,DID364
CID2991,DID417
CID2992,DID367
CID2992,DID574
CID2993,DID454
CID2993,DID796
CID2994,DID685
CID2994,DID731
CID2995,DID452
CID2995,DID463
CID2996,DID322
CID2996,DID862
CID2997,DID306
CID2997,DID385
CID2998,DID177
CID2998,DID492
CID2999,DID477
CID2999,DID59
CID3000,DID191
CID3000,DID996
