DID,DAUTHOR
DID1,Jane
DID2,Caleb
DID3,Alex
DID4,Jane
DID5,Caleb
DID6,Alex
DID7,Jane
DID8,Caleb
DID9,Alex
DID10,Jane
DID11,Caleb
DID12,Alex
DID13,Jane
DID14,Caleb
DID15,Alex
DID16,Jane
DID17,Caleb
DID18,Alex
DID19,Jane
DID20,Caleb
DID21,Alex
DID22,Jane
DID23,Caleb
DID24,Alex
DID25,Jane
DID26,Caleb
DID27,Alex
DID28,Jane
DID29,Caleb
DID30,Alex
DID31,Jane
DID32,Caleb
DID33,Alex
DID34,Jane
DID35,Caleb
DID36,Alex
DID37,Jane
DID38,Caleb
DID39,Alex
DID40,Jane
DID41,Caleb
DID42,Alex
DID43,Jane
DID44,Caleb
DID45,Alex
DID46,Jane
DID47,Caleb
DID48,Alex
DID49,Jane
DID50,Caleb
DID51,Alex
DID52,Jane
DID53,Caleb
DID54,Alex
DID55,Jane
DID56,Caleb
DID57,Alex
DID58,Jane
DID59,Caleb
DID60,Alex
DID61,Jane
DID62,Caleb
DID63,Alex
DID64,Jane
DID65,Caleb
DID66,Alex
DID67,Jane
DID68,Caleb
DID69,Alex
DID70,Jane
DID71,Caleb
DID72,Alex
DID73,Jane
DID74,Caleb
DID75,Alex
DID76,Jane
DID77,Caleb
DID78,Alex
DID79,Jane
DID80,Caleb
DID81,Alex
DID82,Jane
DID83,Caleb
DID84,Alex
DID85,Jane
DID86,Caleb
DID87,Alex
DID88,Jane
DID89,Caleb
DID90,Alex
DID91,Jane
DID92,Caleb
DID93,Alex
DID94,Jane
DID95,Caleb
DID96,Alex
DID97,Jane
DID98,Caleb
DID99,Alex
DID100,Jane
DID101,Caleb
DID102,Alex
DID103,Jane
DID104,Caleb
DID105,Alex
DID106,Jane
DID107,Caleb
DID108,Alex
DID109,Jane
DID110,Caleb
DID111,Alex
DID112,Jane
DID113,Caleb
DID114,Alex
DID115,Jane
DID116,Caleb
DID117,Alex
DID118,Jane
DID119,Caleb
DID120,Alex
DID121,Jane
DID122,Caleb
DID123,Alex
DID124,Jane
DID125,Caleb
DID126,Alex
DID127,Jane
DID128,Caleb
DID129,Alex
DID130,Jane
DID131,Caleb
DID132,Alex
DID133,Jane
DID134,Caleb
DID135,Alex
DID136,Jane
DID137,Caleb
DID138,Alex
DID139,Jane
DID140,Caleb
DID141,Alex
DID142,Jane
DID143,Caleb
DID144,Alex
DID145,Jane
DID146,Caleb
DID147,Alex
DID148,Jane
DID149,Caleb
DID150,Alex
DID151,Jane
DID152,Caleb
DID153,Alex
DID154,Jane
DID155,Caleb
DID156,Alex
DID157,Jane
DID158,Caleb
DID159,Alex
DID160,Jane
DID161,Caleb
DID162,Alex
DID163,Jane
DID164,Caleb
DID165,Alex
DID166,Jane
DID167,Caleb
DID168,Alex
DID169,Jane
DID170,Caleb
DID171,Alex
DID172,Jane
DID173,Caleb
DID174,Alex
DID175,Jane
DID176,Caleb
DID177,Alex
DID178,Jane
DID179,Caleb
DID180,Alex
DID181,Jane
DID182,Caleb
DID183,Alex
DID184,Jane
DID185,Caleb
DID186,Alex
DID187,Jane
DID188,Caleb
DID189,Alex
DID190,Jane
DID191,Caleb
DID192,Alex
DID193,Jane
DID194,Caleb
DID195,Alex
DID196,Jane
DID197,Caleb
DID198,Alex
DID199,Jane
DID200,Caleb
DID201,Alex
DID202,Jane
DID203,Caleb
DID204,Alex
DID205,Jane
DID206,Caleb
DID207,Alex
DID208,Jane
DID209,Caleb
DID210,Alex
DID211,Jane
DID212,Caleb
DID213,Alex
DID214,Jane
DID215,Caleb
DID216,Alex
DID217,Jane
DID218,Caleb
DID219,Alex
DID220,Jane
DID221,Caleb
DID222,Alex
DID223,Jane
DID224,Caleb
DID225,Alex
DID226,Jane
DID227,Caleb
DID228,Alex
DID229,Jane
DID230,Caleb
DID231,Alex
DID232,Jane
DID233,Caleb
DID234,Alex
DID235,Jane
DID236,Caleb
DID237,Alex
DID238,Jane
DID239,Caleb
DID240,Alex
DID241,Jane
DID242,Caleb
DID243,Alex
DID244,Jane
DID245,Caleb
DID246,Alex
DID247,Jane
DID248,Caleb
DID249,Alex
DID250,Jane
DID251,Caleb
DID252,Alex
DID253,Jane
DID254,Caleb
DID255,Alex
DID256,Jane
DID257,Caleb
DID258,Alex
DID259,Jane
DID260,Caleb
DID261,Alex
DID262,Jane
DID263,Caleb
DID264,Alex
DID265,Jane
DID266,Caleb
DID267,Alex
DID268,Jane
DID269,Caleb
DID270,Alex
DID271,Jane
DID272,Caleb
DID273,Alex
DID274,Jane
DID275,Caleb
DID276,Alex
DID277,Jane
DID278,Caleb
DID279,Alex
DID280,Jane
DID281,Caleb
DID282,Alex
DID283,Jane
DID284,Caleb
DID285,Alex
DID286,Jane
DID287,Caleb
DID288,Alex
DID289,Jane
DID290,Caleb
DID291,Alex
DID292,Jane
DID293,Caleb
DID294,Alex
DID295,Jane
DID296,Caleb
DID297,Alex
DID298,Jane
DID299,Caleb
DID300,Alex
DID301,Jane
DID302,Caleb
DID303,Alex
DID304,Jane
DID305,Caleb
DID306,Alex
DID307,Jane
DID308,Caleb
DID309,Alex
DID310,Jane
DID311,Caleb
DID312,Alex
DID313,Jane
DID314,Caleb
DID315,Alex
DID316,Jane
DID317,Caleb
DID318,Alex
DID319,Jane
DID320,Caleb
DID321,Alex
DID322,Jane
DID323,Caleb
DID324,Alex
DID325,Jane
DID326,Caleb
DID327,Alex
DID328,Jane
DID329,Caleb
DID330,Alex
DID331,Jane
DID332,Caleb
DID333,Alex
DID334,Jane
DID335,Caleb
DID336,Alex
DID337,Jane
DID338,Caleb
DID339,Alex
DID340,Jane
DID341,Caleb
DID342,Alex
DID343,Jane
DID344,Caleb
DID345,Alex
DID346,Jane
DID347,Caleb
DID348,Alex
DID349,Jane
DID350,Caleb
DID351,Alex
DID352,Jane
DID353,Caleb
DID354,Alex
DID355,Jane
DID356,Caleb
DID357,Alex
DID358,Jane
DID359,Caleb
DID360,Alex
DID361,Jane
DID362,Caleb
DID363,Alex
DID364,Jane
DID365,Caleb
DID366,Alex
DID367,Jane
DID368,Caleb
DID369,Alex
DID370,Jane
DID371,Caleb
DID372,Alex
DID373,Jane
DID374,Caleb
DID375,Alex
DID376,Jane
DID377,Caleb
DID378,Alex
DID379,Jane
DID380,Caleb
DID381,Alex
DID382,Jane
DID383,Caleb
DID384,Alex
DID385,Jane
DID386,Caleb
DID387,Alex
DID388,Jane
DID389,Caleb
DID390,Alex
DID391,Jane
DID392,Caleb
DID393,Alex
DID394,Jane
DID395,Caleb
DID396,Alex
DID397,Jane
DID398,Caleb
DID399,Alex
DID400,Jane
DID401,Caleb
DID402,Alex
DID403,Jane
DID404,Caleb
DID405,Alex
DID406,Jane
DID407,Caleb
DID408,Alex
DID409,Jane
DID410,Caleb
DID411,Alex
DID412,Jane
DID413,Caleb
DID414,Alex
DID415,Jane
DID416,Caleb
DID417,Alex
DID418,Jane
DID419,Caleb
DID420,Alex
DID421,Jane
DID422,Caleb
DID423,Alex
DID424,Jane
DID425,Caleb
DID426,Alex
DID427,Jane
DID428,Caleb
DID429,Alex
DID430,Jane
DID431,Caleb
DID432,Alex
DID433,Jane
DID434,Caleb
DID435,Alex
DID436,Jane
DID437,Caleb
DID438,Alex
DID439,Jane
DID440,Caleb
DID441,Alex
DID442,Jane
DID443,Caleb
DID444,Alex
DID445,Jane
DID446,Caleb
DID447,Alex
DID448,Jane
DID449,Caleb
DID450,Alex
DID451,Jane
DID452,Caleb
DID453,Alex
DID454,Jane
DID455,Caleb
DID456,Alex
DID457,Jane
DID458,Caleb
DID459,Alex
DID460,Jane
DID461,Caleb
DID462,Alex
DID463,Jane
DID464,Caleb
DID465,Alex
DID466,Jane
DID467,Caleb
DID468,Alex
DID469,Jane
DID470,Caleb
DID471,Alex
DID472,Jane
DID473,Caleb
DID474,Alex
DID475,Jane
DID476,Caleb
DID477,Alex
DID478,Jane
DID479,Caleb
DID480,Alex
DID481,Jane
DID482,Caleb
DID483,Alex
DID484,Jane
DID485,Caleb
DID486,Alex
DID487,Jane
DID488,Caleb
DID489,Alex
DID490,Jane
DID491,Caleb
DID492,Alex
DID493,Jane
DID494,Caleb
DID495,Alex
DID496,Jane
DID497,Caleb
DID498,Alex
DID499,Jane
DID500,Caleb
DID501,Alex
DID502,Jane
DID503,Caleb
DID504,Alex
DID505,Jane
DID506,Caleb
DID507,Alex
DID508,Jane
DID509,Caleb
DID510,Alex
DID511,Jane
DID512,Caleb
DID513,Alex
DID514,Jane
DID515,Caleb
DID516,Alex
DID517,Jane
DID518,Caleb
DID519,Alex
DID520,Jane
DID521,Caleb
DID522,Alex
DID523,Jane
DID524,Caleb
DID525,Alex
DID526,Jane
DID527,Caleb
DID528,Alex
DID529,Jane
DID530,Caleb
DID531,Alex
DID532,Jane
DID533,Caleb
DID534,Alex
DID535,Jane
DID536,Caleb
DID537,Alex
DID538,Jane
DID539,Caleb
DID540,Alex
DID541,Jane
DID542,Caleb
DID543,Alex
DID544,Jane
DID545,Caleb
DID546,Alex
DID547,Jane
DID548,Caleb
DID549,Alex
DID550,Jane
DID551,Caleb
DID552,Alex
DID553,Jane
DID554,Caleb
DID555,Alex
DID556,Jane
DID557,Caleb
DID558,Alex
DID559,Jane
DID560,Caleb
DID561,Alex
DID562,Jane
DID563,Caleb
DID564,Alex
DID565,Jane
DID566,Caleb
DID567,Alex
DID568,Jane
DID569,Caleb
DID570,Alex
DID571,Jane
DID572,Caleb
DID573,Alex
DID574,Jane
DID575,Caleb
DID576,Alex
DID577,Jane
DID578,Caleb
DID579,Alex
DID580,Jane
DID581,Caleb
DID582,Alex
DID583,Jane
DID584,Caleb
DID585,Alex
DID586,Jane
DID587,Caleb
DID588,Alex
DID589,Jane
DID590,Caleb
DID591,Alex
DID592,Jane
DID593,Caleb
DID594,Alex
DID595,Jane
DID596,Caleb
DID597,Alex
DID598,Jane
DID599,Caleb
DID600,Alex
DID601,Jane
DID602,Caleb
DID603,Alex
DID604,Jane
DID605,Caleb
DID606,Alex
DID607,Jane
DID608,Caleb
DID609,Alex
DID610,Jane
DID611,Caleb
DID612,Alex
DID613,Jane
DID614,Caleb
DID615,Alex
DID616,Jane
DID617,Caleb
DID618,Alex
DID619,Jane
DID620,Caleb
DID621,Alex
DID622,Jane
DID623,Caleb
DID624,Alex
DID625,Jane
DID626,Caleb
DID627,Alex
DID628,Jane
DID629,Caleb
DID630,Alex
DID631,Jane
DID632,Caleb
DID633,Alex
DID634,Jane
DID635,Caleb
DID636,Alex
DID637,Jane
DID638,Caleb
DID639,Alex
DID640,Jane
DID641,Caleb
DID642,Alex
DID643,Jane
DID644,Caleb
DID645,Alex
DID646,Jane
DID647,Caleb
DID648,Alex
DID649,Jane
DID650,Caleb
DID651,Alex
DID652,Jane
DID653,Caleb
DID654,Alex
DID655,Jane
DID656,Caleb
DID657,Alex
DID658,Jane
DID659,Caleb
DID660,Alex
DID661,Jane
DID662,Caleb
DID663,Alex
DID664,Jane
DID665,Caleb
DID666,Alex
DID667,Jane
DID668,Caleb
DID669,Alex
DID670,Jane
DID671,Caleb
DID672,Alex
DID673,Jane
DID674,Caleb
DID675,Alex
DID676,Jane
DID677,Caleb
DID678,Alex
DID679,Jane
DID680,Caleb
DID681,Alex
DID682,Jane
DID683,Caleb
DID684,Alex
DID685,Jane
DID686,Caleb
DID687,Alex
DID688,Jane
DID689,Caleb
DID690,Alex
DID691,Jane
DID692,Caleb
DID693,Alex
DID694,Jane
DID695,Caleb
DID696,Alex
DID697,Jane
DID698,Caleb
DID699,Alex
DID700,Jane
DID701,Caleb
DID702,Alex
DID703,Jane
DID704,Caleb
DID705,Alex
DID706,Jane
DID707,Caleb
DID708,Alex
DID709,Jane
DID710,Caleb
DID711,Alex
DID712,Jane
DID713,Caleb
DID714,Alex
DID715,Jane
DID716,Caleb
DID717,Alex
DID718,Jane
DID719,Caleb
DID720,Alex
DID721,Jane
DID722,Caleb
DID723,Alex
DID724,Jane
DID725,Caleb
DID726,Alex
DID727,Jane
DID728,Caleb
DID729,Alex
DID730,Jane
DID731,Caleb
DID732,Alex
DID733,Jane
DID734,Caleb
DID735,Alex
DID736,Jane
DID737,Caleb
DID738,Alex
DID739,Jane
DID740,Caleb
DID741,Alex
DID742,Jane
DID743,Caleb
DID744,Alex
DID745,Jane
DID746,Caleb
DID747,Alex
DID748,Jane
DID749,Caleb
DID750,Alex
DID751,Jane
DID752,Caleb
DID753,Alex
DID754,Jane
DID755,Caleb
DID756,Alex
DID757,Jane
DID758,Caleb
DID759,Alex
DID760,Jane
DID761,Caleb
DID762,Alex
DID763,Jane
DID764,Caleb
DID765,Alex
DID766,Jane
DID767,Caleb
DID768,Alex
DID769,Jane
DID770,Caleb
DID771,Alex
DID772,Jane
DID773,Caleb
DID774,Alex
DID775,Jane
DID776,Caleb
DID777,Alex
DID778,Jane
DID779,Caleb
DID780,Alex
DID781,Jane
DID782,Caleb
DID783,Alex
DID784,Jane
DID785,Caleb
DID786,Alex
DID787,Jane
DID788,Caleb
DID789,Alex
DID790,Jane
DID791,Caleb
DID792,Alex
DID793,Jane
DID794,Caleb
DID795,Alex
DID796,Jane
DID797,Caleb
DID798,Alex
DID799,Jane
DID800,Caleb
DID801,Alex
DID802,Jane
DID803,Caleb
DID804,Alex
DID805,Jane
DID806,Caleb
DID807,Alex
DID808,Jane
DID809,Caleb
DID810,Alex
DID811,Jane
DID812,Caleb
DID813,Alex
DID814,Jane
DID815,Caleb
DID816,Alex
DID817,Jane
DID818,Caleb
DID819,Alex
DID820,Jane
DID821,Caleb
DID822,Alex
DID823,Jane
DID824,Caleb
DID825,Alex
DID826,Jane
DID827,Caleb
DID828,Alex
DID829,Jane
DID830,Caleb
DID831,Alex
DID832,Jane
DID833,Caleb
DID834,Alex
DID835,Jane
DID836,Caleb
DID837,Alex
DID838,Jane
DID839,Caleb
DID840,Alex
DID841,Jane
DID842,Caleb
DID843,Alex
DID844,Jane
DID845,Caleb
DID846,Alex
DID847,Jane
DID848,Caleb
DID849,Alex
DID850,Jane
DID851,Caleb
DID852,Alex
DID853,Jane
DID854,Caleb
DID855,Alex
DID856,Jane
DID857,Caleb
DID858,Alex
DID859,Jane
DID860,Caleb
DID861,Alex
DID862,Jane
DID863,Caleb
DID864,Alex
DID865,Jane
DID866,Caleb
DID867,Alex
DID868,Jane
DID869,Caleb
DID870,Alex
DID871,Jane
DID872,Caleb
DID873,Alex
DID874,Jane
DID875,Caleb
DID876,Alex
DID877,Jane
DID878,Caleb
DID879,Alex
DID880,Jane
DID881,Caleb
DID882,Alex
DID883,Jane
DID884,Caleb
DID885,Alex
DID886,Jane
DID887,Caleb
DID888,Alex
DID889,Jane
DID890,Caleb
DID891,Alex
DID892,Jane
DID893,Caleb
DID894,Alex
DID895,Jane
DID896,Caleb
DID897,Alex
DID898,Jane
DID899,Caleb
DID900,Alex
DID901,Jane
DID902,Caleb
DID903,Alex
DID904,Jane
DID905,Caleb
DID906,Alex
DID907,Jane
DID908,Caleb
DID909,Alex
DID910,Jane
DID911,Caleb
DID912,Alex
DID913,Jane
DID914,Caleb
DID915,Alex
DID916,Jane
DID917,Caleb
DID918,Alex
DID919,Jane
DID920,Caleb
DID921,Alex
DID922,Jane
DID923,Caleb
DID924,Alex
DID925,Jane
DID926,Caleb
DID927,Alex
DID928,Jane
DID929,Caleb
DID930,Alex
DID931,Jane
DID932,Caleb
DID933,Alex
DID934,Jane
DID935,Caleb
DID936,Alex
DID937,Jane
DID938,Caleb
DID939,Alex
DID940,Jane
DID941,Caleb
DID942,Alex
DID943,Jane
DID944,Caleb
DID945,Alex
DID946,Jane
DID947,Caleb
DID948,Alex
DID949,Jane
DID950,Caleb
DID951,Alex
DID952,Jane
DID953,Caleb
DID954,Alex
DID955,Jane
DID956,Caleb
DID957,Alex
DID958,Jane
DID959,Caleb
DID960,Alex
DID961,Jane
DID962,Caleb
DID963,Alex
DID964,Jane
DID965,Caleb
DID966,Alex
DID967,Jane
DID968,Caleb
DID969,Alex
DID970,Jane
DID971,Caleb
DID972,Alex
DID973,Jane
DID974,Caleb
DID975,Alex
DID976,Jane
DID977,Caleb
DID978,Alex
DID979,Jane
DID980,Caleb
DID981,Alex
DID982,Jane
DID983,Caleb
DID984,Alex
DID985,Jane
DID986,Caleb
DID987,Alex
DID988,Jane
DID989,Caleb
DID990,Alex
DID991,Jane
DID992,Caleb
DID993,Alex
DID994,Jane
DID995,Caleb
DID996,Alex
DID997,Jane
DID998,Caleb
DID999,Alex
DID1000,Jane
DID1001,Caleb
DID1002,Alex
DID1003,Jane
DID1004,Caleb
DID1005,Alex
DID1006,Jane
DID1007,Caleb
DID1008,Alex
DID1009,Jane
DID1010,Caleb
DID1011,Alex
DID1012,Jane
DID1013,Caleb
DID1014,Alex
DID1015,Jane
DID1016,Caleb
DID1017,Alex
DID1018,Jane
DID1019,Caleb
DID1020,Alex
DID1021,Jane
DID1022,Caleb
DID1023,Alex
DID1024,Jane
DID1025,Caleb
DID1026,Alex
DID1027,Jane
DID1028,Caleb
DID1029,Alex
DID1030,Jane
DID1031,Caleb
DID1032,Alex
DID1033,Jane
DID1034,Caleb
DID1035,Alex
DID1036,Jane
DID1037,Caleb
DID1038,Alex
DID1039,Jane
DID1040,Caleb
DID1041,Alex
DID1042,Jane
DID1043,Caleb
DID1044,Alex
DID1045,Jane
DID1046,Caleb
DID1047,Alex
DID1048,Jane
DID1049,Caleb
DID1050,Alex
DID1051,Jane
DID1052,Caleb
DID1053,Alex
DID1054,Jane
DID1055,Caleb
DID1056,Alex
DID1057,Jane
DID1058,Caleb
DID1059,Alex
DID1060,Jane
DID1061,Caleb
DID1062,Alex
DID1063,Jane
DID1064,Caleb
DID1065,Alex
DID1066,Jane
DID1067,Caleb
DID1068,Alex
DID1069,Jane
DID1070,Caleb
DID1071,Alex
DID1072,Jane
DID1073,Caleb
DID1074,Alex
DID1075,Jane
DID1076,Caleb
DID1077,Alex
DID1078,Jane
DID1079,Caleb
DID1080,Alex
DID1081,Jane
DID1082,Caleb
DID1083,Alex
DID1084,Jane
DID1085,Caleb
DID1086,Alex
DID1087,Jane
DID1088,Caleb
DID1089,Alex
DID1090,Jane
DID1091,Caleb
DID1092,Alex
DID1093,Jane
DID1094,Caleb
DID1095,Alex
DID1096,Jane
DID1097,Caleb
DID1098,Alex
DID1099,Jane
DID1100,Caleb
DID1101,Alex
DID1102,Jane
DID1103,Caleb
DID1104,Alex
DID1105,Jane
DID1106,Caleb
DID1107,Alex
DID1108,Jane
DID1109,Caleb
DID1110,Alex
DID1111,Jane
DID1112,Caleb
DID1113,Alex
DID1114,Jane
DID1115,Caleb
DID1116,Alex
DID1117,Jane
DID1118,Caleb
DID1119,Alex
DID1120,Jane
DID1121,Caleb
DID1122,Alex
DID1123,Jane
DID1124,Caleb
DID1125,Alex
DID1126,Jane
DID1127,Caleb
DID1128,Alex
DID1129,Jane
DID1130,Caleb
DID1131,Alex
DID1132,Jane
DID1133,Caleb
DID1134,Alex
DID1135,Jane
DID1136,Caleb
DID1137,Alex
DID1138,Jane
DID1139,Caleb
DID1140,Alex
DID1141,Jane
DID1142,Caleb
DID1143,Alex
DID1144,Jane
DID1145,Caleb
DID1146,Alex
DID1147,Jane
DID1148,Caleb
DID1149,Alex
DID1150,Jane
DID1151,Caleb
DID1152,Alex
DID1153,Jane
DID1154,Caleb
DID1155,Alex
DID1156,Jane
DID1157,Caleb
DID1158,Alex
DID1159,Jane
DID1160,Caleb
DID1161,Alex
DID1162,Jane
DID1163,Caleb
DID1164,Alex
DID1165,Jane
DID1166,Caleb
DID1167,Alex
DID1168,Jane
DID1169,Caleb
DID1170,Alex
DID1171,Jane
DID1172,Caleb
DID1173,Alex
DID1174,Jane
DID1175,Caleb
DID1176,Alex
DID1177,Jane
DID1178,Caleb
DID1179,Alex
DID1180,Jane
DID1181,Caleb
DID1182,Alex
DID1183,Jane
DID1184,Caleb
DID1185,Alex
DID1186,Jane
DID1187,Caleb
DID1188,Alex
DID1189,Jane
DID1190,Caleb
DID1191,Alex
DID1192,Jane
DID1193,Caleb
DID1194,Alex
DID1195,Jane
DID1196,Caleb
DID1197,Alex
DID1198,Jane
DID1199,Caleb
DID1200,Alex
DID1201,Jane
DID1202,Caleb
DID1203,Alex
DID1204,Jane
DID1205,Caleb
DID1206,Alex
DID1207,Jane
DID1208,Caleb
DID1209,Alex
DID1210,Jane
DID1211,Caleb
DID1212,Alex
DID1213,Jane
DID1214,Caleb
DID1215,Alex
DID1216,Jane
DID1217,Caleb
DID1218,Alex
DID1219,Jane
DID1220,Caleb
DID1221,Alex
DID1222,Jane
DID1223,Caleb
DID1224,Alex
DID1225,Jane
DID1226,Caleb
DID1227,Alex
DID1228,Jane
DID1229,Caleb
DID1230,Alex
DID1231,Jane
DID1232,Caleb
DID1233,Alex
DID1234,Jane
DID1235,Caleb
DID1236,Alex
DID1237,Jane
DID1238,Caleb
DID1239,Alex
DID1240,Jane
DID1241,Caleb
DID1242,Alex
DID1243,Jane
DID1244,Caleb
DID1245,Alex
DID1246,Jane
DID1247,Caleb
DID1248,Alex
DID1249,Jane
DID1250,Caleb
DID1251,Alex
DID1252,Jane
DID1253,Caleb
DID1254,Alex
DID1255,Jane
DID1256,Caleb
DID1257,Alex
DID1258,Jane
DID1259,Caleb
DID1260,Alex
DID1261,Jane
DID1262,Caleb
DID1263,Alex
DID1264,Jane
DID1265,Caleb
DID1266,Alex
DID1267,Jane
DID1268,Caleb
DID1269,Alex
DID1270,Jane
DID1271,Caleb
DID1272,Alex
DID1273,Jane
DID1274,Caleb
DID1275,Alex
DID1276,Jane
DID1277,Caleb
DID1278,Alex
DID1279,Jane
DID1280,Caleb
DID1281,Alex
DID1282,Jane
DID1283,Caleb
DID1284,Alex
DID1285,Jane
DID1286,Caleb
DID1287,Alex
DID1288,Jane
DID1289,Caleb
DID1290,Alex
DID1291,Jane
DID1292,Caleb
DID1293,Alex
DID1294,Jane
DID1295,Caleb
DID1296,Alex
DID1297,Jane
DID1298,Caleb
DID1299,Alex
DID1300,Jane
DID1301,Caleb
DID1302,Alex
DID1303,Jane
DID1304,Caleb
DID1305,Alex
DID1306,Jane
DID1307,Caleb
DID1308,Alex
DID1309,Jane
DID1310,Caleb
DID1311,Alex
DID1312,Jane
DID1313,Caleb
DID1314,Alex
DID1315,Jane
DID1316,Caleb
DID1317,Alex
DID1318,Jane
DID1319,Caleb
DID1320,Alex
DID1321,Jane
DID1322,Caleb
DID1323,Alex
DID1324,Jane
DID1325,Caleb
DID1326,Alex
DID1327,Jane
DID1328,Caleb
DID1329,Alex
DID1330,Jane
DID1331,Caleb
DID1332,Alex
DID1333,Jane
DID1334,Caleb
DID1335,Alex
DID1336,Jane
DID1337,Caleb
DID1338,Alex
DID1339,Jane
DID1340,Caleb
DID1341,Alex
DID1342,Jane
DID1343,Caleb
DID1344,Alex
DID1345,Jane
DID1346,Caleb
DID1347,Alex
DID1348,Jane
DID1349,Caleb
DID1350,Alex
DID1351,Jane
DID1352,Caleb
DID1353,Alex
DID1354,Jane
DID1355,Caleb
DID1356,Alex
DID1357,Jane
DID1358,Caleb
DID1359,Alex
DID1360,Jane
DID1361,Caleb
DID1362,Alex
DID1363,Jane
DID1364,Caleb
DID1365,Alex
DID1366,Jane
DID1367,Caleb
DID1368,Alex
DID1369,Jane
DID1370,Caleb
DID1371,Alex
DID1372,Jane
DID1373,Caleb
DID1374,Alex
DID1375,Jane
DID1376,Caleb
DID1377,Alex
DID1378,Jane
DID1379,Caleb
DID1380,Alex
DID1381,Jane
DID1382,Caleb
DID1383,Alex
DID1384,Jane
DID1385,Caleb
DID1386,Alex
DID1387,Jane
DID1388,Caleb
DID1389,Alex
DID1390,Jane
DID1391,Caleb
DID1392,Alex
DID1393,Jane
DID1394,Caleb
DID1395,Alex
DID1396,Jane
DID1397,Caleb
DID1398,Alex
DID1399,Jane
DID1400,Caleb
DID1401,Alex
DID1402,Jane
DID1403,Caleb
DID1404,Alex
DID1405,Jane
DID1406,Caleb
DID1407,Alex
DID1408,Jane
DID1409,Caleb
DID1410,Alex
DID1411,Jane
DID1412,Caleb
DID1413,Alex
DID1414,Jane
DID1415,Caleb
DID1416,Alex
DID1417,Jane
DID1418,Caleb
DID1419,Alex
DID1420,Jane
DID1421,Caleb
DID1422,Alex
DID1423,Jane
DID1424,Caleb
DID1425,Alex
DID1426,Jane
DID1427,Caleb
DID1428,Alex
DID1429,Jane
DID1430,Caleb
DID1431,Alex
DID1432,Jane
DID1433,Caleb
DID1434,Alex
DID1435,Jane
DID1436,Caleb
DID1437,Alex
DID1438,Jane
DID1439,Caleb
DID1440,Alex
DID1441,Jane
DID1442,Caleb
DID1443,Alex
DID1444,Jane
DID1445,Caleb
DID1446,Alex
DID1447,Jane
DID1448,Caleb
DID1449,Alex
DID1450,Jane
DID1451,Caleb
DID1452,Alex
DID1453,Jane
DID1454,Caleb
DID1455,Alex
DID1456,Jane
DID1457,Caleb
DID1458,Alex
DID1459,Jane
DID1460,Caleb
DID1461,Alex
DID1462,Jane
DID1463,Caleb
DID1464,Alex
DID1465,Jane
DID1466,Caleb
DID1467,Alex
DID1468,Jane
DID1469,Caleb
DID1470,Alex
DID1471,Jane
DID1472,Caleb
DID1473,Alex
DID1474,Jane
DID1475,Caleb
DID1476,Alex
DID1477,Jane
DID1478,Caleb
DID1479,Alex
DID1480,Jane
DID1481,Caleb
DID1482,Alex
DID1483,Jane
DID1484,Caleb
DID1485,Alex
DID1486,Jane
DID1487,Caleb
DID1488,Alex
DID1489,Jane
DID1490,Caleb
DID1491,Alex
DID1492,Jane
DID1493,Caleb
DID1494,Alex
DID1495,Jane
DID1496,Caleb
DID1497,Alex
DID1498,Jane
DID1499,Caleb
DID1500,Alex
DID1501,Jane
DID1502,Caleb
DID1503,Alex
DID1504,Jane
DID1505,Caleb
DID1506,Alex
DID1507,Jane
DID1508,Caleb
DID1509,Alex
DID1510,Jane
DID1511,Caleb
DID1512,Alex
DID1513,Jane
DID1514,Caleb
DID1515,Alex
DID1516,Jane
DID1517,Caleb
DID1518,Alex
DID1519,Jane
DID1520,Caleb
DID1521,Alex
DID1522,Jane
DID1523,Caleb
DID1524,Alex
DID1525,Jane
DID1526,Caleb
DID1527,Alex
DID1528,Jane
DID1529,Caleb
DID1530,Alex
DID1531,Jane
DID1532,Caleb
DID1533,Alex
DID1534,Jane
DID1535,Caleb
DID1536,Alex
DID1537,Jane
DID1538,Caleb
DID1539,Alex
DID1540,Jane
DID1541,Caleb
DID1542,Alex
DID1543,Jane
DID1544,Caleb
DID1545,Alex
DID1546,Jane
DID1547,Caleb
DID1548,Alex
DID1549,Jane
DID1550,Caleb
DID1551,Alex
DID1552,Jane
DID1553,Caleb
DID1554,Alex
DID1555,Jane
DID1556,Caleb
DID1557,Alex
DID1558,Jane
DID1559,Caleb
DID1560,Alex
DID1561,Jane
DID1562,Caleb
DID1563,Alex
DID1564,Jane
DID1565,Caleb
DID1566,Alex
DID1567,Jane
DID1568,Caleb
DID1569,Alex
DID1570,Jane
DID1571,Caleb
DID1572,Alex
DID1573,Jane
DID1574,Caleb
DID1575,Alex
DID1576,Jane
DID1577,Caleb
DID1578,Alex
DID1579,Jane
DID1580,Caleb
DID1581,Alex
DID1582,Jane
DID1583,Caleb
DID1584,Alex
DID1585,Jane
DID1586,Caleb
DID1587,Alex
DID1588,Jane
DID1589,Caleb
DID1590,Alex
DID1591,Jane
DID1592,Caleb
DID1593,Alex
DID1594,Jane
DID1595,Caleb
DID1596,Alex
DID1597,Jane
DID1598,Caleb
DID1599,Alex
DID1600,Jane
DID1601,Caleb
DID1602,Alex
DID1603,Jane
DID1604,Caleb
DID1605,Alex
DID1606,Jane
DID1607,Caleb
DID1608,Alex
DID1609,Jane
DID1610,Caleb
DID1611,Alex
DID1612,Jane
DID1613,Caleb
DID1614,Alex
DID1615,Jane
DID1616,Caleb
DID1617,Alex
DID1618,Jane
DID1619,Caleb
DID1620,Alex
DID1621,Jane
DID1622,Caleb
DID1623,Alex
DID1624,Jane
DID1625,Caleb
DID1626,Alex
DID1627,Jane
DID1628,Caleb
DID1629,Alex
DID1630,Jane
DID1631,Caleb
DID1632,Alex
DID1633,Jane
DID1634,Caleb
DID1635,Alex
DID1636,Jane
DID1637,Caleb
DID1638,Alex
DID1639,Jane
DID1640,Caleb
DID1641,Alex
DID1642,Jane
DID1643,Caleb
DID1644,Alex
DID1645,Jane
DID1646,Caleb
DID1647,Alex
DID1648,Jane
DID1649,Caleb
DID1650,Alex
DID1651,Jane
DID1652,Caleb
DID1653,Alex
DID1654,Jane
DID1655,Caleb
DID1656,Alex
DID1657,Jane
DID1658,Caleb
DID1659,Alex
DID1660,Jane
DID1661,Caleb
DID1662,Alex
DID1663,Jane
DID1664,Caleb
DID1665,Alex
DID1666,Jane
DID1667,Caleb
DID1668,Alex
DID1669,Jane
DID1670,Caleb
DID1671,Alex
DID1672,Jane
DID1673,Caleb
DID1674,Alex
DID1675,Jane
DID1676,Caleb
DID1677,Alex
DID1678,Jane
DID1679,Caleb
DID1680,Alex
DID1681,Jane
DID1682,Caleb
DID1683,Alex
DID1684,Jane
DID1685,Caleb
DID1686,Alex
DID1687,Jane
DID1688,Caleb
DID1689,Alex
DID1690,Jane
DID1691,Caleb
DID1692,Alex
DID1693,Jane
DID1694,Caleb
DID1695,Alex
DID1696,Jane
DID1697,Caleb
DID1698,Alex
DID1699,Jane
DID1700,Caleb
DID1701,Alex
DID1702,Jane
DID1703,Caleb
DID1704,Alex
DID1705,Jane
DID1706,Caleb
DID1707,Alex
DID1708,Jane
DID1709,Caleb
DID1710,Alex
DID1711,Jane
DID1712,Caleb
DID1713,Alex
DID1714,Jane
DID1715,Caleb
DID1716,Alex
DID1717,Jane
DID1718,Caleb
DID1719,Alex
DID1720,Jane
DID1721,Caleb
DID1722,Alex
DID1723,Jane
DID1724,Caleb
DID1725,Alex
DID1726,Jane
DID1727,Caleb
DID1728,Alex
DID1729,Jane
DID1730,Caleb
DID1731,Alex
DID1732,Jane
DID1733,Caleb
DID1734,Alex
DID1735,Jane
DID1736,Caleb
DID1737,Alex
DID1738,Jane
DID1739,Caleb
DID1740,Alex
DID1741,Jane
DID1742,Caleb
DID1743,Alex
DID1744,Jane
DID1745,Caleb
DID1746,Alex
DID1747,Jane
DID1748,Caleb
DID1749,Alex
DID1750,Jane
DID1751,Caleb
DID1752,Alex
DID1753,Jane
DID1754,Caleb
DID1755,Alex
DID1756,Jane
DID1757,Caleb
DID1758,Alex
DID1759,Jane
DID1760,Caleb
DID1761,Alex
DID1762,Jane
DID1763,Caleb
DID1764,Alex
DID1765,Jane
DID1766,Caleb
DID1767,Alex
DID1768,Jane
DID1769,Caleb
DID1770,Alex
DID1771,Jane
DID1772,Caleb
DID1773,Alex
DID1774,Jane
DID1775,Caleb
DID1776,Alex
DID1777,Jane
DID1778,Caleb
DID1779,Alex
DID1780,Jane
DID1781,Caleb
DID1782,Alex
DID1783,Jane
DID1784,Caleb
DID1785,Alex
DID1786,Jane
DID1787,Caleb
DID1788,Alex
DID1789,Jane
DID1790,Caleb
DID1791,Alex
DID1792,Jane
DID1793,Caleb
DID1794,Alex
DID1795,Jane
DID1796,Caleb
DID1797,Alex
DID1798,Jane
DID1799,Caleb
DID1800,Alex
DID1801,Jane
DID1802,Caleb
DID1803,Alex
DID1804,Jane
DID1805,Caleb
DID1806,Alex
DID1807,Jane
DID1808,Caleb
DID1809,Alex
DID1810,Jane
DID1811,Caleb
DID1812,Alex
DID1813,Jane
DID1814,Caleb
DID1815,Alex
DID1816,Jane
DID1817,Caleb
DID1818,Alex
DID1819,Jane
DID1820,Caleb
DID1821,Alex
DID1822,Jane
DID1823,Caleb
DID1824,Alex
DID1825,Jane
DID1826,Caleb
DID1827,Alex
DID1828,Jane
DID1829,Caleb
DID1830,Alex
DID1831,Jane
DID1832,Caleb
DID1833,Alex
DID1834,Jane
DID1835,Caleb
DID1836,Alex
DID1837,Jane
DID1838,Caleb
DID1839,Alex
DID1840,Jane
DID1841,Caleb
DID1842,Alex
DID1843,Jane
DID1844,Caleb
DID1845,Alex
DID1846,Jane
DID1847,Caleb
DID1848,Alex
DID1849,Jane
DID1850,Caleb
DID1851,Alex
DID1852,Jane
DID1853,Caleb
DID1854,Alex
DID1855,Jane
DID1856,Caleb
DID1857,Alex
DID1858,Jane
DID1859,Caleb
DID1860,Alex
DID1861,Jane
DID1862,Caleb
DID1863,Alex
DID1864,Jane
DID1865,Caleb
DID1866,Alex
DID1867,Jane
DID1868,Caleb
DID1869,Alex
DID1870,Jane
DID1871,Caleb
DID1872,Alex
DID1873,Jane
DID1874,Caleb
DID1875,Alex
DID1876,Jane
DID1877,Caleb
DID1878,Alex
DID1879,Jane
DID1880,Caleb
DID1881,Alex
DID1882,Jane
DID1883,Caleb
DID1884,Alex
DID1885,Jane
DID1886,Caleb
DID1887,Alex
DID1888,Jane
DID1889,Caleb
DID1890,Alex
DID1891,Jane
DID1892,Caleb
DID1893,Alex
DID1894,Jane
DID1895,Caleb
DID1896,Alex
DID1897,Jane
DID1898,Caleb
DID1899,Alex
DID1900,Jane
DID1901,Caleb
DID1902,Alex
DID1903,Jane
DID1904,Caleb
DID1905,Alex
DID1906,Jane
DID1907,Caleb
DID1908,Alex
DID1909,Jane
DID1910,Caleb
DID1911,Alex
DID1912,Jane
DID1913,Caleb
DID1914,Alex
DID1915,Jane
DID1916,Caleb
DID1917,Alex
DID1918,Jane
DID1919,Caleb
DID1920,Alex
DID1921,Jane
DID1922,Caleb
DID1923,Alex
DID1924,Jane
DID1925,Caleb
DID1926,Alex
DID1927,Jane
DID1928,Caleb
DID1929,Alex
DID1930,Jane
DID1931,Caleb
DID1932,Alex
DID1933,Jane
DID1934,Caleb
DID1935,Alex
DID1936,Jane
DID1937,Caleb
DID1938,Alex
DID1939,Jane
DID1940,Caleb
DID1941,Alex
DID1942,Jane
DID1943,Caleb
DID1944,Alex
DID1945,Jane
DID1946,Caleb
DID1947,Alex
DID1948,Jane
DID1949,Caleb
DID1950,Alex
DID1951,Jane
DID1952,Caleb
DID1953,Alex
DID1954,Jane
DID1955,Caleb
DID1956,Alex
DID1957,Jane
DID1958,Caleb
DID1959,Alex
DID1960,Jane
DID1961,Caleb
DID1962,Alex
DID1963,Jane
DID1964,Caleb
DID1965,Alex
DID1966,Jane
DID1967,Caleb
DID1968,Alex
DID1969,Jane
DID1970,Caleb
DID1971,Alex
DID1972,Jane
DID1973,Caleb
DID1974,Alex
DID1975,Jane
DID1976,Caleb
DID1977,Alex
DID1978,Jane
DID1979,Caleb
DID1980,Alex
DID1981,Jane
DID1982,Caleb
DID1983,Alex
DID1984,Jane
DID1985,Caleb
DID1986,Alex
DID1987,Jane
DID1988,Caleb
DID1989,Alex
DID1990,Jane
DID1991,Caleb
DID1992,Alex
DID1993,Jane
DID1994,Caleb
DID1995,Alex
DID1996,Jane
DID1997,Caleb
DID1998,Alex
DID1999,Jane
DID2000,Caleb
DID2001,Alex
DID2002,Jane
DID2003,Caleb
DID2004,Alex
DID2005,Jane
DID2006,Caleb
DID2007,Alex
DID2008,Jane
DID2009,Caleb
DID2010,Alex
DID2011,Jane
DID2012,Caleb
DID2013,Alex
DID2014,Jane
DID2015,Caleb
DID2016,Alex
DID2017,Jane
DID2018,Caleb
DID2019,Alex
DID2020,Jane
DID2021,Caleb
DID2022,Alex
DID2023,Jane
DID2024,Caleb
DID2025,Alex
DID2026,Jane
DID2027,Caleb
DID2028,Alex
DID2029,Jane
DID2030,Caleb
DID2031,Alex
DID2032,Jane
DID2033,Caleb
DID2034,Alex
DID2035,Jane
DID2036,Caleb
DID2037,Alex
DID2038,Jane
DID2039,Caleb
DID2040,Alex
DID2041,Jane
DID2042,Caleb
DID2043,Alex
DID2044,Jane
DID2045,Caleb
DID2046,Alex
DID2047,Jane
DID2048,Caleb
DID2049,Alex
DID2050,Jane
DID2051,Caleb
DID2052,Alex
DID2053,Jane
DID2054,Caleb
DID2055,Alex
DID2056,Jane
DID2057,Caleb
DID2058,Alex
DID2059,Jane
DID2060,Caleb
DID2061,Alex
DID2062,Jane
DID2063,Caleb
DID2064,Alex
DID2065,Jane
DID2066,Caleb
DID2067,Alex
DID2068,Jane
DID2069,Caleb
DID2070,Alex
DID2071,Jane
DID2072,Caleb
DID2073,Alex
DID2074,Jane
DID2075,Caleb
DID2076,Alex
DID2077,Jane
DID2078,Caleb
DID2079,Alex
DID2080,Jane
DID2081,Caleb
DID2082,Alex
DID2083,Jane
DID2084,Caleb
DID2085,Alex
DID2086,Jane
DID2087,Caleb
DID2088,Alex
DID2089,Jane
DID2090,Caleb
DID2091,Alex
DID2092,Jane
DID2093,Caleb
DID2094,Alex
DID2095,Jane
DID2096,Caleb
DID2097,Alex
DID2098,Jane
DID2099,Caleb
DID2100,Alex
DID2101,Jane
DID2102,Caleb
DID2103,Alex
DID2104,Jane
DID2105,Caleb
DID2106,Alex
DID2107,Jane
DID2108,Caleb
DID2109,Alex
DID2110,Jane
DID2111,Caleb
DID2112,Alex
DID2113,Jane
DID2114,Caleb
DID2115,Alex
DID2116,Jane
DID2117,Caleb
DID2118,Alex
DID2119,Jane
DID2120,Caleb
DID2121,Alex
DID2122,Jane
DID2123,Caleb
DID2124,Alex
DID2125,Jane
DID2126,Caleb
DID2127,Alex
DID2128,Jane
DID2129,Caleb
DID2130,Alex
DID2131,Jane
DID2132,Caleb
DID2133,Alex
DID2134,Jane
DID2135,Caleb
DID2136,Alex
DID2137,Jane
DID2138,Caleb
DID2139,Alex
DID2140,Jane
DID2141,Caleb
DID2142,Alex
DID2143,Jane
DID2144,Caleb
DID2145,Alex
DID2146,Jane
DID2147,Caleb
DID2148,Alex
DID2149,Jane
DID2150,Caleb
DID2151,Alex
DID2152,Jane
DID2153,Caleb
DID2154,Alex
DID2155,Jane
DID2156,Caleb
DID2157,Alex
DID2158,Jane
DID2159,Caleb
DID2160,Alex
DID2161,Jane
DID2162,Caleb
DID2163,Alex
DID2164,Jane
DID2165,Caleb
DID2166,Alex
DID2167,Jane
DID2168,Caleb
DID2169,Alex
DID2170,Jane
DID2171,Caleb
DID2172,Alex
DID2173,Jane
DID2174,Caleb
DID2175,Alex
DID2176,Jane
DID2177,Caleb
DID2178,Alex
DID2179,Jane
DID2180,Caleb
DID2181,Alex
DID2182,Jane
DID2183,Caleb
DID2184,Alex
DID2185,Jane
DID2186,Caleb
DID2187,Alex
DID2188,Jane
DID2189,Caleb
DID2190,Alex
DID2191,Jane
DID2192,Caleb
DID2193,Alex
DID2194,Jane
DID2195,Caleb
DID2196,Alex
DID2197,Jane
DID2198,Caleb
DID2199,Alex
DID2200,Jane
DID2201,Caleb
DID2202,Alex
DID2203,Jane
DID2204,Caleb
DID2205,Alex
DID2206,Jane
DID2207,Caleb
DID2208,Alex
DID2209,Jane
DID2210,Caleb
DID2211,Alex
DID2212,Jane
DID2213,Caleb
DID2214,Alex
DID2215,Jane
DID2216,Caleb
DID2217,Alex
DID2218,Jane
DID2219,Caleb
DID2220,Alex
DID2221,Jane
DID2222,Caleb
DID2223,Alex
DID2224,Jane
DID2225,Caleb
DID2226,Alex
DID2227,Jane
DID2228,Caleb
DID2229,Alex
DID2230,Jane
DID2231,Caleb
DID2232,Alex
DID2233,Jane
DID2234,Caleb
DID2235,Alex
DID2236,Jane
DID2237,Caleb
DID2238,Alex
DID2239,Jane
DID2240,Caleb
DID2241,Alex
DID2242,Jane
DID2243,Caleb
DID2244,Alex
DID2245,Jane
DID2246,Caleb
DID2247,Alex
DID2248,Jane
DID2249,Caleb
DID2250,Alex
DID2251,Jane
DID2252,Caleb
DID2253,Alex
DID2254,Jane
DID2255,Caleb
DID2256,Alex
DID2257,Jane
DID2258,Caleb
DID2259,Alex
DID2260,Jane
DID2261,Caleb
DID2262,Alex
DID2263,Jane
DID2264,Caleb
DID2265,Alex
DID2266,Jane
DID2267,Caleb
DID2268,Alex
DID2269,Jane
DID2270,Caleb
DID2271,Alex
DID2272,Jane
DID2273,Caleb
DID2274,Alex
DID2275,Jane
DID2276,Caleb
DID2277,Alex
DID2278,Jane
DID2279,Caleb
DID2280,Alex
DID2281,Jane
DID2282,Caleb
DID2283,Alex
DID2284,Jane
DID2285,Caleb
DID2286,Alex
DID2287,Jane
DID2288,Caleb
DID2289,Alex
DID2290,Jane
DID2291,Caleb
DID2292,Alex
DID2293,Jane
DID2294,Caleb
DID2295,Alex
DID2296,Jane
DID2297,Caleb
DID2298,Alex
DID2299,Jane
DID2300,Caleb
DID2301,Alex
DID2302,Jane
DID2303,Caleb
DID2304,Alex
DID2305,Jane
DID2306,Caleb
DID2307,Alex
DID2308,Jane
DID2309,Caleb
DID2310,Alex
DID2311,Jane
DID2312,Caleb
DID2313,Alex
DID2314,Jane
DID2315,Caleb
DID2316,Alex
DID2317,Jane
DID2318,Caleb
DID2319,Alex
DID2320,Jane
DID2321,Caleb
DID2322,Alex
DID2323,Jane
DID2324,Caleb
DID2325,Alex
DID2326,Jane
DID2327,Caleb
DID2328,Alex
DID2329,Jane
DID2330,Caleb
DID2331,Alex
DID2332,Jane
DID2333,Caleb
DID2334,Alex
DID2335,Jane
DID2336,Caleb
DID2337,Alex
DID2338,Jane
DID2339,Caleb
DID2340,Alex
DID2341,Jane
DID2342,Caleb
DID2343,Alex
DID2344,Jane
DID2345,Caleb
DID2346,Alex
DID2347,Jane
DID2348,Caleb
DID2349,Alex
DID2350,Jane
DID2351,Caleb
DID2352,Alex
DID2353,Jane
DID2354,Caleb
DID2355,Alex
DID2356,Jane
DID2357,Caleb
DID2358,Alex
DID2359,Jane
DID2360,Caleb
DID2361,Alex
DID2362,Jane
DID2363,Caleb
DID2364,Alex
DID2365,Jane
DID2366,Caleb
DID2367,Alex
DID2368,Jane
DID2369,Caleb
DID2370,Alex
DID2371,Jane
DID2372,Caleb
DID2373,Alex
DID2374,Jane
DID2375,Caleb
DID2376,Alex
DID2377,Jane
DID2378,Caleb
DID2379,Alex
DID2380,Jane
DID2381,Caleb
DID2382,Alex
DID2383,Jane
DID2384,Caleb
DID2385,Alex
DID2386,Jane
DID2387,Caleb
DID2388,Alex
DID2389,Jane
DID2390,Caleb
DID2391,Alex
DID2392,Jane
DID2393,Caleb
DID2394,Alex
DID2395,Jane
DID2396,Caleb
DID2397,Alex
DID2398,Jane
DID2399,Caleb
DID2400,Alex
DID2401,Jane
DID2402,Caleb
DID2403,Alex
DID2404,Jane
DID2405,Caleb
DID2406,Alex
DID2407,Jane
DID2408,Caleb
DID2409,Alex
DID2410,Jane
DID2411,Caleb
DID2412,Alex
DID2413,Jane
DID2414,Caleb
DID2415,Alex
DID2416,Jane
DID2417,Caleb
DID2418,Alex
DID2419,Jane
DID2420,Caleb
DID2421,Alex
DID2422,Jane
DID2423,Caleb
DID2424,Alex
DID2425,Jane
DID2426,Caleb
DID2427,Alex
DID2428,Jane
DID2429,Caleb
DID2430,Alex
DID2431,Jane
DID2432,Caleb
DID2433,Alex
DID2434,Jane
DID2435,Caleb
DID2436,Alex
DID2437,Jane
DID2438,Caleb
DID2439,Alex
DID2440,Jane
DID2441,Caleb
DID2442,Alex
DID2443,Jane
DID2444,Caleb
DID2445,Alex
DID2446,Jane
DID2447,Caleb
DID2448,Alex
DID2449,Jane
DID2450,Caleb
DID2451,Alex
DID2452,Jane
DID2453,Caleb
DID2454,Alex
DID2455,Jane
DID2456,Caleb
DID2457,Alex
DID2458,Jane
DID2459,Caleb
DID2460,Alex
DID2461,Jane
DID2462,Caleb
DID2463,Alex
DID2464,Jane
DID2465,Caleb
DID2466,Alex
DID2467,Jane
DID2468,Caleb
DID2469,Alex
DID2470,Jane
DID2471,Caleb
DID2472,Alex
DID2473,Jane
DID2474,Caleb
DID2475,Alex
DID2476,Jane
DID2477,Caleb
DID2478,Alex
DID2479,Jane
DID2480,Caleb
DID2481,Alex
DID2482,Jane
DID2483,Caleb
DID2484,Alex
DID2485,Jane
DID2486,Caleb
DID2487,Alex
DID2488,Jane
DID2489,Caleb
DID2490,Alex
DID2491,Jane
DID2492,Caleb
DID2493,Alex
DID2494,Jane
DID2495,Caleb
DID2496,Alex
DID2497,Jane
DID2498,Caleb
DID2499,Alex
DID2500,Jane
DID2501,Caleb
DID2502,Alex
DID2503,Jane
DID2504,Caleb
DID2505,Alex
DID2506,Jane
DID2507,Caleb
DID2508,Alex
DID2509,Jane
DID2510,Caleb
DID2511,Alex
DID2512,Jane
DID2513,Caleb
DID2514,Alex
DID2515,Jane
DID2516,Caleb
DID2517,Alex
DID2518,Jane
DID2519,Caleb
DID2520,Alex
DID2521,Jane
DID2522,Caleb
DID2523,Alex
DID2524,Jane
DID2525,Caleb
DID2526,Alex
DID2527,Jane
DID2528,Caleb
DID2529,Alex
DID2530,Jane
DID2531,Caleb
DID2532,Alex
DID2533,Jane
DID2534,Caleb
DID2535,Alex
DID2536,Jane
DID2537,Caleb
DID2538,Alex
DID2539,Jane
DID2540,Caleb
DID2541,Alex
DID2542,Jane
DID2543,Caleb
DID2544,Alex
DID2545,Jane
DID2546,Caleb
DID2547,Alex
DID2548,Jane
DID2549,Caleb
DID2550,Alex
DID2551,Jane
DID2552,Caleb
DID2553,Alex
DID2554,Jane
DID2555,Caleb
DID2556,Alex
DID2557,Jane
DID2558,Caleb
DID2559,Alex
DID2560,Jane
DID2561,Caleb
DID2562,Alex
DID2563,Jane
DID2564,Caleb
DID2565,Alex
DID2566,Jane
DID2567,Caleb
DID2568,Alex
DID2569,Jane
DID2570,Caleb
DID2571,Alex
DID2572,Jane
DID2573,Caleb
DID2574,Alex
DID2575,Jane
DID2576,Caleb
DID2577,Alex
DID2578,Jane
DID2579,Caleb
DID2580,Alex
DID2581,Jane
DID2582,Caleb
DID2583,Alex
DID2584,Jane
DID2585,Caleb
DID2586,Alex
DID2587,Jane
DID2588,Caleb
DID2589,Alex
DID2590,Jane
DID2591,Caleb
DID2592,Alex
DID2593,Jane
DID2594,Caleb
DID2595,Alex
DID2596,Jane
DID2597,Caleb
DID2598,Alex
DID2599,Jane
DID2600,Caleb
DID2601,Alex
DID2602,Jane
DID2603,Caleb
DID2604,Alex
DID2605,Jane
DID2606,Caleb
DID2607,Alex
DID2608,Jane
DID2609,Caleb
DID2610,Alex
DID2611,Jane
DID2612,Caleb
DID2613,Alex
DID2614,Jane
DID2615,Caleb
DID2616,Alex
DID2617,Jane
DID2618,Caleb
DID2619,Alex
DID2620,Jane
DID2621,Caleb
DID2622,Alex
DID2623,Jane
DID2624,Caleb
DID2625,Alex
DID2626,Jane
DID2627,Caleb
DID2628,Alex
DID2629,Jane
DID2630,Caleb
DID2631,Alex
DID2632,Jane
DID2633,Caleb
DID2634,Alex
DID2635,Jane
DID2636,Caleb
DID2637,Alex
DID2638,Jane
DID2639,Caleb
DID2640,Alex
DID2641,Jane
DID2642,Caleb
DID2643,Alex
DID2644,Jane
DID2645,Caleb
DID2646,Alex
DID2647,Jane
DID2648,Caleb
DID2649,Alex
DID2650,Jane
DID2651,Caleb
DID2652,Alex
DID2653,Jane
DID2654,Caleb
DID2655,Alex
DID2656,Jane
DID2657,Caleb
DID2658,Alex
DID2659,Jane
DID2660,Caleb
DID2661,Alex
DID2662,Jane
DID2663,Caleb
DID2664,Alex
DID2665,Jane
DID2666,Caleb
DID2667,Alex
DID2668,Jane
DID2669,Caleb
DID2670,Alex
DID2671,Jane
DID2672,Caleb
DID2673,Alex
DID2674,Jane
DID2675,Caleb
DID2676,Alex
DID2677,Jane
DID2678,Caleb
DID2679,Alex
DID2680,Jane
DID2681,Caleb
DID2682,Alex
DID2683,Jane
DID2684,Caleb
DID2685,Alex
DID2686,Jane
DID2687,Caleb
DID2688,Alex
DID2689,Jane
DID2690,Caleb
DID2691,Alex
DID2692,Jane
DID2693,Caleb
DID2694,Alex
DID2695,Jane
DID2696,Caleb
DID2697,Alex
DID2698,Jane
DID2699,Caleb
DID2700,Alex
DID2701,Jane
DID2702,Caleb
DID2703,Alex
DID2704,Jane
DID2705,Caleb
DID2706,Alex
DID2707,Jane
DID2708,Caleb
DID2709,Alex
DID2710,Jane
DID2711,Caleb
DID2712,Alex
DID2713,Jane
DID2714,Caleb
DID2715,Alex
DID2716,Jane
DID2717,Caleb
DID2718,Alex
DID2719,Jane
DID2720,Caleb
DID2721,Alex
DID2722,Jane
DID2723,Caleb
DID2724,Alex
DID2725,Jane
DID2726,Caleb
DID2727,Alex
DID2728,Jane
DID2729,Caleb
DID2730,Alex
DID2731,Jane
DID2732,Caleb
DID2733,Alex
DID2734,Jane
DID2735,Caleb
DID2736,Alex
DID2737,Jane
DID2738,Caleb
DID2739,Alex
DID2740,Jane
DID2741,Caleb
DID2742,Alex
DID2743,Jane
DID2744,Caleb
DID2745,Alex
DID2746,Jane
DID2747,Caleb
DID2748,Alex
DID2749,Jane
DID2750,Caleb
DID2751,Alex
DID2752,Jane
DID2753,Caleb
DID2754,Alex
DID2755,Jane
DID2756,Caleb
DID2757,Alex
DID2758,Jane
DID2759,Caleb
DID2760,Alex
DID2761,Jane
DID2762,Caleb
DID2763,Alex
DID2764,Jane
DID2765,Caleb
DID2766,Alex
DID2767,Jane
DID2768,Caleb
DID2769,Alex
DID2770,Jane
DID2771,Caleb
DID2772,Alex
DID2773,Jane
DID2774,Caleb
DID2775,Alex
DID2776,Jane
DID2777,Caleb
DID2778,Alex
DID2779,Jane
DID2780,Caleb
DID2781,Alex
DID2782,Jane
DID2783,Caleb
DID2784,Alex
DID2785,Jane
DID2786,Caleb
DID2787,Alex
DID2788,Jane
DID2789,Caleb
DID2790,Alex
DID2791,Jane
DID2792,Caleb
DID2793,Alex
DID2794,Jane
DID2795,Caleb
DID2796,Alex
DID2797,Jane
DID2798,Caleb
DID2799,Alex
DID2800,Jane
DID2801,Caleb
DID2802,Alex
DID2803,Jane
DID2804,Caleb
DID2805,Alex
DID2806,Jane
DID2807,Caleb
DID2808,Alex
DID2809,Jane
DID2810,Caleb
DID2811,Alex
DID2812,Jane
DID2813,Caleb
DID2814,Alex
DID2815,Jane
DID2816,Caleb
DID2817,Alex
DID2818,Jane
DID2819,Caleb
DID2820,Alex
DID2821,Jane
DID2822,Caleb
DID2823,Alex
DID2824,Jane
DID2825,Caleb
DID2826,Alex
DID2827,Jane
DID2828,Caleb
DID2829,Alex
DID2830,Jane
DID2831,Caleb
DID2832,Alex
DID2833,Jane
DID2834,Caleb
DID2835,Alex
DID2836,Jane
DID2837,Caleb
DID2838,Alex
DID2839,Jane
DID2840,Caleb
DID2841,Alex
DID2842,Jane
DID2843,Caleb
DID2844,Alex
DID2845,Jane
DID2846,Caleb
DID2847,Alex
DID2848,Jane
DID2849,Caleb
DID2850,Alex
DID2851,Jane
DID2852,Caleb
DID2853,Alex
DID2854,Jane
DID2855,Caleb
DID2856,Alex
DID2857,Jane
DID2858,Caleb
DID2859,Alex
DID2860,Jane
DID2861,Caleb
DID2862,Alex
DID2863,Jane
DID2864,Caleb
DID2865,Alex
DID2866,Jane
DID2867,Caleb
DID2868,Alex
DID2869,Jane
DID2870,Caleb
DID2871,Alex
DID2872,Jane
DID2873,Caleb
DID2874,Alex
DID2875,Jane
DID2876,Caleb
DID2877,Alex
DID2878,Jane
DID2879,Caleb
DID2880,Alex
DID2881,Jane
DID2882,Caleb
DID2883,Alex
DID2884,Jane
DID2885,Caleb
DID2886,Alex
DID2887,Jane
DID2888,Caleb
DID2889,Alex
DID2890,Jane
DID2891,Caleb
DID2892,Alex
DID2893,Jane
DID2894,Caleb
DID2895,Alex
DID2896,Jane
DID2897,Caleb
DID2898,Alex
DID2899,Jane
DID2900,Caleb
DID2901,Alex
DID2902,Jane
DID2903,Caleb
DID2904,Alex
DID2905,Jane
DID2906,Caleb
DID2907,Alex
DID2908,Jane
DID2909,Caleb
DID2910,Alex
DID2911,Jane
DID2912,Caleb
DID2913,Alex
DID2914,Jane
DID2915,Caleb
DID2916,Alex
DID2917,Jane
DID2918,Caleb
DID2919,Alex
DID2920,Jane
DID2921,Caleb
DID2922,Alex
DID2923,Jane
DID2924,Caleb
DID2925,Alex
DID2926,Jane
DID2927,Caleb
DID2928,Alex
DID2929,Jane
DID2930,Caleb
DID2931,Alex
DID2932,Jane
DID2933,Caleb
DID2934,Alex
DID2935,Jane
DID2936,Caleb
DID2937,Alex
DID2938,Jane
DID2939,Caleb
DID2940,Alex
DID2941,Jane
DID2942,Caleb
DID2943,Alex
DID2944,Jane
DID2945,Caleb
DID2946,Alex
DID2947,Jane
DID2948,Caleb
DID2949,Alex
DID2950,Jane
DID2951,Caleb
DID2952,Alex
DID2953,Jane
DID2954,Caleb
DID2955,Alex
DID2956,Jane
DID2957,Caleb
DID2958,Alex
DID2959,Jane
DID2960,Caleb
DID2961,Alex
DID2962,Jane
DID2963,Caleb
DID2964,Alex
DID2965,Jane
DID2966,Caleb
DID2967,Alex
DID2968,Jane
DID2969,Caleb
DID2970,Alex
DID2971,Jane
DID2972,Caleb
DID2973,Alex
DID2974,Jane
DID2975,Caleb
DID2976,Alex
DID2977,Jane
DID2978,Caleb
DID2979,Alex
DID2980,Jane
DID2981,Caleb
DID2982,Alex
DID2983,Jane
DID2984,Caleb
DID2985,Alex
DID2986,Jane
DID2987,Caleb
DID2988,Alex
DID2989,Jane
DID2990,Caleb
DID2991,Alex
DID2992,Jane
DID2993,Caleb
DID2994,Alex
DID2995,Jane
DID2996,Caleb
DID2997,Alex
DID2998,Jane
DID2999,Caleb
DID3000,Alex
DID3001,Jane
DID3002,Caleb
DID3003,Alex
DID3004,Jane
DID3005,Caleb
DID3006,Alex
DID3007,Jane
DID3008,Caleb
DID3009,Alex
DID3010,Jane
DID3011,Caleb
DID3012,Alex
DID3013,Jane
DID3014,Caleb
DID3015,Alex
DID3016,Jane
DID3017,Caleb
DID3018,Alex
DID3019,Jane
DID3020,Caleb
DID3021,Alex
DID3022,Jane
DID3023,Caleb
DID3024,Alex
DID3025,Jane
DID3026,Caleb
DID3027,Alex
DID3028,Jane
DID3029,Caleb
DID3030,Alex
DID3031,Jane
DID3032,Caleb
DID3033,Alex
DID3034,Jane
DID3035,Caleb
DID3036,Alex
DID3037,Jane
DID3038,Caleb
DID3039,Alex
DID3040,Jane
DID3041,Caleb
DID3042,Alex
DID3043,Jane
DID3044,Caleb
DID3045,Alex
DID3046,Jane
DID3047,Caleb
DID3048,Alex
DID3049,Jane
DID3050,Caleb
DID3051,Alex
DID3052,Jane
DID3053,Caleb
DID3054,Alex
DID3055,Jane
DID3056,Caleb
DID3057,Alex
DID3058,Jane
DID3059,Caleb
DID3060,Alex
DID3061,Jane
DID3062,Caleb
DID3063,Alex
DID3064,Jane
DID3065,Caleb
DID3066,Alex
DID3067,Jane
DID3068,Caleb
DID3069,Alex
DID3070,Jane
DID3071,Caleb
DID3072,Alex
DID3073,Jane
DID3074,Caleb
DID3075,Alex
DID3076,Jane
DID3077,Caleb
DID3078,Alex
DID3079,Jane
DID3080,Caleb
DID3081,Alex
DID3082,Jane
DID3083,Caleb
DID3084,Alex
DID3085,Jane
DID3086,Caleb
DID3087,Alex
DID3088,Jane
DID3089,Caleb
DID3090,Alex
DID3091,Jane
DID3092,Caleb
DID3093,Alex
DID3094,Jane
DID3095,Caleb
DID3096,Alex
DID3097,Jane
DID3098,Caleb
DID3099,Alex
DID3100,Jane
DID3101,Caleb
DID3102,Alex
DID3103,Jane
DID3104,Caleb
DID3105,Alex
DID3106,Jane
DID3107,Caleb
DID3108,Alex
DID3109,Jane
DID3110,Caleb
DID3111,Alex
DID3112,Jane
DID3113,Caleb
DID3114,Alex
DID3115,Jane
DID3116,Caleb
DID3117,Alex
DID3118,Jane
DID3119,Caleb
DID3120,Alex
DID3121,Jane
DID3122,Caleb
DID3123,Alex
DID3124,Jane
DID3125,Caleb
DID3126,Alex
DID3127,Jane
DID3128,Caleb
DID3129,Alex
DID3130,Jane
DID3131,Caleb
DID3132,Alex
DID3133,Jane
DID3134,Caleb
DID3135,Alex
DID3136,Jane
DID3137,Caleb
DID3138,Alex
DID3139,Jane
DID3140,Caleb
DID3141,Alex
DID3142,Jane
DID3143,Caleb
DID3144,Alex
DID3145,Jane
DID3146,Caleb
DID3147,Alex
DID3148,Jane
DID3149,Caleb
DID3150,Alex
DID3151,Jane
DID3152,Caleb
DID3153,Alex
DID3154,Jane
DID3155,Caleb
DID3156,Alex
DID3157,Jane
DID3158,Caleb
DID3159,Alex
DID3160,Jane
DID3161,Caleb
DID3162,Alex
DID3163,Jane
DID3164,Caleb
DID3165,Alex
DID3166,Jane
DID3167,Caleb
DID3168,Alex
DID3169,Jane
DID3170,Caleb
DID3171,Alex
DID3172,Jane
DID3173,Caleb
DID3174,Alex
DID3175,Jane
DID3176,Caleb
DID3177,Alex
DID3178,Jane
DID3179,Caleb
DID3180,Alex
DID3181,Jane
DID3182,Caleb
DID3183,Alex
DID3184,Jane
DID3185,Caleb
DID3186,Alex
DID3187,Jane
DID3188,Caleb
DID3189,Alex
DID3190,Jane
DID3191,Caleb
DID3192,Alex
DID3193,Jane
DID3194,Caleb
DID3195,Alex
DID3196,Jane
DID3197,Caleb
DID3198,Alex
DID3199,Jane
DID3200,Caleb
DID3201,Alex
DID3202,Jane
DID3203,Caleb
DID3204,Alex
DID3205,Jane
DID3206,Caleb
DID3207,Alex
DID3208,Jane
DID3209,Caleb
DID3210,Alex
DID3211,Jane
DID3212,Caleb
DID3213,Alex
DID3214,Jane
DID3215,Caleb
DID3216,Alex
DID3217,Jane
DID3218,Caleb
DID3219,Alex
DID3220,Jane
DID3221,Caleb
DID3222,Alex
DID3223,Jane
DID3224,Caleb
DID3225,Alex
DID3226,Jane
DID3227,Caleb
DID3228,Alex
DID3229,Jane
DID3230,Caleb
DID3231,Alex
DID3232,Jane
DID3233,Caleb
DID3234,Alex
DID3235,Jane
DID3236,Caleb
DID3237,Alex
DID3238,Jane
DID3239,Caleb
DID3240,Alex
DID3241,Jane
DID3242,Caleb
DID3243,Alex
DID3244,Jane
DID3245,Caleb
DID3246,Alex
DID3247,Jane
DID3248,Caleb
DID3249,Alex
DID3250,Jane
DID3251,Caleb
DID3252,Alex
DID3253,Jane
DID3254,Caleb
DID3255,Alex
DID3256,Jane
DID3257,Caleb
DID3258,Alex
DID3259,Jane
DID3260,Caleb
DID3261,Alex
DID3262,Jane
DID3263,Caleb
DID3264,Alex
DID3265,Jane
DID3266,Caleb
DID3267,Alex
DID3268,Jane
DID3269,Caleb
DID3270,Alex
DID3271,Jane
DID3272,Caleb
DID3273,Alex
DID3274,Jane
DID3275,Caleb
DID3276,Alex
DID3277,Jane
DID3278,Caleb
DID3279,Alex
DID3280,Jane
DID3281,Caleb
DID3282,Alex
DID3283,Jane
DID3284,Caleb
DID3285,Alex
DID3286,Jane
DID3287,Caleb
DID3288,Alex
DID3289,Jane
DID3290,Caleb
DID3291,Alex
DID3292,Jane
DID3293,Caleb
DID3294,Alex
DID3295,Jane
DID3296,Caleb
DID3297,Alex
DID3298,Jane
DID3299,Caleb
DID3300,Alex
DID3301,Jane
DID3302,Caleb
DID3303,Alex
DID3304,Jane
DID3305,Caleb
DID3306,Alex
DID3307,Jane
DID3308,Caleb
DID3309,Alex
DID3310,Jane
DID3311,Caleb
DID3312,Alex
DID3313,Jane
DID3314,Caleb
DID3315,Alex
DID3316,Jane
DID3317,Caleb
DID3318,Alex
DID3319,Jane
DID3320,Caleb
DID3321,Alex
DID3322,Jane
DID3323,Caleb
DID3324,Alex
DID3325,Jane
DID3326,Caleb
DID3327,Alex
DID3328,Jane
DID3329,Caleb
DID3330,Alex
DID3331,Jane
DID3332,Caleb
DID3333,Alex
DID3334,Jane
DID3335,Caleb
DID3336,Alex
DID3337,Jane
DID3338,Caleb
DID3339,Alex
DID3340,Jane
DID3341,Caleb
DID3342,Alex
DID3343,Jane
DID3344,Caleb
DID3345,Alex
DID3346,Jane
DID3347,Caleb
DID3348,Alex
DID3349,Jane
DID3350,Caleb
DID3351,Alex
DID3352,Jane
DID3353,Caleb
DID3354,Alex
DID3355,Jane
DID3356,Caleb
DID3357,Alex
DID3358,Jane
DID3359,Caleb
DID3360,Alex
DID3361,Jane
DID3362,Caleb
DID3363,Alex
DID3364,Jane
DID3365,Caleb
DID3366,Alex
DID3367,Jane
DID3368,Caleb
DID3369,Alex
DID3370,Jane
DID3371,Caleb
DID3372,Alex
DID3373,Jane
DID3374,Caleb
DID3375,Alex
DID3376,Jane
DID3377,Caleb
DID3378,Alex
DID3379,Jane
DID3380,Caleb
DID3381,Alex
DID3382,Jane
DID3383,Caleb
DID3384,Alex
DID3385,Jane
DID3386,Caleb
DID3387,Alex
DID3388,Jane
DID3389,Caleb
DID3390,Alex
DID3391,Jane
DID3392,Caleb
DID3393,Alex
DID3394,Jane
DID3395,Caleb
DID3396,Alex
DID3397,Jane
DID3398,Caleb
DID3399,Alex
DID3400,Jane
DID3401,Caleb
DID3402,Alex
DID3403,Jane
DID3404,Caleb
DID3405,Alex
DID3406,Jane
DID3407,Caleb
DID3408,Alex
DID3409,Jane
DID3410,Caleb
DID3411,Alex
DID3412,Jane
DID3413,Caleb
DID3414,Alex
DID3415,Jane
DID3416,Caleb
DID3417,Alex
DID3418,Jane
DID3419,Caleb
DID3420,Alex
DID3421,Jane
DID3422,Caleb
DID3423,Alex
DID3424,Jane
DID3425,Caleb
DID3426,Alex
DID3427,Jane
DID3428,Caleb
DID3429,Alex
DID3430,Jane
DID3431,Caleb
DID3432,Alex
DID3433,Jane
DID3434,Caleb
DID3435,Alex
DID3436,Jane
DID3437,Caleb
DID3438,Alex
DID3439,Jane
DID3440,Caleb
DID3441,Alex
DID3442,Jane
DID3443,Caleb
DID3444,Alex
DID3445,Jane
DID3446,Caleb
DID3447,Alex
DID3448,Jane
DID3449,Caleb
DID3450,Alex
DID3451,Jane
DID3452,Caleb
DID3453,Alex
DID3454,Jane
DID3455,Caleb
DID3456,Alex
DID3457,Jane
DID3458,Caleb
DID3459,Alex
DID3460,Jane
DID3461,Caleb
DID3462,Alex
DID3463,Jane
DID3464,Caleb
DID3465,Alex
DID3466,Jane
DID3467,Caleb
DID3468,Alex
DID3469,Jane
DID3470,Caleb
DID3471,Alex
DID3472,Jane
DID3473,Caleb
DID3474,Alex
DID3475,Jane
DID3476,Caleb
DID3477,Alex
DID3478,Jane
DID3479,Caleb
DID3480,Alex
DID3481,Jane
DID3482,Caleb
DID3483,Alex
DID3484,Jane
DID3485,Caleb
DID3486,Alex
DID3487,Jane
DID3488,Caleb
DID3489,Alex
DID3490,Jane
DID3491,Caleb
DID3492,Alex
DID3493,Jane
DID3494,Caleb
DID3495,Alex
DID3496,Jane
DID3497,Caleb
DID3498,Alex
DID3499,Jane
DID3500,Caleb
DID3501,Alex
DID3502,Jane
DID3503,Caleb
DID3504,Alex
DID3505,Jane
DID3506,Caleb
DID3507,Alex
DID3508,Jane
DID3509,Caleb
DID3510,Alex
DID3511,Jane
DID3512,Caleb
DID3513,Alex
DID3514,Jane
DID3515,Caleb
DID3516,Alex
DID3517,Jane
DID3518,Caleb
DID3519,Alex
DID3520,Jane
DID3521,Caleb
DID3522,Alex
DID3523,Jane
DID3524,Caleb
DID3525,Alex
DID3526,Jane
DID3527,Caleb
DID3528,Alex
DID3529,Jane
DID3530,Caleb
DID3531,Alex
DID3532,Jane
DID3533,Caleb
DID3534,Alex
DID3535,Jane
DID3536,Caleb
DID3537,Alex
DID3538,Jane
DID3539,Caleb
DID3540,Alex
DID3541,Jane
DID3542,Caleb
DID3543,Alex
DID3544,Jane
DID3545,Caleb
DID3546,Alex
DID3547,Jane
DID3548,Caleb
DID3549,Alex
DID3550,Jane
DID3551,Caleb
DID3552,Alex
DID3553,Jane
DID3554,Caleb
DID3555,Alex
DID3556,Jane
DID3557,Caleb
DID3558,Alex
DID3559,Jane
DID3560,Caleb
DID3561,Alex
DID3562,Jane
DID3563,Caleb
DID3564,Alex
DID3565,Jane
DID3566,Caleb
DID3567,Alex
DID3568,Jane
DID3569,Caleb
DID3570,Alex
DID3571,Jane
DID3572,Caleb
DID3573,Alex
DID3574,Jane
DID3575,Caleb
DID3576,Alex
DID3577,Jane
DID3578,Caleb
DID3579,Alex
DID3580,Jane
DID3581,Caleb
DID3582,Alex
DID3583,Jane
DID3584,Caleb
DID3585,Alex
DID3586,Jane
DID3587,Caleb
DID3588,Alex
DID3589,Jane
DID3590,Caleb
DID3591,Alex
DID3592,Jane
DID3593,Caleb
DID3594,Alex
DID3595,Jane
DID3596,Caleb
DID3597,Alex
DID3598,Jane
DID3599,Caleb
DID3600,Alex
DID3601,Jane
DID3602,Caleb
DID3603,Alex
DID3604,Jane
DID3605,Caleb
DID3606,Alex
DID3607,Jane
DID3608,Caleb
DID3609,Alex
DID3610,Jane
DID3611,Caleb
DID3612,Alex
DID3613,Jane
DID3614,Caleb
DID3615,Alex
DID3616,Jane
DID3617,Caleb
DID3618,Alex
DID3619,Jane
DID3620,Caleb
DID3621,Alex
DID3622,Jane
DID3623,Caleb
DID3624,Alex
DID3625,Jane
DID3626,Caleb
DID3627,Alex
DID3628,Jane
DID3629,Caleb
DID3630,Alex
DID3631,Jane
DID3632,Caleb
DID3633,Alex
DID3634,Jane
DID3635,Caleb
DID3636,Alex
DID3637,Jane
DID3638,Caleb
DID3639,Alex
DID3640,Jane
DID3641,Caleb
DID3642,Alex
DID3643,Jane
DID3644,Caleb
DID3645,Alex
DID3646,Jane
DID3647,Caleb
DID3648,Alex
DID3649,Jane
DID3650,Caleb
DID3651,Alex
DID3652,Jane
DID3653,Caleb
DID3654,Alex
DID3655,Jane
DID3656,Caleb
DID3657,Alex
DID3658,Jane
DID3659,Caleb
DID3660,Alex
DID3661,Jane
DID3662,Caleb
DID3663,Alex
DID3664,Jane
DID3665,Caleb
DID3666,Alex
DID3667,Jane
DID3668,Caleb
DID3669,Alex
DID3670,Jane
DID3671,Caleb
DID3672,Alex
DID3673,Jane
DID3674,Caleb
DID3675,Alex
DID3676,Jane
DID3677,Caleb
DID3678,Alex
DID3679,Jane
DID3680,Caleb
DID3681,Alex
DID3682,Jane
DID3683,Caleb
DID3684,Alex
DID3685,Jane
DID3686,Caleb
DID3687,Alex
DID3688,Jane
DID3689,Caleb
DID3690,Alex
DID3691,Jane
DID3692,Caleb
DID3693,Alex
DID3694,Jane
DID3695,Caleb
DID3696,Alex
DID3697,Jane
DID3698,Caleb
DID3699,Alex
DID3700,Jane
DID3701,Caleb
DID3702,Alex
DID3703,Jane
DID3704,Caleb
DID3705,Alex
DID3706,Jane
DID3707,Caleb
DID3708,Alex
DID3709,Jane
DID3710,Caleb
DID3711,Alex
DID3712,Jane
DID3713,Caleb
DID3714,Alex
DID3715,Jane
DID3716,Caleb
DID3717,Alex
DID3718,Jane
DID3719,Caleb
DID3720,Alex
DID3721,Jane
DID3722,Caleb
DID3723,Alex
DID3724,Jane
DID3725,Caleb
DID3726,Alex
DID3727,Jane
DID3728,Caleb
DID3729,Alex
DID3730,Jane
DID3731,Caleb
DID3732,Alex
DID3733,Jane
DID3734,Caleb
DID3735,Alex
DID3736,Jane
DID3737,Caleb
DID3738,Alex
DID3739,Jane
DID3740,Caleb
DID3741,Alex
DID3742,Jane
DID3743,Caleb
DID3744,Alex
DID3745,Jane
DID3746,Caleb
DID3747,Alex
DID3748,Jane
DID3749,Caleb
DID3750,Alex
DID3751,Jane
DID3752,Caleb
DID3753,Alex
DID3754,Jane
DID3755,Caleb
DID3756,Alex
DID3757,Jane
DID3758,Caleb
DID3759,Alex
DID3760,Jane
DID3761,Caleb
DID3762,Alex
DID3763,Jane
DID3764,Caleb
DID3765,Alex
DID3766,Jane
DID3767,Caleb
DID3768,Alex
DID3769,Jane
DID3770,Caleb
DID3771,Alex
DID3772,Jane
DID3773,Caleb
DID3774,Alex
DID3775,Jane
DID3776,Caleb
DID3777,Alex
DID3778,Jane
DID3779,Caleb
DID3780,Alex
DID3781,Jane
DID3782,Caleb
DID3783,Alex
DID3784,Jane
DID3785,Caleb
DID3786,Alex
DID3787,Jane
DID3788,Caleb
DID3789,Alex
DID3790,Jane
DID3791,Caleb
DID3792,Alex
DID3793,Jane
DID3794,Caleb
DID3795,Alex
DID3796,Jane
DID3797,Caleb
DID3798,Alex
DID3799,Jane
DID3800,Caleb
DID3801,Alex
DID3802,Jane
DID3803,Caleb
DID3804,Alex
DID3805,Jane
DID3806,Caleb
DID3807,Alex
DID3808,Jane
DID3809,Caleb
DID3810,Alex
DID3811,Jane
DID3812,Caleb
DID3813,Alex
DID3814,Jane
DID3815,Caleb
DID3816,Alex
DID3817,Jane
DID3818,Caleb
DID3819,Alex
DID3820,Jane
DID3821,Caleb
DID3822,Alex
DID3823,Jane
DID3824,Caleb
DID3825,Alex
DID3826,Jane
DID3827,Caleb
DID3828,Alex
DID3829,Jane
DID3830,Caleb
DID3831,Alex
DID3832,Jane
DID3833,Caleb
DID3834,Alex
DID3835,Jane
DID3836,Caleb
DID3837,Alex
DID3838,Jane
DID3839,Caleb
DID3840,Alex
DID3841,Jane
DID3842,Caleb
DID3843,Alex
DID3844,Jane
DID3845,Caleb
DID3846,Alex
DID3847,Jane
DID3848,Caleb
DID3849,Alex
DID3850,Jane
DID3851,Caleb
DID3852,Alex
DID3853,Jane
DID3854,Caleb
DID3855,Alex
DID3856,Jane
DID3857,Caleb
DID3858,Alex
DID3859,Jane
DID3860,Caleb
DID3861,Alex
DID3862,Jane
DID3863,Caleb
DID3864,Alex
DID3865,Jane
DID3866,Caleb
DID3867,Alex
DID3868,Jane
DID3869,Caleb
DID3870,Alex
DID3871,Jane
DID3872,Caleb
DID3873,Alex
DID3874,Jane
DID3875,Caleb
DID3876,Alex
DID3877,Jane
DID3878,Caleb
DID3879,Alex
DID3880,Jane
DID3881,Caleb
DID3882,Alex
DID3883,Jane
DID3884,Caleb
DID3885,Alex
DID3886,Jane
DID3887,Caleb
DID3888,Alex
DID3889,Jane
DID3890,Caleb
DID3891,Alex
DID3892,Jane
DID3893,Caleb
DID3894,Alex
DID3895,Jane
DID3896,Caleb
DID3897,Alex
DID3898,Jane
DID3899,Caleb
DID3900,Alex
DID3901,Jane
DID3902,Caleb
DID3903,Alex
DID3904,Jane
DID3905,Caleb
DID3906,Alex
DID3907,Jane
DID3908,Caleb
DID3909,Alex
DID3910,Jane
DID3911,Caleb
DID3912,Alex
DID3913,Jane
DID3914,Caleb
DID3915,Alex
DID3916,Jane
DID3917,Caleb
DID3918,Alex
DID3919,Jane
DID3920,Caleb
DID3921,Alex
DID3922,Jane
DID3923,Caleb
DID3924,Alex
DID3925,Jane
DID3926,Caleb
DID3927,Alex
DID3928,Jane
DID3929,Caleb
DID3930,Alex
DID3931,Jane
DID3932,Caleb
DID3933,Alex
DID3934,Jane
DID3935,Caleb
DID3936,Alex
DID3937,Jane
DID3938,Caleb
DID3939,Alex
DID3940,Jane
DID3941,Caleb
DID3942,Alex
DID3943,Jane
DID3944,Caleb
DID3945,Alex
DID3946,Jane
DID3947,Caleb
DID3948,Alex
DID3949,Jane
DID3950,Caleb
DID3951,Alex
DID3952,Jane
DID3953,Caleb
DID3954,Alex
DID3955,Jane
DID3956,Caleb
DID3957,Alex
DID3958,Jane
DID3959,Caleb
DID3960,Alex
DID3961,Jane
DID3962,Caleb
DID3963,Alex
DID3964,Jane
DID3965,Caleb
DID3966,Alex
DID3967,Jane
DID3968,Caleb
DID3969,Alex
DID3970,Jane
DID3971,Caleb
DID3972,Alex
DID3973,Jane
DID3974,Caleb
DID3975,Alex
DID3976,Jane
DID3977,Caleb
DID3978,Alex
DID3979,Jane
DID3980,Caleb
DID3981,Alex
DID3982,Jane
DID3983,Caleb
DID3984,Alex
DID3985,Jane
DID3986,Caleb
DID3987,Alex
DID3988,Jane
DID3989,Caleb
DID3990,Alex
DID3991,Jane
DID3992,Caleb
DID3993,Alex
DID3994,Jane
DID3995,Caleb
DID3996,Alex
DID3997,Jane
DID3998,Caleb
DID3999,Alex
DID4000,Jane
