eaid,eadesc
eaid1,Components of the Microsoft Windows NT or Windows 2000 operating system that support the running of applications from different operating system architectures.ÿ
eaid2,Environmental subsystems provide the necessary ?environment? in which these applications can run.
eaid3,They are an essential part of the Windows NT operating system that enables cross-platform support for applications written for different operating systems.
eaid4,Windows NT and Windows 2000 include the following environmental subsystems.
eaid5,MS-DOS-based applications run on Windows NT in the context of a Win32 application called a Virtual DOS Machine (VDM) that emulates an MS-DOS environment.
eaid6,Definition of environmental subsystems in The Network Encyclopedia.
eaid7,"he term is used in business and technology literature to describe innovations that improve a product or service in ways that the market does not expect, typically first by designing for a different set of consumers in a new market and later by lowering prices in the existing market."
eaid8,Components of the Microsoft Windows NT or Windows 2000 operating system that support the running of applications from different operating system architectures.ÿ
eaid9,Environmental subsystems provide the necessary ?environment? in which these applications can run.
eaid10,They are an essential part of the Windows NT operating system that enables cross-platform support for applications written for different operating systems.
eaid11,Windows NT and Windows 2000 include the following environmental subsystems.
eaid12,MS-DOS-based applications run on Windows NT in the context of a Win32 application called a Virtual DOS Machine (VDM) that emulates an MS-DOS environment.
eaid13,Definition of environmental subsystems in The Network Encyclopedia.
eaid14,"he term is used in business and technology literature to describe innovations that improve a product or service in ways that the market does not expect, typically first by designing for a different set of consumers in a new market and later by lowering prices in the existing market."
eaid15,Components of the Microsoft Windows NT or Windows 2000 operating system that support the running of applications from different operating system architectures.ÿ
eaid16,Environmental subsystems provide the necessary ?environment? in which these applications can run.
eaid17,They are an essential part of the Windows NT operating system that enables cross-platform support for applications written for different operating systems.
eaid18,Windows NT and Windows 2000 include the following environmental subsystems.
eaid19,MS-DOS-based applications run on Windows NT in the context of a Win32 application called a Virtual DOS Machine (VDM) that emulates an MS-DOS environment.
eaid20,Definition of environmental subsystems in The Network Encyclopedia.
eaid21,"he term is used in business and technology literature to describe innovations that improve a product or service in ways that the market does not expect, typically first by designing for a different set of consumers in a new market and later by lowering prices in the existing market."
eaid22,Components of the Microsoft Windows NT or Windows 2000 operating system that support the running of applications from different operating system architectures.ÿ
eaid23,Environmental subsystems provide the necessary ?environment? in which these applications can run.
eaid24,They are an essential part of the Windows NT operating system that enables cross-platform support for applications written for different operating systems.
eaid25,Windows NT and Windows 2000 include the following environmental subsystems.
eaid26,MS-DOS-based applications run on Windows NT in the context of a Win32 application called a Virtual DOS Machine (VDM) that emulates an MS-DOS environment.
eaid27,Definition of environmental subsystems in The Network Encyclopedia.
eaid28,"he term is used in business and technology literature to describe innovations that improve a product or service in ways that the market does not expect, typically first by designing for a different set of consumers in a new market and later by lowering prices in the existing market."
eaid29,Components of the Microsoft Windows NT or Windows 2000 operating system that support the running of applications from different operating system architectures.ÿ
eaid30,Environmental subsystems provide the necessary ?environment? in which these applications can run.
eaid31,They are an essential part of the Windows NT operating system that enables cross-platform support for applications written for different operating systems.
eaid32,Windows NT and Windows 2000 include the following environmental subsystems.
eaid33,MS-DOS-based applications run on Windows NT in the context of a Win32 application called a Virtual DOS Machine (VDM) that emulates an MS-DOS environment.
eaid34,Definition of environmental subsystems in The Network Encyclopedia.
eaid35,"he term is used in business and technology literature to describe innovations that improve a product or service in ways that the market does not expect, typically first by designing for a different set of consumers in a new market and later by lowering prices in the existing market."
eaid36,Components of the Microsoft Windows NT or Windows 2000 operating system that support the running of applications from different operating system architectures.ÿ
eaid37,Environmental subsystems provide the necessary ?environment? in which these applications can run.
eaid38,They are an essential part of the Windows NT operating system that enables cross-platform support for applications written for different operating systems.
eaid39,Windows NT and Windows 2000 include the following environmental subsystems.
eaid40,MS-DOS-based applications run on Windows NT in the context of a Win32 application called a Virtual DOS Machine (VDM) that emulates an MS-DOS environment.
eaid41,Definition of environmental subsystems in The Network Encyclopedia.
eaid42,"he term is used in business and technology literature to describe innovations that improve a product or service in ways that the market does not expect, typically first by designing for a different set of consumers in a new market and later by lowering prices in the existing market."
eaid43,Components of the Microsoft Windows NT or Windows 2000 operating system that support the running of applications from different operating system architectures.ÿ
eaid44,Environmental subsystems provide the necessary ?environment? in which these applications can run.
eaid45,They are an essential part of the Windows NT operating system that enables cross-platform support for applications written for different operating systems.
eaid46,Windows NT and Windows 2000 include the following environmental subsystems.
eaid47,MS-DOS-based applications run on Windows NT in the context of a Win32 application called a Virtual DOS Machine (VDM) that emulates an MS-DOS environment.
eaid48,Definition of environmental subsystems in The Network Encyclopedia.
eaid49,"he term is used in business and technology literature to describe innovations that improve a product or service in ways that the market does not expect, typically first by designing for a different set of consumers in a new market and later by lowering prices in the existing market."
eaid50,Components of the Microsoft Windows NT or Windows 2000 operating system that support the running of applications from different operating system architectures.ÿ
eaid51,Environmental subsystems provide the necessary ?environment? in which these applications can run.
eaid52,They are an essential part of the Windows NT operating system that enables cross-platform support for applications written for different operating systems.
eaid53,Windows NT and Windows 2000 include the following environmental subsystems.
eaid54,MS-DOS-based applications run on Windows NT in the context of a Win32 application called a Virtual DOS Machine (VDM) that emulates an MS-DOS environment.
eaid55,Definition of environmental subsystems in The Network Encyclopedia.
eaid56,"he term is used in business and technology literature to describe innovations that improve a product or service in ways that the market does not expect, typically first by designing for a different set of consumers in a new market and later by lowering prices in the existing market."
eaid57,Components of the Microsoft Windows NT or Windows 2000 operating system that support the running of applications from different operating system architectures.ÿ
eaid58,Environmental subsystems provide the necessary ?environment? in which these applications can run.
eaid59,They are an essential part of the Windows NT operating system that enables cross-platform support for applications written for different operating systems.
eaid60,Windows NT and Windows 2000 include the following environmental subsystems.
eaid61,MS-DOS-based applications run on Windows NT in the context of a Win32 application called a Virtual DOS Machine (VDM) that emulates an MS-DOS environment.
eaid62,Definition of environmental subsystems in The Network Encyclopedia.
eaid63,"he term is used in business and technology literature to describe innovations that improve a product or service in ways that the market does not expect, typically first by designing for a different set of consumers in a new market and later by lowering prices in the existing market."
eaid64,Components of the Microsoft Windows NT or Windows 2000 operating system that support the running of applications from different operating system architectures.ÿ
eaid65,Environmental subsystems provide the necessary ?environment? in which these applications can run.
eaid66,They are an essential part of the Windows NT operating system that enables cross-platform support for applications written for different operating systems.
eaid67,Windows NT and Windows 2000 include the following environmental subsystems.
eaid68,MS-DOS-based applications run on Windows NT in the context of a Win32 application called a Virtual DOS Machine (VDM) that emulates an MS-DOS environment.
eaid69,Definition of environmental subsystems in The Network Encyclopedia.
eaid70,"he term is used in business and technology literature to describe innovations that improve a product or service in ways that the market does not expect, typically first by designing for a different set of consumers in a new market and later by lowering prices in the existing market."
eaid71,Components of the Microsoft Windows NT or Windows 2000 operating system that support the running of applications from different operating system architectures.ÿ
eaid72,Environmental subsystems provide the necessary ?environment? in which these applications can run.
eaid73,They are an essential part of the Windows NT operating system that enables cross-platform support for applications written for different operating systems.
eaid74,Windows NT and Windows 2000 include the following environmental subsystems.
eaid75,MS-DOS-based applications run on Windows NT in the context of a Win32 application called a Virtual DOS Machine (VDM) that emulates an MS-DOS environment.
eaid76,Definition of environmental subsystems in The Network Encyclopedia.
eaid77,"he term is used in business and technology literature to describe innovations that improve a product or service in ways that the market does not expect, typically first by designing for a different set of consumers in a new market and later by lowering prices in the existing market."
eaid78,Components of the Microsoft Windows NT or Windows 2000 operating system that support the running of applications from different operating system architectures.ÿ
eaid79,Environmental subsystems provide the necessary ?environment? in which these applications can run.
eaid80,They are an essential part of the Windows NT operating system that enables cross-platform support for applications written for different operating systems.
eaid81,Windows NT and Windows 2000 include the following environmental subsystems.
eaid82,MS-DOS-based applications run on Windows NT in the context of a Win32 application called a Virtual DOS Machine (VDM) that emulates an MS-DOS environment.
eaid83,Definition of environmental subsystems in The Network Encyclopedia.
eaid84,"he term is used in business and technology literature to describe innovations that improve a product or service in ways that the market does not expect, typically first by designing for a different set of consumers in a new market and later by lowering prices in the existing market."
eaid85,Components of the Microsoft Windows NT or Windows 2000 operating system that support the running of applications from different operating system architectures.ÿ
eaid86,Environmental subsystems provide the necessary ?environment? in which these applications can run.
eaid87,They are an essential part of the Windows NT operating system that enables cross-platform support for applications written for different operating systems.
eaid88,Windows NT and Windows 2000 include the following environmental subsystems.
eaid89,MS-DOS-based applications run on Windows NT in the context of a Win32 application called a Virtual DOS Machine (VDM) that emulates an MS-DOS environment.
eaid90,Definition of environmental subsystems in The Network Encyclopedia.
eaid91,"he term is used in business and technology literature to describe innovations that improve a product or service in ways that the market does not expect, typically first by designing for a different set of consumers in a new market and later by lowering prices in the existing market."
eaid92,Components of the Microsoft Windows NT or Windows 2000 operating system that support the running of applications from different operating system architectures.ÿ
eaid93,Environmental subsystems provide the necessary ?environment? in which these applications can run.
eaid94,They are an essential part of the Windows NT operating system that enables cross-platform support for applications written for different operating systems.
eaid95,Windows NT and Windows 2000 include the following environmental subsystems.
eaid96,MS-DOS-based applications run on Windows NT in the context of a Win32 application called a Virtual DOS Machine (VDM) that emulates an MS-DOS environment.
eaid97,Definition of environmental subsystems in The Network Encyclopedia.
eaid98,"he term is used in business and technology literature to describe innovations that improve a product or service in ways that the market does not expect, typically first by designing for a different set of consumers in a new market and later by lowering prices in the existing market."
eaid99,Components of the Microsoft Windows NT or Windows 2000 operating system that support the running of applications from different operating system architectures.ÿ
eaid100,Environmental subsystems provide the necessary ?environment? in which these applications can run.
