eaid,clsid
eaid1,clsid12197
eaid1,clsid12266
eaid1,clsid12519
eaid1,clsid4026
eaid1,clsid5204
eaid1,clsid5603
eaid1,clsid8584
eaid1,clsid8774
eaid2,clsid3925
eaid2,clsid5525
eaid2,clsid7304
eaid2,clsid8257
eaid3,clsid10468
eaid3,clsid10469
eaid3,clsid12655
eaid3,clsid6505
eaid3,clsid916
eaid4,clsid1200
eaid4,clsid12145
eaid4,clsid4177
eaid5,clsid10289
eaid5,clsid11177
eaid5,clsid6375
eaid5,clsid9344
eaid6,clsid1416
eaid7,clsid2187
eaid7,clsid3314
eaid7,clsid3947
eaid7,clsid4329
eaid7,clsid4377
eaid7,clsid5296
eaid7,clsid5648
eaid7,clsid8206
eaid7,clsid854
eaid7,clsid9483
eaid8,clsid2094
eaid8,clsid3236
eaid8,clsid8989
eaid9,clsid11151
eaid9,clsid12456
eaid9,clsid3147
eaid9,clsid3760
eaid9,clsid384
eaid9,clsid7334
eaid9,clsid9370
eaid10,clsid10757
eaid10,clsid2331
eaid10,clsid4559
eaid11,clsid11256
eaid11,clsid11264
eaid11,clsid1434
eaid11,clsid1840
eaid11,clsid2694
eaid11,clsid3059
eaid11,clsid3317
eaid11,clsid5264
eaid11,clsid8271
eaid11,clsid9086
eaid12,clsid3398
eaid13,clsid10340
eaid14,clsid9883
eaid15,clsid11417
eaid15,clsid3251
eaid15,clsid3399
eaid15,clsid695
eaid15,clsid6993
eaid15,clsid9263
eaid16,clsid12192
eaid16,clsid2254
eaid16,clsid7199
eaid16,clsid8188
eaid17,clsid10287
eaid17,clsid10547
eaid17,clsid11132
eaid17,clsid9635
eaid18,clsid11396
eaid19,clsid3549
eaid20,clsid10755
eaid20,clsid11177
eaid20,clsid8970
eaid21,clsid10367
eaid21,clsid12571
eaid21,clsid2321
eaid21,clsid534
eaid21,clsid5842
eaid21,clsid7200
eaid21,clsid7913
eaid21,clsid8906
eaid21,clsid9993
eaid22,clsid11765
eaid22,clsid11916
eaid22,clsid11953
eaid22,clsid2307
eaid22,clsid3471
eaid22,clsid5300
eaid22,clsid7826
eaid23,clsid5399
eaid24,clsid3412
eaid25,clsid10710
eaid25,clsid10803
eaid25,clsid11403
eaid25,clsid1370
eaid25,clsid1630
eaid25,clsid1888
eaid25,clsid2718
eaid25,clsid8028
eaid25,clsid8202
eaid26,clsid1644
eaid27,clsid6820
eaid28,clsid10372
eaid28,clsid10397
eaid28,clsid11287
eaid28,clsid1410
eaid28,clsid3695
eaid28,clsid4288
eaid28,clsid7851
eaid29,clsid8033
eaid30,clsid12605
eaid30,clsid1999
eaid30,clsid4125
eaid30,clsid8304
eaid30,clsid9773
eaid30,clsid9803
eaid31,clsid10102
eaid31,clsid10355
eaid32,clsid7877
eaid33,clsid6002
eaid33,clsid649
eaid33,clsid7000
eaid33,clsid7783
eaid33,clsid958
eaid33,clsid9751
eaid33,clsid9766
eaid33,clsid993
eaid34,clsid10963
eaid34,clsid12602
eaid34,clsid825
eaid34,clsid9755
eaid35,clsid10216
eaid35,clsid10583
eaid35,clsid10810
eaid35,clsid3647
eaid35,clsid7908
eaid35,clsid8695
eaid36,clsid10691
eaid36,clsid11814
eaid36,clsid12265
eaid36,clsid12294
eaid36,clsid12436
eaid36,clsid4079
eaid36,clsid6432
eaid36,clsid8065
eaid36,clsid8566
eaid37,clsid10343
eaid37,clsid1487
eaid37,clsid1568
eaid37,clsid4027
eaid37,clsid5591
eaid38,clsid1009
eaid38,clsid10129
eaid38,clsid1604
eaid38,clsid2327
eaid38,clsid2761
eaid38,clsid2783
eaid38,clsid7693
eaid38,clsid9272
eaid39,clsid6607
eaid40,clsid11949
eaid40,clsid1332
eaid40,clsid1422
eaid41,clsid10255
eaid41,clsid246
eaid41,clsid4529
eaid42,clsid1498
eaid43,clsid5761
eaid44,clsid12712
eaid44,clsid2283
eaid44,clsid3439
eaid44,clsid4807
eaid44,clsid7619
eaid44,clsid8684
eaid45,clsid11950
eaid45,clsid5330
eaid45,clsid5615
eaid46,clsid1638
eaid47,clsid2716
eaid47,clsid3732
eaid47,clsid4600
eaid47,clsid9211
eaid48,clsid2668
eaid48,clsid3153
eaid49,clsid10446
eaid49,clsid12532
eaid49,clsid3207
eaid49,clsid6494
eaid49,clsid9070
eaid49,clsid9634
eaid50,clsid2761
eaid51,clsid8023
eaid52,clsid11715
eaid52,clsid2104
eaid52,clsid3458
eaid52,clsid3558
eaid52,clsid8619
eaid52,clsid9223
eaid53,clsid2058
eaid53,clsid3498
eaid53,clsid6646
eaid53,clsid7388
eaid53,clsid7391
eaid53,clsid7729
eaid53,clsid9130
eaid54,clsid12943
eaid54,clsid306
eaid54,clsid399
eaid54,clsid464
eaid54,clsid5603
eaid54,clsid5692
eaid54,clsid5832
eaid54,clsid7294
eaid55,clsid12532
eaid55,clsid2596
eaid55,clsid2714
eaid55,clsid6708
eaid55,clsid729
eaid55,clsid9199
eaid55,clsid9278
eaid55,clsid9835
eaid56,clsid11588
eaid56,clsid5315
eaid56,clsid8324
eaid56,clsid8915
eaid57,clsid457
eaid58,clsid11216
eaid58,clsid11385
eaid58,clsid4105
eaid58,clsid5158
eaid59,clsid10424
eaid59,clsid11635
eaid59,clsid3362
eaid59,clsid4489
eaid59,clsid5431
eaid59,clsid5718
eaid59,clsid8040
eaid59,clsid887
eaid59,clsid9359
eaid59,clsid9431
eaid60,clsid11625
eaid60,clsid1606
eaid60,clsid7600
eaid60,clsid9232
eaid60,clsid9545
eaid61,clsid12990
eaid61,clsid7227
eaid61,clsid9066
eaid62,clsid1018
eaid62,clsid10293
eaid62,clsid5615
eaid62,clsid5935
eaid62,clsid7094
eaid62,clsid7460
eaid62,clsid8055
eaid62,clsid8815
eaid63,clsid2187
eaid63,clsid3904
eaid63,clsid4030
eaid63,clsid4128
eaid63,clsid9644
eaid64,clsid1173
eaid64,clsid12894
eaid64,clsid5628
eaid64,clsid6403
eaid64,clsid6661
eaid65,clsid4144
eaid66,clsid10711
eaid66,clsid12578
eaid66,clsid1371
eaid67,clsid12574
eaid67,clsid1593
eaid67,clsid3300
eaid67,clsid3377
eaid67,clsid3599
eaid67,clsid4532
eaid67,clsid8213
eaid68,clsid12325
eaid68,clsid7019
eaid68,clsid8918
eaid69,clsid11427
eaid69,clsid2394
eaid70,clsid1041
eaid70,clsid11092
eaid70,clsid11235
eaid70,clsid12838
eaid70,clsid2121
eaid70,clsid3161
eaid70,clsid5964
eaid70,clsid5995
eaid70,clsid7662
eaid71,clsid7187
eaid71,clsid7213
eaid71,clsid994
eaid72,clsid11072
eaid72,clsid1228
eaid72,clsid1666
eaid72,clsid2569
eaid72,clsid3617
eaid72,clsid6869
eaid72,clsid6870
eaid72,clsid7360
eaid72,clsid7511
eaid72,clsid7812
eaid73,clsid11482
eaid73,clsid2285
eaid73,clsid6872
eaid73,clsid7109
eaid73,clsid8723
eaid73,clsid8916
eaid73,clsid980
eaid74,clsid11317
eaid74,clsid5331
eaid74,clsid6591
eaid74,clsid8332
eaid75,clsid11740
eaid75,clsid12509
eaid75,clsid3600
eaid75,clsid5536
eaid75,clsid5974
eaid75,clsid7455
eaid75,clsid7559
eaid75,clsid8772
eaid76,clsid12903
eaid76,clsid4071
eaid76,clsid4515
eaid76,clsid6706
eaid76,clsid7987
eaid76,clsid9875
eaid77,clsid10486
eaid77,clsid12973
eaid77,clsid1329
eaid77,clsid3193
eaid77,clsid6141
eaid77,clsid6384
eaid77,clsid7089
eaid77,clsid9418
eaid77,clsid9950
eaid78,clsid10201
eaid78,clsid11477
eaid78,clsid3354
eaid78,clsid3476
eaid79,clsid3600
eaid80,clsid10189
eaid80,clsid10247
eaid80,clsid6097
eaid81,clsid1629
eaid81,clsid6216
eaid82,clsid11803
eaid82,clsid11972
eaid82,clsid12849
eaid82,clsid1338
eaid82,clsid1787
eaid82,clsid1809
eaid82,clsid2894
eaid82,clsid4344
eaid82,clsid4443
eaid82,clsid6691
eaid83,clsid12806
eaid83,clsid1740
eaid83,clsid2163
eaid83,clsid3365
eaid83,clsid4273
eaid83,clsid4374
eaid83,clsid695
eaid84,clsid10515
eaid84,clsid11166
eaid84,clsid11670
eaid84,clsid118
eaid84,clsid12
eaid84,clsid1373
eaid84,clsid1468
eaid84,clsid3629
eaid84,clsid3720
eaid85,clsid11229
eaid85,clsid887
eaid86,clsid5034
eaid87,clsid12856
eaid87,clsid3114
eaid87,clsid5586
eaid87,clsid8796
eaid88,clsid6905
eaid88,clsid7688
eaid88,clsid9821
eaid88,clsid9939
eaid89,clsid1001
eaid89,clsid10195
eaid89,clsid2221
eaid89,clsid4519
eaid89,clsid8326
eaid90,clsid2213
eaid90,clsid2775
eaid91,clsid4301
eaid92,clsid10725
eaid92,clsid2624
eaid92,clsid571
eaid92,clsid7080
eaid92,clsid8686
eaid92,clsid9497
eaid93,clsid4014
eaid93,clsid8118
eaid93,clsid8672
eaid93,clsid8688
eaid94,clsid11804
eaid94,clsid1504
eaid94,clsid4198
eaid94,clsid8295
eaid95,clsid10005
eaid95,clsid10773
eaid95,clsid11453
eaid95,clsid11583
eaid95,clsid2636
eaid95,clsid2749
eaid95,clsid3995
eaid95,clsid4458
eaid95,clsid5435
eaid95,clsid8082
eaid96,clsid12416
eaid96,clsid5824
eaid96,clsid8009
eaid97,clsid201
eaid97,clsid2282
eaid97,clsid2354
eaid97,clsid3476
eaid97,clsid3840
eaid97,clsid669
eaid97,clsid8585
eaid97,clsid9378
eaid98,clsid11699
eaid98,clsid1392
eaid98,clsid200
eaid98,clsid286
eaid98,clsid409
eaid98,clsid7483
eaid98,clsid9650
eaid99,clsid2510
eaid99,clsid3352
eaid99,clsid353
eaid99,clsid5111
eaid99,clsid6408
eaid99,clsid784
eaid99,clsid8471
eaid100,clsid11074
eaid100,clsid3423
eaid100,clsid9211
