fltid,srqid
fltid1,srqid475
fltid1,srqid809
fltid2,srqid97
fltid3,srqid241
fltid3,srqid803
fltid3,srqid944
fltid4,srqid509
fltid4,srqid986
fltid5,srqid438
fltid5,srqid457
fltid6,srqid755
fltid7,srqid357
fltid7,srqid461
fltid7,srqid848
fltid8,srqid154
fltid8,srqid926
fltid8,srqid938
fltid9,srqid706
fltid10,srqid536
fltid11,srqid438
fltid12,srqid521
fltid13,srqid277
fltid13,srqid440
fltid14,srqid102
fltid14,srqid66
fltid14,srqid723
fltid15,srqid712
fltid15,srqid978
fltid16,srqid300
fltid16,srqid656
fltid16,srqid969
fltid17,srqid408
fltid17,srqid623
fltid18,srqid831
fltid19,srqid447
fltid20,srqid269
fltid20,srqid542
fltid20,srqid609
fltid21,srqid19
fltid21,srqid381
fltid21,srqid890
fltid22,srqid146
fltid22,srqid375
fltid22,srqid448
fltid23,srqid374
fltid23,srqid868
fltid24,srqid274
fltid25,srqid588
fltid25,srqid903
fltid25,srqid994
fltid26,srqid450
fltid26,srqid573
fltid27,srqid24
fltid27,srqid431
fltid27,srqid659
fltid28,srqid61
fltid28,srqid638
fltid28,srqid931
fltid29,srqid190
fltid29,srqid278
fltid29,srqid457
fltid29,srqid512
fltid29,srqid980
fltid30,srqid424
fltid31,srqid2
fltid31,srqid303
fltid31,srqid381
fltid32,srqid619
fltid32,srqid754
fltid33,srqid520
fltid33,srqid774
fltid33,srqid950
fltid34,srqid115
fltid34,srqid330
fltid34,srqid619
fltid35,srqid855
fltid35,srqid867
fltid36,srqid209
fltid37,srqid392
fltid37,srqid709
fltid37,srqid728
fltid38,srqid769
fltid39,srqid183
fltid39,srqid273
fltid40,srqid35
fltid40,srqid735
fltid41,srqid104
fltid42,srqid469
fltid42,srqid516
fltid43,srqid128
fltid43,srqid526
fltid43,srqid559
fltid44,srqid714
fltid44,srqid742
fltid44,srqid916
fltid45,srqid140
fltid45,srqid676
fltid46,srqid448
fltid46,srqid948
fltid47,srqid244
fltid47,srqid890
fltid48,srqid397
fltid48,srqid86
fltid49,srqid871
fltid49,srqid929
fltid49,srqid946
fltid50,srqid274
fltid51,srqid5
fltid51,srqid843
fltid51,srqid956
fltid52,srqid375
fltid53,srqid754
fltid54,srqid16
fltid54,srqid974
fltid55,srqid347
fltid56,srqid20
fltid56,srqid64
fltid56,srqid717
fltid57,srqid34
fltid57,srqid728
fltid58,srqid321
fltid58,srqid927
fltid59,srqid460
fltid59,srqid702
fltid60,srqid418
fltid60,srqid437
fltid60,srqid993
fltid61,srqid14
fltid61,srqid869
fltid62,srqid805
fltid63,srqid81
fltid64,srqid447
fltid64,srqid500
fltid64,srqid866
fltid65,srqid903
fltid66,srqid348
fltid66,srqid417
fltid66,srqid808
fltid67,srqid237
fltid67,srqid977
fltid68,srqid236
fltid68,srqid804
fltid68,srqid820
fltid69,srqid648
fltid70,srqid116
fltid70,srqid4
fltid70,srqid792
fltid71,srqid522
fltid71,srqid533
fltid71,srqid823
fltid72,srqid208
fltid72,srqid423
fltid72,srqid554
fltid73,srqid649
fltid73,srqid852
fltid74,srqid235
fltid74,srqid258
fltid74,srqid559
fltid75,srqid156
fltid75,srqid258
fltid75,srqid565
fltid76,srqid122
fltid76,srqid76
fltid77,srqid219
fltid77,srqid449
fltid77,srqid985
fltid78,srqid671
fltid79,srqid385
fltid79,srqid394
fltid79,srqid717
fltid80,srqid780
fltid80,srqid8
fltid80,srqid957
fltid81,srqid497
fltid81,srqid503
fltid81,srqid644
fltid82,srqid391
fltid82,srqid528
fltid82,srqid706
fltid83,srqid125
fltid83,srqid230
fltid83,srqid848
fltid84,srqid354
fltid85,srqid651
fltid86,srqid448
fltid87,srqid482
fltid87,srqid640
fltid87,srqid788
fltid88,srqid154
fltid89,srqid649
fltid89,srqid880
fltid90,srqid22
fltid90,srqid615
fltid91,srqid826
fltid92,srqid63
fltid92,srqid905
fltid93,srqid502
fltid94,srqid539
fltid94,srqid638
fltid94,srqid827
fltid95,srqid616
fltid96,srqid723
fltid97,srqid169
fltid97,srqid339
fltid97,srqid788
fltid98,srqid906
fltid99,srqid125
fltid99,srqid991
fltid100,srqid211
fltid100,srqid271
fltid101,srqid290
fltid101,srqid65
fltid101,srqid850
fltid102,srqid593
fltid102,srqid685
fltid103,srqid796
fltid103,srqid916
fltid104,srqid305
fltid104,srqid389
fltid104,srqid530
fltid105,srqid694
fltid105,srqid773
fltid106,srqid239
fltid106,srqid512
fltid107,srqid114
fltid107,srqid318
fltid108,srqid384
fltid109,srqid31
fltid109,srqid701
fltid110,srqid515
fltid111,srqid256
fltid112,srqid146
fltid112,srqid891
fltid113,srqid213
fltid113,srqid272
fltid113,srqid290
fltid113,srqid774
fltid114,srqid136
fltid114,srqid579
fltid115,srqid474
fltid115,srqid702
fltid116,srqid14
fltid116,srqid625
fltid117,srqid202
fltid117,srqid852
fltid118,srqid492
fltid118,srqid552
fltid119,srqid175
fltid119,srqid574
fltid119,srqid760
fltid120,srqid12
fltid120,srqid129
fltid121,srqid25
fltid121,srqid423
fltid121,srqid627
fltid122,srqid532
fltid123,srqid373
fltid124,srqid483
fltid124,srqid794
fltid125,srqid106
fltid125,srqid401
fltid125,srqid621
fltid126,srqid893
fltid126,srqid927
fltid126,srqid979
fltid127,srqid114
fltid127,srqid874
fltid128,srqid518
fltid129,srqid663
fltid130,srqid319
fltid131,srqid122
fltid131,srqid142
fltid132,srqid475
fltid132,srqid509
fltid132,srqid951
fltid133,srqid135
fltid133,srqid803
fltid134,srqid854
fltid135,srqid742
fltid136,srqid297
fltid136,srqid872
fltid136,srqid97
fltid137,srqid572
fltid138,srqid879
fltid139,srqid232
fltid139,srqid236
fltid139,srqid315
fltid139,srqid496
fltid139,srqid884
fltid140,srqid415
fltid140,srqid88
fltid141,srqid632
fltid141,srqid857
fltid142,srqid164
fltid142,srqid459
fltid142,srqid701
fltid142,srqid746
fltid142,srqid773
fltid143,srqid300
fltid143,srqid667
fltid144,srqid108
fltid145,srqid208
fltid145,srqid697
fltid145,srqid743
fltid146,srqid385
fltid146,srqid878
fltid146,srqid900
fltid147,srqid410
fltid147,srqid675
fltid148,srqid401
fltid148,srqid980
fltid149,srqid286
fltid149,srqid405
fltid149,srqid45
fltid150,srqid990
fltid151,srqid514
fltid151,srqid534
fltid152,srqid496
fltid152,srqid672
fltid153,srqid333
fltid153,srqid419
fltid154,srqid1000
fltid154,srqid432
fltid154,srqid664
fltid155,srqid5
fltid155,srqid655
fltid156,srqid501
fltid156,srqid624
fltid156,srqid833
fltid157,srqid125
fltid157,srqid375
fltid158,srqid284
fltid158,srqid389
fltid158,srqid80
fltid158,srqid882
fltid158,srqid952
fltid159,srqid857
fltid160,srqid233
fltid160,srqid455
fltid160,srqid669
fltid160,srqid933
fltid161,srqid335
fltid161,srqid576
fltid161,srqid74
fltid162,srqid197
fltid162,srqid661
fltid162,srqid940
fltid162,srqid958
fltid163,srqid328
fltid163,srqid441
fltid163,srqid728
fltid164,srqid140
fltid164,srqid647
fltid165,srqid193
fltid165,srqid436
fltid165,srqid940
fltid166,srqid229
fltid166,srqid427
fltid166,srqid572
fltid166,srqid623
fltid166,srqid883
fltid167,srqid495
fltid168,srqid550
fltid168,srqid595
fltid169,srqid311
fltid170,srqid472
fltid170,srqid659
fltid171,srqid448
fltid171,srqid761
fltid172,srqid652
fltid172,srqid707
fltid172,srqid84
fltid172,srqid999
fltid173,srqid177
fltid173,srqid420
fltid174,srqid100
fltid174,srqid547
fltid174,srqid778
fltid175,srqid595
fltid175,srqid910
fltid175,srqid948
fltid176,srqid148
fltid176,srqid164
fltid176,srqid807
fltid177,srqid315
fltid177,srqid662
fltid178,srqid660
fltid179,srqid276
fltid179,srqid402
fltid179,srqid428
fltid180,srqid151
fltid180,srqid797
fltid181,srqid155
fltid182,srqid172
fltid183,srqid312
fltid183,srqid66
fltid184,srqid301
fltid184,srqid675
fltid184,srqid966
fltid185,srqid582
fltid185,srqid680
fltid185,srqid765
fltid185,srqid99
fltid186,srqid140
fltid186,srqid324
fltid187,srqid374
fltid187,srqid390
fltid188,srqid849
fltid189,srqid127
fltid189,srqid543
fltid190,srqid315
fltid190,srqid553
fltid190,srqid711
fltid191,srqid642
fltid192,srqid113
fltid193,srqid297
fltid193,srqid324
fltid194,srqid128
fltid194,srqid533
fltid194,srqid67
fltid195,srqid692
fltid196,srqid630
fltid196,srqid906
fltid197,srqid116
fltid197,srqid88
fltid197,srqid936
fltid198,srqid362
fltid199,srqid791
fltid199,srqid930
fltid200,srqid224
fltid200,srqid37
fltid201,srqid227
fltid201,srqid513
fltid201,srqid607
fltid202,srqid183
fltid202,srqid472
fltid203,srqid266
fltid203,srqid363
fltid203,srqid473
fltid204,srqid402
fltid204,srqid480
fltid204,srqid768
fltid205,srqid368
fltid205,srqid801
fltid205,srqid856
fltid206,srqid76
fltid207,srqid579
fltid207,srqid693
fltid207,srqid695
fltid208,srqid181
fltid208,srqid291
fltid208,srqid543
fltid209,srqid223
fltid209,srqid780
fltid210,srqid323
fltid210,srqid36
fltid210,srqid543
fltid211,srqid560
fltid212,srqid104
fltid212,srqid225
fltid212,srqid587
fltid213,srqid420
fltid214,srqid50
fltid214,srqid716
fltid215,srqid499
fltid215,srqid511
fltid216,srqid144
fltid216,srqid603
fltid216,srqid899
fltid217,srqid517
fltid217,srqid908
fltid218,srqid63
fltid218,srqid885
fltid218,srqid89
fltid219,srqid425
fltid219,srqid923
fltid220,srqid52
fltid221,srqid167
fltid221,srqid61
fltid222,srqid399
fltid223,srqid330
fltid223,srqid515
fltid223,srqid722
fltid224,srqid495
fltid224,srqid596
fltid224,srqid790
fltid225,srqid932
fltid226,srqid175
fltid226,srqid466
fltid226,srqid534
fltid226,srqid892
fltid227,srqid731
fltid228,srqid25
fltid228,srqid689
fltid228,srqid727
fltid229,srqid174
fltid229,srqid471
fltid230,srqid584
fltid230,srqid819
fltid231,srqid289
fltid231,srqid368
fltid232,srqid443
fltid232,srqid536
fltid233,srqid947
fltid234,srqid151
fltid234,srqid431
fltid234,srqid759
fltid234,srqid845
fltid234,srqid991
fltid235,srqid744
fltid235,srqid833
fltid236,srqid367
fltid236,srqid497
fltid237,srqid312
fltid237,srqid351
fltid238,srqid75
fltid239,srqid338
fltid239,srqid554
fltid240,srqid377
fltid240,srqid951
fltid240,srqid977
fltid241,srqid283
fltid241,srqid448
fltid242,srqid472
fltid242,srqid574
fltid242,srqid810
fltid243,srqid150
fltid243,srqid949
fltid244,srqid250
fltid244,srqid430
fltid244,srqid574
fltid245,srqid263
fltid246,srqid281
fltid246,srqid798
fltid247,srqid107
fltid247,srqid49
fltid247,srqid741
fltid248,srqid521
fltid248,srqid531
fltid248,srqid753
fltid249,srqid302
fltid249,srqid818
fltid249,srqid832
fltid250,srqid673
fltid251,srqid938
fltid252,srqid516
fltid252,srqid537
fltid253,srqid426
fltid253,srqid902
fltid254,srqid219
fltid255,srqid204
fltid256,srqid104
fltid256,srqid345
fltid256,srqid603
fltid257,srqid11
fltid257,srqid116
fltid257,srqid722
fltid258,srqid51
fltid258,srqid569
fltid258,srqid839
fltid259,srqid241
fltid259,srqid617
fltid260,srqid21
fltid260,srqid461
fltid260,srqid719
fltid261,srqid104
fltid262,srqid456
fltid263,srqid278
fltid263,srqid431
fltid263,srqid602
fltid263,srqid837
fltid264,srqid577
fltid264,srqid804
fltid265,srqid239
fltid265,srqid290
fltid265,srqid911
fltid266,srqid40
fltid266,srqid482
fltid266,srqid613
fltid267,srqid229
fltid267,srqid280
fltid267,srqid368
fltid267,srqid579
fltid268,srqid299
fltid269,srqid161
fltid269,srqid57
fltid270,srqid790
fltid271,srqid528
fltid271,srqid9
fltid272,srqid157
fltid272,srqid161
fltid272,srqid529
fltid273,srqid724
fltid273,srqid832
fltid274,srqid135
fltid274,srqid651
fltid275,srqid801
fltid276,srqid456
fltid276,srqid735
fltid277,srqid995
fltid278,srqid107
fltid278,srqid612
fltid279,srqid699
fltid280,srqid304
fltid281,srqid222
fltid281,srqid305
fltid281,srqid578
fltid282,srqid500
fltid283,srqid230
fltid283,srqid651
fltid283,srqid805
fltid283,srqid973
fltid284,srqid147
fltid285,srqid196
fltid285,srqid419
fltid285,srqid852
fltid286,srqid119
fltid287,srqid359
fltid287,srqid499
fltid287,srqid574
fltid288,srqid531
fltid289,srqid336
fltid290,srqid894
fltid291,srqid176
fltid292,srqid259
fltid292,srqid588
fltid292,srqid670
fltid293,srqid109
fltid293,srqid727
fltid293,srqid868
fltid294,srqid352
fltid294,srqid567
fltid294,srqid65
fltid295,srqid998
fltid296,srqid474
fltid296,srqid668
fltid296,srqid859
fltid297,srqid764
fltid297,srqid819
fltid298,srqid53
fltid299,srqid299
fltid299,srqid428
fltid299,srqid765
fltid300,srqid932
fltid301,srqid21
fltid301,srqid593
fltid302,srqid957
fltid303,srqid908
fltid304,srqid599
fltid305,srqid728
fltid306,srqid355
fltid307,srqid486
fltid307,srqid669
fltid308,srqid272
fltid308,srqid438
fltid308,srqid702
fltid309,srqid207
fltid309,srqid810
fltid309,srqid907
fltid310,srqid162
fltid310,srqid305
fltid310,srqid355
fltid311,srqid285
fltid311,srqid635
fltid311,srqid644
fltid312,srqid40
fltid312,srqid460
fltid312,srqid857
fltid313,srqid12
fltid313,srqid651
fltid313,srqid667
fltid314,srqid850
fltid314,srqid902
fltid315,srqid373
fltid315,srqid391
fltid315,srqid797
fltid316,srqid531
fltid316,srqid584
fltid316,srqid871
fltid317,srqid186
fltid317,srqid461
fltid317,srqid937
fltid318,srqid6
fltid318,srqid943
fltid318,srqid957
fltid319,srqid221
fltid319,srqid705
fltid319,srqid877
fltid320,srqid361
fltid321,srqid21
fltid321,srqid594
fltid322,srqid327
fltid322,srqid585
fltid322,srqid710
fltid323,srqid271
fltid323,srqid866
fltid323,srqid889
fltid324,srqid459
fltid325,srqid880
fltid326,srqid472
fltid326,srqid624
fltid327,srqid168
fltid328,srqid90
fltid328,srqid906
fltid329,srqid212
fltid330,srqid203
fltid330,srqid412
fltid330,srqid560
fltid331,srqid151
fltid331,srqid264
fltid331,srqid364
fltid332,srqid209
fltid332,srqid553
fltid333,srqid120
fltid333,srqid218
fltid334,srqid781
fltid334,srqid973
fltid335,srqid15
fltid335,srqid16
fltid335,srqid446
fltid335,srqid547
fltid335,srqid889
fltid336,srqid261
fltid336,srqid700
fltid336,srqid928
fltid337,srqid738
fltid338,srqid705
fltid339,srqid479
fltid339,srqid793
fltid340,srqid226
fltid340,srqid376
fltid340,srqid822
fltid341,srqid240
fltid341,srqid30
fltid341,srqid718
fltid342,srqid211
fltid342,srqid487
fltid342,srqid695
fltid343,srqid173
fltid343,srqid738
fltid344,srqid130
fltid345,srqid250
fltid345,srqid702
fltid346,srqid135
fltid347,srqid317
fltid348,srqid224
fltid349,srqid177
fltid349,srqid336
fltid349,srqid51
fltid350,srqid216
fltid350,srqid434
fltid350,srqid489
fltid350,srqid628
fltid350,srqid806
fltid351,srqid459
fltid352,srqid73
fltid353,srqid133
fltid353,srqid240
fltid353,srqid421
fltid354,srqid260
fltid354,srqid373
fltid354,srqid454
fltid355,srqid153
fltid355,srqid494
fltid355,srqid759
fltid356,srqid660
fltid356,srqid738
fltid356,srqid972
fltid357,srqid310
fltid357,srqid991
fltid358,srqid567
fltid358,srqid601
fltid359,srqid895
fltid360,srqid15
fltid360,srqid182
fltid360,srqid474
fltid360,srqid476
fltid361,srqid113
fltid361,srqid778
fltid361,srqid888
fltid362,srqid130
fltid362,srqid662
fltid363,srqid227
fltid364,srqid809
fltid365,srqid230
fltid366,srqid548
fltid366,srqid851
fltid366,srqid921
fltid367,srqid854
fltid368,srqid161
fltid369,srqid112
fltid369,srqid125
fltid369,srqid778
fltid369,srqid884
fltid370,srqid242
fltid370,srqid387
fltid370,srqid505
fltid371,srqid142
fltid371,srqid19
fltid371,srqid981
fltid372,srqid124
fltid372,srqid845
fltid372,srqid939
fltid373,srqid821
fltid374,srqid536
fltid374,srqid55
fltid375,srqid278
fltid375,srqid670
fltid375,srqid696
fltid375,srqid982
fltid376,srqid62
fltid376,srqid691
fltid376,srqid841
fltid377,srqid11
fltid377,srqid513
fltid377,srqid624
fltid378,srqid391
fltid378,srqid445
fltid379,srqid508
fltid379,srqid585
fltid380,srqid411
fltid381,srqid12
fltid381,srqid382
fltid381,srqid384
fltid382,srqid39
fltid382,srqid469
fltid383,srqid128
fltid383,srqid170
fltid384,srqid107
fltid384,srqid359
fltid385,srqid509
fltid385,srqid602
fltid385,srqid978
fltid386,srqid396
fltid386,srqid492
fltid386,srqid933
fltid387,srqid441
fltid387,srqid446
fltid387,srqid91
fltid388,srqid342
fltid388,srqid387
fltid389,srqid652
fltid389,srqid825
fltid390,srqid122
fltid390,srqid543
fltid390,srqid872
fltid391,srqid11
fltid391,srqid130
fltid391,srqid484
fltid392,srqid490
fltid393,srqid328
fltid393,srqid909
fltid394,srqid431
fltid394,srqid48
fltid395,srqid289
fltid396,srqid47
fltid397,srqid578
fltid397,srqid878
fltid398,srqid350
fltid398,srqid554
fltid398,srqid845
fltid399,srqid480
fltid399,srqid52
fltid400,srqid805
fltid401,srqid375
fltid401,srqid518
fltid401,srqid895
fltid402,srqid254
fltid402,srqid461
fltid403,srqid682
fltid403,srqid870
fltid404,srqid183
fltid404,srqid259
fltid404,srqid51
fltid405,srqid408
fltid405,srqid733
fltid406,srqid34
fltid406,srqid340
fltid407,srqid110
fltid407,srqid476
fltid407,srqid484
fltid408,srqid109
fltid408,srqid624
fltid409,srqid210
fltid409,srqid475
fltid409,srqid61
fltid410,srqid240
fltid410,srqid426
fltid410,srqid694
fltid411,srqid33
fltid411,srqid460
fltid411,srqid643
fltid412,srqid221
fltid412,srqid609
fltid412,srqid838
fltid413,srqid135
fltid413,srqid295
fltid413,srqid83
fltid414,srqid19
fltid415,srqid29
fltid415,srqid322
fltid415,srqid51
fltid416,srqid411
fltid416,srqid532
fltid416,srqid755
fltid417,srqid293
fltid417,srqid357
fltid417,srqid42
fltid418,srqid112
fltid418,srqid745
fltid419,srqid260
fltid420,srqid286
fltid421,srqid158
fltid421,srqid239
fltid421,srqid946
fltid422,srqid849
fltid423,srqid75
fltid424,srqid40
fltid424,srqid689
fltid425,srqid250
fltid425,srqid275
fltid426,srqid618
fltid426,srqid678
fltid426,srqid874
fltid427,srqid943
fltid428,srqid108
fltid428,srqid616
fltid429,srqid322
fltid430,srqid848
fltid431,srqid231
fltid431,srqid628
fltid431,srqid920
fltid432,srqid440
fltid432,srqid677
fltid432,srqid730
fltid433,srqid47
fltid433,srqid659
fltid433,srqid676
fltid434,srqid108
fltid434,srqid172
fltid434,srqid638
fltid435,srqid165
fltid436,srqid194
fltid436,srqid839
fltid436,srqid889
fltid437,srqid639
fltid438,srqid145
fltid438,srqid681
fltid439,srqid149
fltid440,srqid828
fltid441,srqid213
fltid441,srqid474
fltid441,srqid529
fltid442,srqid876
fltid443,srqid229
fltid443,srqid268
fltid443,srqid427
fltid444,srqid604
fltid444,srqid773
fltid445,srqid270
fltid445,srqid698
fltid445,srqid771
fltid446,srqid713
fltid446,srqid852
fltid447,srqid924
fltid448,srqid231
fltid448,srqid984
fltid449,srqid242
fltid449,srqid359
fltid450,srqid643
fltid451,srqid100
fltid452,srqid201
fltid452,srqid479
fltid453,srqid257
fltid453,srqid498
fltid453,srqid744
fltid453,srqid760
fltid453,srqid816
fltid454,srqid685
fltid454,srqid891
fltid455,srqid797
fltid456,srqid719
fltid456,srqid729
fltid457,srqid356
fltid457,srqid523
fltid457,srqid985
fltid458,srqid25
fltid458,srqid360
fltid458,srqid522
fltid459,srqid626
fltid460,srqid274
fltid460,srqid525
fltid461,srqid183
fltid461,srqid566
fltid461,srqid652
fltid462,srqid104
fltid462,srqid868
fltid462,srqid971
fltid463,srqid14
fltid463,srqid348
fltid463,srqid649
fltid464,srqid586
fltid465,srqid104
fltid465,srqid402
fltid465,srqid622
fltid465,srqid668
fltid466,srqid8
fltid466,srqid857
fltid467,srqid247
fltid467,srqid337
fltid467,srqid813
fltid468,srqid341
fltid468,srqid765
fltid468,srqid795
fltid469,srqid241
fltid469,srqid558
fltid469,srqid583
fltid469,srqid933
fltid470,srqid488
fltid470,srqid709
fltid470,srqid760
fltid471,srqid50
fltid472,srqid950
fltid473,srqid69
fltid474,srqid33
fltid475,srqid770
fltid475,srqid863
fltid476,srqid177
fltid476,srqid362
fltid477,srqid217
fltid477,srqid253
fltid478,srqid688
fltid478,srqid907
fltid478,srqid920
fltid479,srqid779
fltid480,srqid336
fltid480,srqid871
fltid481,srqid173
fltid481,srqid364
fltid481,srqid486
fltid482,srqid324
fltid482,srqid750
fltid483,srqid779
fltid484,srqid105
fltid484,srqid177
fltid484,srqid97
fltid485,srqid12
fltid485,srqid219
fltid486,srqid810
fltid486,srqid932
fltid487,srqid78
fltid487,srqid949
fltid488,srqid836
fltid489,srqid376
fltid489,srqid538
fltid489,srqid967
fltid490,srqid24
fltid490,srqid981
fltid491,srqid11
fltid491,srqid714
fltid492,srqid177
fltid493,srqid157
fltid493,srqid449
fltid493,srqid804
fltid494,srqid561
fltid494,srqid614
fltid495,srqid651
fltid496,srqid443
fltid496,srqid791
fltid497,srqid574
fltid497,srqid729
fltid498,srqid642
fltid498,srqid660
fltid498,srqid947
fltid499,srqid615
fltid499,srqid664
fltid499,srqid746
fltid500,srqid328
fltid500,srqid427
