glid,srqid
glid1,srqid143
glid1,srqid888
glid2,srqid308
glid2,srqid489
glid2,srqid776
glid3,srqid112
glid3,srqid933
glid4,srqid289
glid4,srqid309
glid4,srqid357
glid4,srqid439
glid4,srqid464
glid4,srqid468
glid4,srqid528
glid4,srqid887
glid5,srqid392
glid5,srqid639
glid6,srqid199
glid6,srqid284
glid7,srqid456
glid7,srqid543
glid7,srqid609
glid8,srqid335
glid8,srqid976
glid9,srqid214
glid9,srqid753
glid9,srqid754
glid10,srqid216
glid10,srqid377
glid10,srqid559
glid10,srqid799
glid11,srqid523
glid11,srqid873
glid12,srqid273
glid12,srqid787
glid12,srqid814
glid13,srqid268
glid13,srqid359
glid13,srqid377
glid13,srqid642
glid13,srqid647
glid13,srqid855
glid13,srqid920
glid13,srqid933
glid14,srqid100
glid14,srqid732
glid14,srqid892
glid15,srqid314
glid15,srqid541
glid15,srqid60
glid15,srqid713
glid15,srqid800
glid16,srqid136
glid16,srqid186
glid16,srqid55
glid17,srqid207
glid17,srqid329
glid17,srqid410
glid17,srqid45
glid17,srqid646
glid17,srqid676
glid17,srqid816
glid17,srqid985
glid18,srqid106
glid18,srqid955
glid19,srqid165
glid19,srqid366
glid19,srqid509
glid19,srqid7
glid19,srqid865
glid20,srqid24
glid20,srqid468
glid20,srqid883
glid21,srqid188
glid21,srqid257
glid21,srqid313
glid21,srqid328
glid21,srqid411
glid21,srqid485
glid21,srqid72
glid21,srqid787
glid22,srqid583
glid22,srqid856
glid22,srqid917
glid23,srqid100
glid23,srqid23
glid23,srqid776
glid23,srqid872
glid23,srqid875
glid23,srqid934
glid23,srqid954
glid24,srqid191
glid24,srqid577
glid24,srqid635
glid24,srqid786
glid24,srqid823
glid24,srqid826
glid25,srqid388
glid25,srqid958
glid25,srqid984
glid26,srqid186
glid26,srqid5
glid27,srqid612
glid27,srqid869
glid28,srqid19
glid28,srqid220
glid28,srqid245
glid28,srqid418
glid28,srqid436
glid28,srqid556
glid28,srqid769
glid28,srqid826
glid28,srqid991
glid29,srqid265
glid29,srqid386
glid29,srqid60
glid29,srqid780
glid30,srqid33
glid30,srqid577
glid30,srqid610
glid30,srqid657
glid30,srqid658
glid30,srqid700
glid30,srqid805
glid30,srqid921
glid30,srqid98
glid31,srqid134
glid31,srqid649
glid31,srqid900
glid32,srqid198
glid32,srqid201
glid32,srqid237
glid32,srqid340
glid32,srqid611
glid32,srqid842
glid32,srqid89
glid32,srqid940
glid33,srqid214
glid33,srqid386
glid33,srqid571
glid33,srqid722
glid33,srqid848
glid33,srqid864
glid33,srqid889
glid33,srqid933
glid34,srqid290
glid34,srqid476
glid34,srqid809
glid35,srqid10
glid35,srqid501
glid35,srqid600
glid36,srqid324
glid36,srqid485
glid36,srqid585
glid37,srqid291
glid37,srqid362
glid37,srqid600
glid37,srqid605
glid37,srqid624
glid37,srqid653
glid37,srqid731
glid37,srqid758
glid37,srqid981
glid38,srqid117
glid38,srqid209
glid38,srqid365
glid38,srqid750
glid38,srqid839
glid38,srqid848
glid38,srqid867
glid38,srqid906
glid38,srqid992
glid39,srqid176
glid39,srqid262
glid39,srqid635
glid40,srqid250
glid40,srqid862
glid41,srqid135
glid41,srqid327
glid42,srqid179
glid42,srqid23
glid42,srqid476
glid42,srqid533
glid42,srqid665
glid43,srqid333
glid43,srqid504
glid43,srqid527
glid43,srqid582
glid43,srqid727
glid43,srqid747
glid43,srqid861
glid43,srqid972
glid44,srqid739
glid44,srqid936
glid45,srqid114
glid45,srqid137
glid45,srqid187
glid45,srqid319
glid45,srqid533
glid45,srqid62
glid45,srqid815
glid45,srqid843
glid45,srqid994
glid46,srqid258
glid46,srqid403
glid46,srqid625
glid46,srqid629
glid46,srqid677
glid46,srqid719
glid46,srqid733
glid46,srqid97
glid47,srqid140
glid47,srqid23
glid47,srqid488
glid47,srqid666
glid47,srqid675
glid47,srqid754
glid47,srqid899
glid48,srqid219
glid48,srqid423
glid48,srqid679
glid48,srqid750
glid49,srqid148
glid49,srqid382
glid49,srqid445
glid49,srqid585
glid50,srqid133
glid50,srqid229
glid50,srqid350
glid51,srqid577
glid51,srqid583
glid52,srqid370
glid52,srqid882
glid52,srqid903
glid53,srqid458
glid53,srqid500
glid54,srqid569
glid54,srqid865
glid55,srqid21
glid55,srqid251
glid55,srqid412
glid55,srqid636
glid55,srqid76
glid55,srqid888
glid55,srqid897
glid55,srqid975
glid56,srqid269
glid56,srqid414
glid56,srqid502
glid56,srqid512
glid56,srqid519
glid56,srqid573
glid56,srqid643
glid56,srqid906
glid57,srqid504
glid57,srqid67
glid58,srqid504
glid58,srqid585
glid58,srqid861
glid59,srqid15
glid59,srqid489
glid59,srqid826
glid60,srqid18
glid60,srqid277
glid60,srqid34
glid60,srqid613
glid60,srqid65
glid60,srqid786
glid60,srqid897
glid61,srqid115
glid61,srqid24
glid61,srqid558
glid61,srqid584
glid61,srqid654
glid61,srqid878
glid61,srqid923
glid61,srqid930
glid62,srqid54
glid62,srqid678
glid62,srqid789
glid63,srqid356
glid63,srqid457
glid63,srqid761
glid64,srqid208
glid64,srqid273
glid64,srqid336
glid65,srqid357
glid65,srqid583
glid65,srqid603
glid66,srqid628
glid66,srqid909
glid66,srqid910
glid67,srqid474
glid67,srqid71
glid68,srqid334
glid68,srqid350
glid68,srqid383
glid68,srqid419
glid68,srqid495
glid68,srqid510
glid68,srqid61
glid68,srqid830
glid68,srqid983
glid69,srqid6
glid69,srqid859
glid70,srqid199
glid70,srqid548
glid70,srqid57
glid70,srqid581
glid71,srqid604
glid71,srqid771
glid72,srqid37
glid72,srqid520
glid73,srqid214
glid73,srqid753
glid74,srqid102
glid74,srqid413
glid75,srqid223
glid75,srqid556
glid75,srqid580
glid76,srqid22
glid76,srqid487
glid76,srqid736
glid77,srqid166
glid77,srqid507
glid77,srqid824
glid77,srqid850
glid77,srqid910
glid78,srqid278
glid78,srqid624
glid79,srqid205
glid79,srqid263
glid79,srqid349
glid79,srqid398
glid79,srqid44
glid79,srqid460
glid79,srqid51
glid79,srqid799
glid80,srqid211
glid80,srqid725
glid80,srqid967
glid81,srqid107
glid81,srqid918
glid82,srqid118
glid82,srqid221
glid82,srqid705
glid82,srqid737
glid82,srqid966
glid83,srqid142
glid83,srqid417
glid83,srqid627
glid84,srqid383
glid84,srqid474
glid84,srqid816
glid85,srqid243
glid85,srqid571
glid85,srqid591
glid86,srqid611
glid86,srqid742
glid87,srqid147
glid87,srqid870
glid87,srqid963
glid88,srqid1000
glid88,srqid139
glid88,srqid326
glid88,srqid353
glid88,srqid451
glid88,srqid460
glid88,srqid66
glid88,srqid982
glid89,srqid244
glid89,srqid323
glid89,srqid475
glid90,srqid16
glid90,srqid21
glid90,srqid301
glid90,srqid415
glid90,srqid618
glid90,srqid712
glid90,srqid822
glid90,srqid825
glid90,srqid905
glid91,srqid151
glid91,srqid231
glid91,srqid270
glid91,srqid287
glid91,srqid309
glid91,srqid594
glid91,srqid644
glid91,srqid920
glid92,srqid503
glid92,srqid528
glid93,srqid379
glid93,srqid700
glid94,srqid441
glid94,srqid941
glid95,srqid218
glid95,srqid260
glid95,srqid501
glid95,srqid64
glid95,srqid667
glid95,srqid729
glid95,srqid882
glid95,srqid903
glid95,srqid959
glid96,srqid111
glid96,srqid438
glid96,srqid518
glid96,srqid605
glid96,srqid641
glid96,srqid715
glid96,srqid816
glid96,srqid890
glid96,srqid914
glid97,srqid570
glid97,srqid948
glid98,srqid174
glid98,srqid629
glid98,srqid691
glid99,srqid326
glid99,srqid336
glid100,srqid753
glid100,srqid789
glid100,srqid844
glid101,srqid22
glid101,srqid288
glid101,srqid736
glid101,srqid893
glid102,srqid353
glid102,srqid548
glid103,srqid119
glid103,srqid176
glid103,srqid238
glid103,srqid461
glid103,srqid53
glid103,srqid719
glid103,srqid826
glid103,srqid874
glid103,srqid888
glid104,srqid276
glid104,srqid568
glid104,srqid719
glid105,srqid271
glid105,srqid389
glid105,srqid767
glid106,srqid892
glid106,srqid95
glid107,srqid171
glid107,srqid667
glid108,srqid215
glid108,srqid289
glid108,srqid492
glid108,srqid710
glid108,srqid750
glid108,srqid95
glid108,srqid976
glid108,srqid986
glid109,srqid183
glid109,srqid261
glid109,srqid299
glid109,srqid497
glid109,srqid518
glid109,srqid820
glid109,srqid872
glid109,srqid873
glid110,srqid121
glid110,srqid439
glid110,srqid601
glid111,srqid24
glid111,srqid441
glid112,srqid632
glid112,srqid882
glid112,srqid997
glid113,srqid293
glid113,srqid305
glid113,srqid448
glid113,srqid72
glid113,srqid87
glid114,srqid731
glid114,srqid827
glid115,srqid125
glid115,srqid210
glid115,srqid430
glid115,srqid493
glid115,srqid527
glid115,srqid581
glid115,srqid635
glid115,srqid844
glid115,srqid994
glid116,srqid12
glid116,srqid55
glid116,srqid63
glid116,srqid676
glid116,srqid685
glid116,srqid952
glid116,srqid953
glid116,srqid958
glid117,srqid220
glid117,srqid660
glid118,srqid196
glid118,srqid665
glid118,srqid921
glid119,srqid435
glid119,srqid560
glid119,srqid856
glid120,srqid150
glid120,srqid794
glid121,srqid220
glid121,srqid411
glid121,srqid45
glid122,srqid232
glid122,srqid365
glid122,srqid512
glid122,srqid653
glid122,srqid658
glid122,srqid854
glid123,srqid146
glid123,srqid559
glid124,srqid348
glid124,srqid509
glid125,srqid189
glid125,srqid450
glid126,srqid235
glid126,srqid271
glid126,srqid390
glid126,srqid464
glid126,srqid486
glid126,srqid631
glid126,srqid65
glid126,srqid852
glid127,srqid825
glid127,srqid963
glid127,srqid983
glid128,srqid679
glid128,srqid839
glid128,srqid990
glid129,srqid434
glid129,srqid530
glid129,srqid596
glid129,srqid773
glid130,srqid194
glid130,srqid223
glid130,srqid325
glid130,srqid460
glid130,srqid502
glid130,srqid528
glid130,srqid598
glid130,srqid618
glid130,srqid846
glid131,srqid70
glid131,srqid704
glid131,srqid968
glid132,srqid364
glid132,srqid647
glid133,srqid308
glid133,srqid658
glid133,srqid98
glid134,srqid165
glid134,srqid3
glid134,srqid401
glid134,srqid809
glid135,srqid224
glid135,srqid67
glid135,srqid86
glid136,srqid210
glid136,srqid322
glid136,srqid478
glid136,srqid493
glid136,srqid568
glid136,srqid876
glid137,srqid409
glid137,srqid857
glid138,srqid369
glid138,srqid379
glid138,srqid409
glid138,srqid514
glid138,srqid622
glid138,srqid676
glid138,srqid70
glid138,srqid803
glid138,srqid923
glid139,srqid138
glid139,srqid35
glid139,srqid389
glid139,srqid438
glid139,srqid590
glid139,srqid836
glid139,srqid999
glid140,srqid104
glid140,srqid549
glid140,srqid821
glid141,srqid481
glid141,srqid503
glid142,srqid113
glid142,srqid189
glid142,srqid924
glid143,srqid163
glid143,srqid190
glid143,srqid499
glid143,srqid551
glid144,srqid169
glid144,srqid790
glid144,srqid899
glid145,srqid278
glid145,srqid394
glid145,srqid493
glid145,srqid805
glid145,srqid94
glid146,srqid208
glid146,srqid984
glid146,srqid995
glid147,srqid10
glid147,srqid378
glid147,srqid409
glid147,srqid756
glid147,srqid774
glid147,srqid786
glid147,srqid828
glid147,srqid927
glid148,srqid471
glid148,srqid611
glid148,srqid675
glid148,srqid716
glid148,srqid739
glid148,srqid934
glid149,srqid21
glid149,srqid419
glid149,srqid987
glid150,srqid224
glid150,srqid411
glid150,srqid639
glid150,srqid962
glid151,srqid16
glid151,srqid173
glid151,srqid630
glid152,srqid133
glid152,srqid154
glid152,srqid201
glid152,srqid575
glid153,srqid466
glid153,srqid494
glid153,srqid688
glid153,srqid701
glid153,srqid953
glid153,srqid959
glid153,srqid979
glid154,srqid503
glid154,srqid88
glid155,srqid288
glid155,srqid544
glid156,srqid164
glid156,srqid631
glid157,srqid421
glid157,srqid433
glid157,srqid53
glid157,srqid722
glid157,srqid797
glid158,srqid53
glid158,srqid628
glid159,srqid100
glid159,srqid234
glid159,srqid370
glid159,srqid388
glid159,srqid422
glid159,srqid510
glid159,srqid609
glid159,srqid872
glid160,srqid536
glid160,srqid906
glid161,srqid408
glid161,srqid476
glid162,srqid286
glid162,srqid299
glid162,srqid396
glid162,srqid512
glid163,srqid103
glid163,srqid389
glid163,srqid545
glid164,srqid228
glid164,srqid268
glid164,srqid332
glid164,srqid662
glid164,srqid679
glid164,srqid855
glid165,srqid3
glid165,srqid357
glid165,srqid599
glid165,srqid648
glid166,srqid209
glid166,srqid378
glid166,srqid486
glid166,srqid614
glid166,srqid826
glid166,srqid96
glid166,srqid989
glid167,srqid11
glid167,srqid175
glid167,srqid425
glid167,srqid52
glid167,srqid769
glid167,srqid829
glid167,srqid845
glid168,srqid234
glid168,srqid296
glid168,srqid369
glid168,srqid713
glid168,srqid912
glid169,srqid498
glid169,srqid511
glid170,srqid269
glid170,srqid413
glid170,srqid601
glid171,srqid430
glid171,srqid888
glid171,srqid948
glid172,srqid185
glid172,srqid319
glid172,srqid352
glid172,srqid365
glid172,srqid404
glid172,srqid648
glid172,srqid886
glid172,srqid941
glid173,srqid195
glid173,srqid208
glid173,srqid211
glid173,srqid293
glid173,srqid312
glid173,srqid359
glid173,srqid694
glid173,srqid720
glid173,srqid859
glid174,srqid512
glid174,srqid875
glid175,srqid139
glid175,srqid271
glid175,srqid342
glid175,srqid523
glid175,srqid64
glid175,srqid898
glid176,srqid450
glid176,srqid869
glid176,srqid977
glid177,srqid186
glid177,srqid198
glid177,srqid372
glid177,srqid421
glid177,srqid501
glid177,srqid550
glid177,srqid943
glid178,srqid210
glid178,srqid481
glid178,srqid807
glid179,srqid796
glid179,srqid869
glid180,srqid135
glid180,srqid40
glid180,srqid464
glid180,srqid546
glid180,srqid840
glid181,srqid113
glid181,srqid141
glid181,srqid719
glid182,srqid112
glid182,srqid22
glid182,srqid226
glid182,srqid457
glid182,srqid749
glid182,srqid788
glid182,srqid816
glid182,srqid851
glid183,srqid242
glid183,srqid43
glid183,srqid538
glid183,srqid837
glid184,srqid175
glid184,srqid528
glid184,srqid826
glid185,srqid508
glid185,srqid816
glid186,srqid16
glid186,srqid24
glid186,srqid322
glid186,srqid351
glid186,srqid516
glid186,srqid582
glid186,srqid656
glid186,srqid989
glid187,srqid326
glid187,srqid36
glid187,srqid467
glid187,srqid522
glid187,srqid759
glid187,srqid873
glid188,srqid405
glid188,srqid792
glid189,srqid76
glid189,srqid886
glid190,srqid456
glid190,srqid593
glid191,srqid923
glid191,srqid996
glid192,srqid386
glid192,srqid900
glid193,srqid287
glid193,srqid574
glid193,srqid719
glid194,srqid199
glid194,srqid277
glid194,srqid417
glid194,srqid482
glid194,srqid573
glid194,srqid711
glid194,srqid86
glid194,srqid885
glid195,srqid246
glid195,srqid705
glid196,srqid11
glid196,srqid409
glid196,srqid421
glid196,srqid724
glid196,srqid815
glid197,srqid110
glid197,srqid139
glid197,srqid177
glid197,srqid27
glid197,srqid689
glid197,srqid924
glid197,srqid995
glid198,srqid143
glid198,srqid346
glid198,srqid757
glid198,srqid779
glid198,srqid835
glid198,srqid840
glid198,srqid899
glid198,srqid981
glid199,srqid300
glid199,srqid650
glid200,srqid644
glid200,srqid905
glid200,srqid956
glid201,srqid337
glid201,srqid393
glid201,srqid417
glid201,srqid510
glid201,srqid615
glid201,srqid878
glid201,srqid903
glid201,srqid952
glid201,srqid981
glid202,srqid296
glid202,srqid887
glid202,srqid930
glid203,srqid113
glid203,srqid556
glid203,srqid752
glid203,srqid927
glid204,srqid186
glid204,srqid346
glid204,srqid9
glid205,srqid373
glid205,srqid691
glid205,srqid738
glid206,srqid380
glid206,srqid778
glid207,srqid228
glid207,srqid669
glid207,srqid900
glid208,srqid295
glid208,srqid564
glid209,srqid1000
glid209,srqid781
glid209,srqid802
glid210,srqid29
glid210,srqid336
glid210,srqid45
glid210,srqid721
glid210,srqid774
glid210,srqid820
glid210,srqid846
glid210,srqid889
glid210,srqid929
glid211,srqid38
glid211,srqid622
glid211,srqid697
glid212,srqid107
glid212,srqid134
glid212,srqid194
glid212,srqid261
glid212,srqid386
glid212,srqid702
glid212,srqid777
glid212,srqid859
glid213,srqid437
glid213,srqid829
glid214,srqid276
glid214,srqid293
glid214,srqid444
glid215,srqid503
glid215,srqid625
glid215,srqid692
glid216,srqid543
glid216,srqid585
glid217,srqid398
glid217,srqid505
glid217,srqid651
glid218,srqid350
glid218,srqid628
glid218,srqid672
glid218,srqid938
glid219,srqid154
glid219,srqid218
glid219,srqid254
glid219,srqid838
glid220,srqid368
glid220,srqid569
glid220,srqid676
glid221,srqid73
glid221,srqid794
glid222,srqid10
glid222,srqid136
glid222,srqid737
glid222,srqid900
glid222,srqid994
glid223,srqid218
glid223,srqid223
glid223,srqid240
glid223,srqid351
glid224,srqid148
glid224,srqid220
glid225,srqid261
glid225,srqid633
glid225,srqid997
glid226,srqid680
glid226,srqid999
glid227,srqid101
glid227,srqid109
glid227,srqid115
glid228,srqid146
glid228,srqid463
glid229,srqid467
glid229,srqid475
glid229,srqid642
glid230,srqid107
glid230,srqid131
glid230,srqid133
glid230,srqid136
glid230,srqid162
glid230,srqid36
glid230,srqid442
glid230,srqid633
glid230,srqid805
glid231,srqid147
glid231,srqid259
glid231,srqid298
glid231,srqid828
glid231,srqid935
glid232,srqid301
glid232,srqid729
glid232,srqid740
glid232,srqid781
glid233,srqid143
glid233,srqid201
glid233,srqid216
glid233,srqid490
glid233,srqid559
glid233,srqid628
glid233,srqid657
glid233,srqid844
glid233,srqid87
glid234,srqid142
glid234,srqid578
glid234,srqid583
glid235,srqid511
glid235,srqid563
glid235,srqid632
glid236,srqid240
glid236,srqid891
glid237,srqid125
glid237,srqid155
glid237,srqid316
glid237,srqid510
glid237,srqid668
glid238,srqid177
glid238,srqid238
glid238,srqid43
glid238,srqid521
glid238,srqid642
glid238,srqid725
glid238,srqid74
glid238,srqid864
glid238,srqid949
glid239,srqid104
glid239,srqid183
glid239,srqid375
glid239,srqid455
glid239,srqid788
glid239,srqid90
glid240,srqid193
glid240,srqid219
glid240,srqid226
glid240,srqid267
glid240,srqid302
glid240,srqid476
glid240,srqid501
glid240,srqid744
glid240,srqid97
glid241,srqid189
glid241,srqid803
glid241,srqid975
glid242,srqid292
glid242,srqid818
glid243,srqid137
glid243,srqid291
glid244,srqid23
glid244,srqid480
glid245,srqid430
glid245,srqid772
glid246,srqid340
glid246,srqid528
glid246,srqid545
glid246,srqid683
glid247,srqid129
glid247,srqid177
glid247,srqid443
glid247,srqid481
glid247,srqid630
glid247,srqid806
glid247,srqid840
glid247,srqid843
glid248,srqid11
glid248,srqid280
glid249,srqid33
glid249,srqid845
glid250,srqid129
glid250,srqid158
glid250,srqid45
glid250,srqid62
glid250,srqid792
glid250,srqid888
glid250,srqid926
glid250,srqid955
glid251,srqid441
glid251,srqid682
glid251,srqid949
glid252,srqid806
glid252,srqid876
glid253,srqid197
glid253,srqid467
glid253,srqid523
glid253,srqid586
glid253,srqid82
glid253,srqid841
glid253,srqid867
glid254,srqid369
glid254,srqid430
glid255,srqid438
glid255,srqid574
glid255,srqid782
glid256,srqid144
glid256,srqid431
glid256,srqid657
glid257,srqid342
glid257,srqid428
glid257,srqid803
glid257,srqid864
glid258,srqid16
glid258,srqid557
glid258,srqid721
glid258,srqid898
glid259,srqid112
glid259,srqid371
glid259,srqid673
glid260,srqid252
glid260,srqid273
glid260,srqid547
glid260,srqid637
glid260,srqid669
glid260,srqid72
glid260,srqid843
glid260,srqid872
glid260,srqid957
glid261,srqid213
glid261,srqid488
glid261,srqid529
glid261,srqid569
glid261,srqid586
glid261,srqid681
glid261,srqid701
glid261,srqid77
glid262,srqid14
glid262,srqid347
glid262,srqid847
glid263,srqid274
glid263,srqid457
glid263,srqid561
glid263,srqid890
glid264,srqid35
glid264,srqid798
glid264,srqid903
glid265,srqid373
glid265,srqid572
glid266,srqid19
glid266,srqid211
glid266,srqid968
glid267,srqid809
glid267,srqid937
glid267,srqid953
glid268,srqid227
glid268,srqid285
glid268,srqid372
glid268,srqid631
glid268,srqid76
glid268,srqid931
glid268,srqid940
glid268,srqid987
glid269,srqid192
glid269,srqid206
glid269,srqid227
glid269,srqid290
glid269,srqid298
glid269,srqid683
glid269,srqid914
glid270,srqid15
glid270,srqid164
glid270,srqid229
glid270,srqid349
glid270,srqid418
glid270,srqid442
glid270,srqid447
glid270,srqid737
glid270,srqid905
glid271,srqid501
glid271,srqid658
glid271,srqid686
glid272,srqid224
glid272,srqid452
glid272,srqid633
glid272,srqid801
glid272,srqid893
glid273,srqid175
glid273,srqid35
glid273,srqid486
glid273,srqid56
glid273,srqid589
glid273,srqid68
glid273,srqid755
glid273,srqid981
glid274,srqid632
glid274,srqid654
glid275,srqid137
glid275,srqid265
glid275,srqid317
glid275,srqid52
glid275,srqid70
glid275,srqid741
glid275,srqid855
glid275,srqid857
glid275,srqid881
glid276,srqid215
glid276,srqid375
glid276,srqid511
glid276,srqid65
glid276,srqid718
glid276,srqid793
glid276,srqid805
glid276,srqid839
glid277,srqid463
glid277,srqid832
glid277,srqid859
glid278,srqid794
glid278,srqid987
glid279,srqid250
glid279,srqid883
glid280,srqid513
glid280,srqid692
glid280,srqid720
glid281,srqid600
glid281,srqid724
glid282,srqid183
glid282,srqid27
glid282,srqid38
glid282,srqid395
glid282,srqid446
glid282,srqid468
glid282,srqid481
glid282,srqid567
glid282,srqid774
glid283,srqid175
glid283,srqid48
glid283,srqid509
glid283,srqid573
glid283,srqid723
glid283,srqid929
glid283,srqid930
glid283,srqid937
glid284,srqid204
glid284,srqid242
glid284,srqid27
glid284,srqid315
glid284,srqid36
glid284,srqid582
glid284,srqid636
glid284,srqid728
glid284,srqid880
glid285,srqid540
glid285,srqid825
glid286,srqid26
glid286,srqid506
glid286,srqid528
glid287,srqid106
glid287,srqid192
glid287,srqid213
glid287,srqid387
glid287,srqid39
glid287,srqid544
glid287,srqid626
glid287,srqid833
glid287,srqid95
glid288,srqid220
glid288,srqid608
glid289,srqid23
glid289,srqid358
glid289,srqid987
glid290,srqid516
glid290,srqid873
glid291,srqid207
glid291,srqid222
glid291,srqid309
glid291,srqid392
glid291,srqid401
glid291,srqid475
glid291,srqid477
glid291,srqid778
glid291,srqid911
glid292,srqid454
glid292,srqid457
glid292,srqid694
glid292,srqid767
glid292,srqid780
glid292,srqid79
glid292,srqid869
glid292,srqid870
glid293,srqid521
glid293,srqid535
glid293,srqid748
glid293,srqid853
glid294,srqid283
glid294,srqid710
glid295,srqid523
glid295,srqid562
glid295,srqid815
glid296,srqid7
glid296,srqid780
glid297,srqid467
glid297,srqid651
glid298,srqid183
glid298,srqid193
glid298,srqid251
glid298,srqid267
glid298,srqid37
glid298,srqid567
glid298,srqid627
glid298,srqid633
glid298,srqid882
glid299,srqid15
glid299,srqid631
glid299,srqid685
glid299,srqid708
glid299,srqid758
glid300,srqid656
glid300,srqid661
glid300,srqid839
glid300,srqid89
glid300,srqid925
