hzdid,hzddesc
hzdid1,Regularly and thoroughly maintain equipment
hzdid2,Ensure that hazard correction procedures are in place
hzdid3,Ensure that everyone knows how to use and maintain personal protective equipment
hzdid4,Make sure that everyone understands and follows safe work procedures
hzdid5,"Ensure that, when needed, there is a medical program tailored to your facility to help prevent workplace hazards and exposures"
hzdid6,Regularly and thoroughly maintain equipment
hzdid7,Ensure that hazard correction procedures are in place
hzdid8,Ensure that everyone knows how to use and maintain personal protective equipment
hzdid9,Make sure that everyone understands and follows safe work procedures
hzdid10,"Ensure that, when needed, there is a medical program tailored to your facility to help prevent workplace hazards and exposures"
hzdid11,Regularly and thoroughly maintain equipment
hzdid12,Ensure that hazard correction procedures are in place
hzdid13,Ensure that everyone knows how to use and maintain personal protective equipment
hzdid14,Make sure that everyone understands and follows safe work procedures
hzdid15,"Ensure that, when needed, there is a medical program tailored to your facility to help prevent workplace hazards and exposures"
hzdid16,Regularly and thoroughly maintain equipment
hzdid17,Ensure that hazard correction procedures are in place
hzdid18,Ensure that everyone knows how to use and maintain personal protective equipment
hzdid19,Make sure that everyone understands and follows safe work procedures
hzdid20,"Ensure that, when needed, there is a medical program tailored to your facility to help prevent workplace hazards and exposures"
hzdid21,Regularly and thoroughly maintain equipment
hzdid22,Ensure that hazard correction procedures are in place
hzdid23,Ensure that everyone knows how to use and maintain personal protective equipment
hzdid24,Make sure that everyone understands and follows safe work procedures
hzdid25,"Ensure that, when needed, there is a medical program tailored to your facility to help prevent workplace hazards and exposures"
hzdid26,Regularly and thoroughly maintain equipment
hzdid27,Ensure that hazard correction procedures are in place
hzdid28,Ensure that everyone knows how to use and maintain personal protective equipment
hzdid29,Make sure that everyone understands and follows safe work procedures
hzdid30,"Ensure that, when needed, there is a medical program tailored to your facility to help prevent workplace hazards and exposures"
hzdid31,Regularly and thoroughly maintain equipment
hzdid32,Ensure that hazard correction procedures are in place
hzdid33,Ensure that everyone knows how to use and maintain personal protective equipment
hzdid34,Make sure that everyone understands and follows safe work procedures
hzdid35,"Ensure that, when needed, there is a medical program tailored to your facility to help prevent workplace hazards and exposures"
hzdid36,Regularly and thoroughly maintain equipment
hzdid37,Ensure that hazard correction procedures are in place
hzdid38,Ensure that everyone knows how to use and maintain personal protective equipment
hzdid39,Make sure that everyone understands and follows safe work procedures
hzdid40,"Ensure that, when needed, there is a medical program tailored to your facility to help prevent workplace hazards and exposures"
hzdid41,Regularly and thoroughly maintain equipment
hzdid42,Ensure that hazard correction procedures are in place
hzdid43,Ensure that everyone knows how to use and maintain personal protective equipment
hzdid44,Make sure that everyone understands and follows safe work procedures
hzdid45,"Ensure that, when needed, there is a medical program tailored to your facility to help prevent workplace hazards and exposures"
hzdid46,Regularly and thoroughly maintain equipment
hzdid47,Ensure that hazard correction procedures are in place
hzdid48,Ensure that everyone knows how to use and maintain personal protective equipment
hzdid49,Make sure that everyone understands and follows safe work procedures
hzdid50,"Ensure that, when needed, there is a medical program tailored to your facility to help prevent workplace hazards and exposures"
hzdid51,Regularly and thoroughly maintain equipment
hzdid52,Ensure that hazard correction procedures are in place
hzdid53,Ensure that everyone knows how to use and maintain personal protective equipment
hzdid54,Make sure that everyone understands and follows safe work procedures
hzdid55,"Ensure that, when needed, there is a medical program tailored to your facility to help prevent workplace hazards and exposures"
hzdid56,Regularly and thoroughly maintain equipment
hzdid57,Ensure that hazard correction procedures are in place
hzdid58,Ensure that everyone knows how to use and maintain personal protective equipment
hzdid59,Make sure that everyone understands and follows safe work procedures
hzdid60,"Ensure that, when needed, there is a medical program tailored to your facility to help prevent workplace hazards and exposures"
hzdid61,Regularly and thoroughly maintain equipment
hzdid62,Ensure that hazard correction procedures are in place
hzdid63,Ensure that everyone knows how to use and maintain personal protective equipment
hzdid64,Make sure that everyone understands and follows safe work procedures
hzdid65,"Ensure that, when needed, there is a medical program tailored to your facility to help prevent workplace hazards and exposures"
hzdid66,Regularly and thoroughly maintain equipment
hzdid67,Ensure that hazard correction procedures are in place
hzdid68,Ensure that everyone knows how to use and maintain personal protective equipment
hzdid69,Make sure that everyone understands and follows safe work procedures
hzdid70,"Ensure that, when needed, there is a medical program tailored to your facility to help prevent workplace hazards and exposures"
hzdid71,Regularly and thoroughly maintain equipment
hzdid72,Ensure that hazard correction procedures are in place
hzdid73,Ensure that everyone knows how to use and maintain personal protective equipment
hzdid74,Make sure that everyone understands and follows safe work procedures
hzdid75,"Ensure that, when needed, there is a medical program tailored to your facility to help prevent workplace hazards and exposures"
hzdid76,Regularly and thoroughly maintain equipment
hzdid77,Ensure that hazard correction procedures are in place
hzdid78,Ensure that everyone knows how to use and maintain personal protective equipment
hzdid79,Make sure that everyone understands and follows safe work procedures
hzdid80,"Ensure that, when needed, there is a medical program tailored to your facility to help prevent workplace hazards and exposures"
hzdid81,Regularly and thoroughly maintain equipment
hzdid82,Ensure that hazard correction procedures are in place
hzdid83,Ensure that everyone knows how to use and maintain personal protective equipment
hzdid84,Make sure that everyone understands and follows safe work procedures
hzdid85,"Ensure that, when needed, there is a medical program tailored to your facility to help prevent workplace hazards and exposures"
hzdid86,Regularly and thoroughly maintain equipment
hzdid87,Ensure that hazard correction procedures are in place
hzdid88,Ensure that everyone knows how to use and maintain personal protective equipment
hzdid89,Make sure that everyone understands and follows safe work procedures
hzdid90,"Ensure that, when needed, there is a medical program tailored to your facility to help prevent workplace hazards and exposures"
hzdid91,Regularly and thoroughly maintain equipment
hzdid92,Ensure that hazard correction procedures are in place
hzdid93,Ensure that everyone knows how to use and maintain personal protective equipment
hzdid94,Make sure that everyone understands and follows safe work procedures
hzdid95,"Ensure that, when needed, there is a medical program tailored to your facility to help prevent workplace hazards and exposures"
hzdid96,Regularly and thoroughly maintain equipment
hzdid97,Ensure that hazard correction procedures are in place
hzdid98,Ensure that everyone knows how to use and maintain personal protective equipment
hzdid99,Make sure that everyone understands and follows safe work procedures
hzdid100,"Ensure that, when needed, there is a medical program tailored to your facility to help prevent workplace hazards and exposures"
hzdid101,Regularly and thoroughly maintain equipment
hzdid102,Ensure that hazard correction procedures are in place
hzdid103,Ensure that everyone knows how to use and maintain personal protective equipment
hzdid104,Make sure that everyone understands and follows safe work procedures
hzdid105,"Ensure that, when needed, there is a medical program tailored to your facility to help prevent workplace hazards and exposures"
hzdid106,Regularly and thoroughly maintain equipment
hzdid107,Ensure that hazard correction procedures are in place
hzdid108,Ensure that everyone knows how to use and maintain personal protective equipment
hzdid109,Make sure that everyone understands and follows safe work procedures
hzdid110,"Ensure that, when needed, there is a medical program tailored to your facility to help prevent workplace hazards and exposures"
hzdid111,Regularly and thoroughly maintain equipment
hzdid112,Ensure that hazard correction procedures are in place
hzdid113,Ensure that everyone knows how to use and maintain personal protective equipment
hzdid114,Make sure that everyone understands and follows safe work procedures
hzdid115,"Ensure that, when needed, there is a medical program tailored to your facility to help prevent workplace hazards and exposures"
hzdid116,Regularly and thoroughly maintain equipment
hzdid117,Ensure that hazard correction procedures are in place
hzdid118,Ensure that everyone knows how to use and maintain personal protective equipment
hzdid119,Make sure that everyone understands and follows safe work procedures
hzdid120,"Ensure that, when needed, there is a medical program tailored to your facility to help prevent workplace hazards and exposures"
hzdid121,Regularly and thoroughly maintain equipment
hzdid122,Ensure that hazard correction procedures are in place
hzdid123,Ensure that everyone knows how to use and maintain personal protective equipment
hzdid124,Make sure that everyone understands and follows safe work procedures
hzdid125,"Ensure that, when needed, there is a medical program tailored to your facility to help prevent workplace hazards and exposures"
hzdid126,Regularly and thoroughly maintain equipment
hzdid127,Ensure that hazard correction procedures are in place
hzdid128,Ensure that everyone knows how to use and maintain personal protective equipment
hzdid129,Make sure that everyone understands and follows safe work procedures
hzdid130,"Ensure that, when needed, there is a medical program tailored to your facility to help prevent workplace hazards and exposures"
hzdid131,Regularly and thoroughly maintain equipment
hzdid132,Ensure that hazard correction procedures are in place
hzdid133,Ensure that everyone knows how to use and maintain personal protective equipment
hzdid134,Make sure that everyone understands and follows safe work procedures
hzdid135,"Ensure that, when needed, there is a medical program tailored to your facility to help prevent workplace hazards and exposures"
hzdid136,Regularly and thoroughly maintain equipment
hzdid137,Ensure that hazard correction procedures are in place
hzdid138,Ensure that everyone knows how to use and maintain personal protective equipment
hzdid139,Make sure that everyone understands and follows safe work procedures
hzdid140,"Ensure that, when needed, there is a medical program tailored to your facility to help prevent workplace hazards and exposures"
hzdid141,Regularly and thoroughly maintain equipment
hzdid142,Ensure that hazard correction procedures are in place
hzdid143,Ensure that everyone knows how to use and maintain personal protective equipment
hzdid144,Make sure that everyone understands and follows safe work procedures
hzdid145,"Ensure that, when needed, there is a medical program tailored to your facility to help prevent workplace hazards and exposures"
hzdid146,Regularly and thoroughly maintain equipment
hzdid147,Ensure that hazard correction procedures are in place
hzdid148,Ensure that everyone knows how to use and maintain personal protective equipment
hzdid149,Make sure that everyone understands and follows safe work procedures
hzdid150,"Ensure that, when needed, there is a medical program tailored to your facility to help prevent workplace hazards and exposures"
hzdid151,Regularly and thoroughly maintain equipment
hzdid152,Ensure that hazard correction procedures are in place
hzdid153,Ensure that everyone knows how to use and maintain personal protective equipment
hzdid154,Make sure that everyone understands and follows safe work procedures
hzdid155,"Ensure that, when needed, there is a medical program tailored to your facility to help prevent workplace hazards and exposures"
hzdid156,Regularly and thoroughly maintain equipment
hzdid157,Ensure that hazard correction procedures are in place
hzdid158,Ensure that everyone knows how to use and maintain personal protective equipment
hzdid159,Make sure that everyone understands and follows safe work procedures
hzdid160,"Ensure that, when needed, there is a medical program tailored to your facility to help prevent workplace hazards and exposures"
hzdid161,Regularly and thoroughly maintain equipment
hzdid162,Ensure that hazard correction procedures are in place
hzdid163,Ensure that everyone knows how to use and maintain personal protective equipment
hzdid164,Make sure that everyone understands and follows safe work procedures
hzdid165,"Ensure that, when needed, there is a medical program tailored to your facility to help prevent workplace hazards and exposures"
hzdid166,Regularly and thoroughly maintain equipment
hzdid167,Ensure that hazard correction procedures are in place
hzdid168,Ensure that everyone knows how to use and maintain personal protective equipment
hzdid169,Make sure that everyone understands and follows safe work procedures
hzdid170,"Ensure that, when needed, there is a medical program tailored to your facility to help prevent workplace hazards and exposures"
hzdid171,Regularly and thoroughly maintain equipment
hzdid172,Ensure that hazard correction procedures are in place
hzdid173,Ensure that everyone knows how to use and maintain personal protective equipment
hzdid174,Make sure that everyone understands and follows safe work procedures
hzdid175,"Ensure that, when needed, there is a medical program tailored to your facility to help prevent workplace hazards and exposures"
hzdid176,Regularly and thoroughly maintain equipment
hzdid177,Ensure that hazard correction procedures are in place
hzdid178,Ensure that everyone knows how to use and maintain personal protective equipment
hzdid179,Make sure that everyone understands and follows safe work procedures
hzdid180,"Ensure that, when needed, there is a medical program tailored to your facility to help prevent workplace hazards and exposures"
hzdid181,Regularly and thoroughly maintain equipment
hzdid182,Ensure that hazard correction procedures are in place
hzdid183,Ensure that everyone knows how to use and maintain personal protective equipment
hzdid184,Make sure that everyone understands and follows safe work procedures
hzdid185,"Ensure that, when needed, there is a medical program tailored to your facility to help prevent workplace hazards and exposures"
hzdid186,Regularly and thoroughly maintain equipment
hzdid187,Ensure that hazard correction procedures are in place
hzdid188,Ensure that everyone knows how to use and maintain personal protective equipment
hzdid189,Make sure that everyone understands and follows safe work procedures
hzdid190,"Ensure that, when needed, there is a medical program tailored to your facility to help prevent workplace hazards and exposures"
hzdid191,Regularly and thoroughly maintain equipment
hzdid192,Ensure that hazard correction procedures are in place
hzdid193,Ensure that everyone knows how to use and maintain personal protective equipment
hzdid194,Make sure that everyone understands and follows safe work procedures
hzdid195,"Ensure that, when needed, there is a medical program tailored to your facility to help prevent workplace hazards and exposures"
hzdid196,Regularly and thoroughly maintain equipment
hzdid197,Ensure that hazard correction procedures are in place
hzdid198,Ensure that everyone knows how to use and maintain personal protective equipment
hzdid199,Make sure that everyone understands and follows safe work procedures
hzdid200,"Ensure that, when needed, there is a medical program tailored to your facility to help prevent workplace hazards and exposures"
hzdid201,Regularly and thoroughly maintain equipment
hzdid202,Ensure that hazard correction procedures are in place
hzdid203,Ensure that everyone knows how to use and maintain personal protective equipment
hzdid204,Make sure that everyone understands and follows safe work procedures
hzdid205,"Ensure that, when needed, there is a medical program tailored to your facility to help prevent workplace hazards and exposures"
hzdid206,Regularly and thoroughly maintain equipment
hzdid207,Ensure that hazard correction procedures are in place
hzdid208,Ensure that everyone knows how to use and maintain personal protective equipment
hzdid209,Make sure that everyone understands and follows safe work procedures
hzdid210,"Ensure that, when needed, there is a medical program tailored to your facility to help prevent workplace hazards and exposures"
hzdid211,Regularly and thoroughly maintain equipment
hzdid212,Ensure that hazard correction procedures are in place
hzdid213,Ensure that everyone knows how to use and maintain personal protective equipment
hzdid214,Make sure that everyone understands and follows safe work procedures
hzdid215,"Ensure that, when needed, there is a medical program tailored to your facility to help prevent workplace hazards and exposures"
hzdid216,Regularly and thoroughly maintain equipment
hzdid217,Ensure that hazard correction procedures are in place
hzdid218,Ensure that everyone knows how to use and maintain personal protective equipment
hzdid219,Make sure that everyone understands and follows safe work procedures
hzdid220,"Ensure that, when needed, there is a medical program tailored to your facility to help prevent workplace hazards and exposures"
hzdid221,Regularly and thoroughly maintain equipment
hzdid222,Ensure that hazard correction procedures are in place
hzdid223,Ensure that everyone knows how to use and maintain personal protective equipment
hzdid224,Make sure that everyone understands and follows safe work procedures
hzdid225,"Ensure that, when needed, there is a medical program tailored to your facility to help prevent workplace hazards and exposures"
hzdid226,Regularly and thoroughly maintain equipment
hzdid227,Ensure that hazard correction procedures are in place
hzdid228,Ensure that everyone knows how to use and maintain personal protective equipment
hzdid229,Make sure that everyone understands and follows safe work procedures
hzdid230,"Ensure that, when needed, there is a medical program tailored to your facility to help prevent workplace hazards and exposures"
hzdid231,Regularly and thoroughly maintain equipment
hzdid232,Ensure that hazard correction procedures are in place
hzdid233,Ensure that everyone knows how to use and maintain personal protective equipment
hzdid234,Make sure that everyone understands and follows safe work procedures
hzdid235,"Ensure that, when needed, there is a medical program tailored to your facility to help prevent workplace hazards and exposures"
hzdid236,Regularly and thoroughly maintain equipment
hzdid237,Ensure that hazard correction procedures are in place
hzdid238,Ensure that everyone knows how to use and maintain personal protective equipment
hzdid239,Make sure that everyone understands and follows safe work procedures
hzdid240,"Ensure that, when needed, there is a medical program tailored to your facility to help prevent workplace hazards and exposures"
hzdid241,Regularly and thoroughly maintain equipment
hzdid242,Ensure that hazard correction procedures are in place
hzdid243,Ensure that everyone knows how to use and maintain personal protective equipment
hzdid244,Make sure that everyone understands and follows safe work procedures
hzdid245,"Ensure that, when needed, there is a medical program tailored to your facility to help prevent workplace hazards and exposures"
hzdid246,Regularly and thoroughly maintain equipment
hzdid247,Ensure that hazard correction procedures are in place
hzdid248,Ensure that everyone knows how to use and maintain personal protective equipment
hzdid249,Make sure that everyone understands and follows safe work procedures
hzdid250,"Ensure that, when needed, there is a medical program tailored to your facility to help prevent workplace hazards and exposures"
hzdid251,Regularly and thoroughly maintain equipment
hzdid252,Ensure that hazard correction procedures are in place
hzdid253,Ensure that everyone knows how to use and maintain personal protective equipment
hzdid254,Make sure that everyone understands and follows safe work procedures
hzdid255,"Ensure that, when needed, there is a medical program tailored to your facility to help prevent workplace hazards and exposures"
hzdid256,Regularly and thoroughly maintain equipment
hzdid257,Ensure that hazard correction procedures are in place
hzdid258,Ensure that everyone knows how to use and maintain personal protective equipment
hzdid259,Make sure that everyone understands and follows safe work procedures
hzdid260,"Ensure that, when needed, there is a medical program tailored to your facility to help prevent workplace hazards and exposures"
hzdid261,Regularly and thoroughly maintain equipment
hzdid262,Ensure that hazard correction procedures are in place
hzdid263,Ensure that everyone knows how to use and maintain personal protective equipment
hzdid264,Make sure that everyone understands and follows safe work procedures
hzdid265,"Ensure that, when needed, there is a medical program tailored to your facility to help prevent workplace hazards and exposures"
hzdid266,Regularly and thoroughly maintain equipment
hzdid267,Ensure that hazard correction procedures are in place
hzdid268,Ensure that everyone knows how to use and maintain personal protective equipment
hzdid269,Make sure that everyone understands and follows safe work procedures
hzdid270,"Ensure that, when needed, there is a medical program tailored to your facility to help prevent workplace hazards and exposures"
hzdid271,Regularly and thoroughly maintain equipment
hzdid272,Ensure that hazard correction procedures are in place
hzdid273,Ensure that everyone knows how to use and maintain personal protective equipment
hzdid274,Make sure that everyone understands and follows safe work procedures
hzdid275,"Ensure that, when needed, there is a medical program tailored to your facility to help prevent workplace hazards and exposures"
hzdid276,Regularly and thoroughly maintain equipment
hzdid277,Ensure that hazard correction procedures are in place
hzdid278,Ensure that everyone knows how to use and maintain personal protective equipment
hzdid279,Make sure that everyone understands and follows safe work procedures
hzdid280,"Ensure that, when needed, there is a medical program tailored to your facility to help prevent workplace hazards and exposures"
hzdid281,Regularly and thoroughly maintain equipment
hzdid282,Ensure that hazard correction procedures are in place
hzdid283,Ensure that everyone knows how to use and maintain personal protective equipment
hzdid284,Make sure that everyone understands and follows safe work procedures
hzdid285,"Ensure that, when needed, there is a medical program tailored to your facility to help prevent workplace hazards and exposures"
hzdid286,Regularly and thoroughly maintain equipment
hzdid287,Ensure that hazard correction procedures are in place
hzdid288,Ensure that everyone knows how to use and maintain personal protective equipment
hzdid289,Make sure that everyone understands and follows safe work procedures
hzdid290,"Ensure that, when needed, there is a medical program tailored to your facility to help prevent workplace hazards and exposures"
hzdid291,Regularly and thoroughly maintain equipment
hzdid292,Ensure that hazard correction procedures are in place
hzdid293,Ensure that everyone knows how to use and maintain personal protective equipment
hzdid294,Make sure that everyone understands and follows safe work procedures
hzdid295,"Ensure that, when needed, there is a medical program tailored to your facility to help prevent workplace hazards and exposures"
hzdid296,Regularly and thoroughly maintain equipment
hzdid297,Ensure that hazard correction procedures are in place
hzdid298,Ensure that everyone knows how to use and maintain personal protective equipment
hzdid299,Make sure that everyone understands and follows safe work procedures
hzdid300,"Ensure that, when needed, there is a medical program tailored to your facility to help prevent workplace hazards and exposures"
