hzdid,fltid
hzdid1,fltid379
hzdid1,fltid459
hzdid1,fltid51
hzdid2,fltid106
hzdid3,fltid353
hzdid4,fltid154
hzdid4,fltid217
hzdid4,fltid429
hzdid4,fltid79
hzdid5,fltid487
hzdid5,fltid97
hzdid6,fltid145
hzdid6,fltid217
hzdid6,fltid226
hzdid6,fltid338
hzdid6,fltid378
hzdid6,fltid78
hzdid6,fltid82
hzdid7,fltid123
hzdid7,fltid300
hzdid7,fltid31
hzdid7,fltid321
hzdid8,fltid386
hzdid9,fltid337
hzdid10,fltid167
hzdid10,fltid22
hzdid10,fltid261
hzdid10,fltid486
hzdid11,fltid117
hzdid11,fltid2
hzdid11,fltid398
hzdid12,fltid210
hzdid12,fltid215
hzdid12,fltid298
hzdid13,fltid4
hzdid13,fltid419
hzdid13,fltid55
hzdid14,fltid387
hzdid15,fltid307
hzdid15,fltid417
hzdid15,fltid495
hzdid16,fltid120
hzdid16,fltid218
hzdid16,fltid263
hzdid16,fltid432
hzdid16,fltid81
hzdid16,fltid90
hzdid17,fltid282
hzdid18,fltid106
hzdid18,fltid477
hzdid18,fltid96
hzdid19,fltid225
hzdid19,fltid246
hzdid20,fltid130
hzdid20,fltid388
hzdid20,fltid91
hzdid21,fltid203
hzdid21,fltid332
hzdid22,fltid176
hzdid22,fltid60
hzdid23,fltid157
hzdid23,fltid201
hzdid23,fltid239
hzdid23,fltid320
hzdid23,fltid326
hzdid23,fltid346
hzdid23,fltid449
hzdid23,fltid489
hzdid23,fltid80
hzdid24,fltid162
hzdid24,fltid165
hzdid24,fltid243
hzdid24,fltid480
hzdid24,fltid69
hzdid25,fltid322
hzdid25,fltid470
hzdid26,fltid109
hzdid26,fltid17
hzdid26,fltid218
hzdid26,fltid35
hzdid26,fltid435
hzdid26,fltid442
hzdid26,fltid491
hzdid27,fltid193
hzdid27,fltid229
hzdid27,fltid283
hzdid27,fltid284
hzdid27,fltid349
hzdid27,fltid369
hzdid27,fltid452
hzdid27,fltid491
hzdid27,fltid60
hzdid28,fltid328
hzdid28,fltid420
hzdid28,fltid74
hzdid29,fltid80
hzdid30,fltid126
hzdid30,fltid244
hzdid30,fltid370
hzdid31,fltid248
hzdid31,fltid43
hzdid32,fltid446
hzdid33,fltid29
hzdid33,fltid83
hzdid34,fltid25
hzdid34,fltid407
hzdid35,fltid17
hzdid35,fltid29
hzdid35,fltid498
hzdid35,fltid76
hzdid35,fltid79
hzdid36,fltid254
hzdid36,fltid350
hzdid36,fltid462
hzdid37,fltid146
hzdid37,fltid78
hzdid38,fltid136
hzdid38,fltid14
hzdid38,fltid202
hzdid38,fltid34
hzdid38,fltid356
hzdid38,fltid390
hzdid38,fltid464
hzdid38,fltid498
hzdid38,fltid87
hzdid39,fltid145
hzdid39,fltid264
hzdid39,fltid364
hzdid40,fltid356
hzdid41,fltid395
hzdid41,fltid78
hzdid42,fltid39
hzdid43,fltid329
hzdid43,fltid449
hzdid44,fltid195
hzdid44,fltid209
hzdid44,fltid219
hzdid44,fltid233
hzdid44,fltid376
hzdid44,fltid415
hzdid45,fltid358
hzdid45,fltid53
hzdid45,fltid97
hzdid46,fltid395
hzdid47,fltid137
hzdid47,fltid307
hzdid47,fltid382
hzdid48,fltid30
hzdid48,fltid371
hzdid48,fltid49
hzdid49,fltid411
hzdid50,fltid180
hzdid50,fltid211
hzdid50,fltid493
hzdid50,fltid5
hzdid50,fltid67
hzdid50,fltid97
hzdid51,fltid205
hzdid52,fltid106
hzdid52,fltid155
hzdid52,fltid209
hzdid53,fltid174
hzdid53,fltid300
hzdid53,fltid410
hzdid53,fltid452
hzdid54,fltid404
hzdid55,fltid156
hzdid55,fltid214
hzdid55,fltid221
hzdid55,fltid382
hzdid56,fltid192
hzdid56,fltid240
hzdid57,fltid400
hzdid58,fltid273
hzdid58,fltid349
hzdid58,fltid396
hzdid58,fltid454
hzdid58,fltid83
hzdid58,fltid87
hzdid59,fltid110
hzdid59,fltid227
hzdid60,fltid192
hzdid60,fltid265
hzdid60,fltid297
hzdid60,fltid309
hzdid60,fltid326
hzdid60,fltid353
hzdid60,fltid397
hzdid60,fltid466
hzdid60,fltid87
hzdid61,fltid134
hzdid61,fltid440
hzdid61,fltid84
hzdid62,fltid247
hzdid63,fltid144
hzdid63,fltid170
hzdid63,fltid177
hzdid63,fltid219
hzdid63,fltid221
hzdid63,fltid291
hzdid63,fltid447
hzdid63,fltid460
hzdid63,fltid55
hzdid64,fltid464
hzdid65,fltid31
hzdid65,fltid454
hzdid66,fltid120
hzdid66,fltid145
hzdid66,fltid262
hzdid67,fltid349
hzdid68,fltid123
hzdid68,fltid132
hzdid68,fltid147
hzdid68,fltid215
hzdid68,fltid24
hzdid68,fltid358
hzdid68,fltid380
hzdid68,fltid462
hzdid69,fltid416
hzdid69,fltid9
hzdid70,fltid272
hzdid71,fltid285
hzdid71,fltid59
hzdid71,fltid87
hzdid72,fltid424
hzdid73,fltid284
hzdid74,fltid318
hzdid74,fltid377
hzdid74,fltid50
hzdid75,fltid375
hzdid75,fltid450
hzdid75,fltid83
hzdid76,fltid198
hzdid76,fltid406
hzdid76,fltid426
hzdid77,fltid257
hzdid78,fltid253
hzdid79,fltid257
hzdid79,fltid494
hzdid80,fltid155
hzdid80,fltid163
hzdid80,fltid59
hzdid81,fltid121
hzdid81,fltid162
hzdid81,fltid163
hzdid81,fltid330
hzdid81,fltid422
hzdid81,fltid479
hzdid81,fltid497
hzdid81,fltid62
hzdid82,fltid207
hzdid82,fltid223
hzdid83,fltid174
hzdid84,fltid150
hzdid84,fltid350
hzdid85,fltid360
hzdid85,fltid40
hzdid85,fltid482
hzdid86,fltid318
hzdid87,fltid233
hzdid88,fltid196
hzdid88,fltid210
hzdid88,fltid349
hzdid88,fltid35
hzdid88,fltid370
hzdid88,fltid407
hzdid88,fltid439
hzdid88,fltid474
hzdid88,fltid54
hzdid89,fltid133
hzdid89,fltid458
hzdid89,fltid466
hzdid90,fltid139
hzdid90,fltid179
hzdid90,fltid301
hzdid90,fltid382
hzdid90,fltid389
hzdid90,fltid414
hzdid90,fltid88
hzdid91,fltid284
hzdid91,fltid427
hzdid91,fltid452
hzdid91,fltid8
hzdid92,fltid151
hzdid92,fltid300
hzdid92,fltid399
hzdid93,fltid300
hzdid94,fltid143
hzdid94,fltid332
hzdid94,fltid61
hzdid95,fltid347
hzdid95,fltid497
hzdid95,fltid83
hzdid96,fltid120
hzdid97,fltid264
hzdid97,fltid30
hzdid97,fltid317
hzdid97,fltid416
hzdid97,fltid47
hzdid98,fltid270
hzdid98,fltid385
hzdid99,fltid219
hzdid99,fltid252
hzdid99,fltid73
hzdid100,fltid116
hzdid100,fltid180
hzdid100,fltid183
hzdid100,fltid261
hzdid100,fltid422
hzdid100,fltid426
hzdid100,fltid63
hzdid100,fltid89
hzdid101,fltid273
hzdid101,fltid304
hzdid101,fltid311
hzdid101,fltid335
hzdid101,fltid337
hzdid101,fltid55
hzdid101,fltid58
hzdid102,fltid345
hzdid102,fltid486
hzdid103,fltid391
hzdid104,fltid193
hzdid105,fltid220
hzdid105,fltid262
hzdid105,fltid498
hzdid106,fltid146
hzdid106,fltid158
hzdid106,fltid179
hzdid106,fltid308
hzdid106,fltid321
hzdid106,fltid340
hzdid106,fltid350
hzdid106,fltid431
hzdid107,fltid106
hzdid107,fltid223
hzdid107,fltid377
hzdid108,fltid299
hzdid108,fltid453
hzdid109,fltid128
hzdid109,fltid76
hzdid110,fltid13
hzdid110,fltid145
hzdid110,fltid161
hzdid110,fltid168
hzdid110,fltid317
hzdid110,fltid336
hzdid110,fltid60
hzdid111,fltid181
hzdid111,fltid326
hzdid111,fltid34
hzdid111,fltid402
hzdid111,fltid459
hzdid111,fltid460
hzdid111,fltid487
hzdid112,fltid149
hzdid112,fltid224
hzdid112,fltid235
hzdid112,fltid281
hzdid113,fltid226
hzdid113,fltid284
hzdid113,fltid306
hzdid113,fltid307
hzdid113,fltid370
hzdid113,fltid53
hzdid113,fltid64
hzdid114,fltid419
hzdid114,fltid432
hzdid114,fltid60
hzdid115,fltid21
hzdid116,fltid102
hzdid116,fltid75
hzdid117,fltid155
hzdid117,fltid228
hzdid117,fltid23
hzdid117,fltid356
hzdid117,fltid460
hzdid118,fltid199
hzdid118,fltid352
hzdid118,fltid444
hzdid119,fltid287
hzdid119,fltid333
hzdid120,fltid118
hzdid120,fltid146
hzdid120,fltid477
hzdid121,fltid107
hzdid121,fltid114
hzdid121,fltid345
hzdid122,fltid259
hzdid123,fltid147
hzdid123,fltid203
hzdid123,fltid294
hzdid123,fltid64
hzdid124,fltid152
hzdid124,fltid42
hzdid124,fltid63
hzdid125,fltid206
hzdid125,fltid424
hzdid126,fltid44
hzdid127,fltid490
hzdid128,fltid37
hzdid129,fltid261
hzdid129,fltid311
hzdid130,fltid405
hzdid131,fltid186
hzdid131,fltid246
hzdid131,fltid356
hzdid132,fltid248
hzdid132,fltid333
hzdid132,fltid495
hzdid133,fltid104
hzdid133,fltid158
hzdid133,fltid248
hzdid133,fltid374
hzdid133,fltid499
hzdid133,fltid56
hzdid134,fltid16
hzdid134,fltid281
hzdid134,fltid401
hzdid135,fltid124
hzdid135,fltid364
hzdid136,fltid312
hzdid136,fltid344
hzdid137,fltid160
hzdid137,fltid207
hzdid137,fltid65
hzdid138,fltid254
hzdid138,fltid348
hzdid138,fltid87
hzdid139,fltid378
hzdid140,fltid196
hzdid140,fltid23
hzdid140,fltid296
hzdid140,fltid350
hzdid140,fltid364
hzdid140,fltid39
hzdid140,fltid390
hzdid140,fltid422
hzdid140,fltid75
hzdid141,fltid279
hzdid141,fltid450
hzdid141,fltid454
hzdid142,fltid168
hzdid142,fltid342
hzdid142,fltid463
hzdid143,fltid306
hzdid143,fltid471
hzdid144,fltid209
hzdid144,fltid307
hzdid144,fltid311
hzdid144,fltid367
hzdid144,fltid379
hzdid144,fltid399
hzdid144,fltid468
hzdid145,fltid25
hzdid145,fltid363
hzdid146,fltid138
hzdid146,fltid227
hzdid146,fltid471
hzdid147,fltid2
hzdid147,fltid221
hzdid147,fltid477
hzdid148,fltid138
hzdid148,fltid244
hzdid148,fltid318
hzdid148,fltid491
hzdid148,fltid95
hzdid149,fltid1
hzdid149,fltid100
hzdid149,fltid271
hzdid149,fltid391
hzdid149,fltid40
hzdid149,fltid423
hzdid149,fltid457
hzdid149,fltid487
hzdid150,fltid32
hzdid150,fltid421
hzdid150,fltid76
hzdid151,fltid398
hzdid151,fltid43
hzdid152,fltid12
hzdid152,fltid174
hzdid152,fltid310
hzdid153,fltid103
hzdid154,fltid150
hzdid154,fltid169
hzdid154,fltid299
hzdid154,fltid32
hzdid154,fltid39
hzdid154,fltid469
hzdid154,fltid475
hzdid155,fltid356
hzdid155,fltid495
hzdid156,fltid214
hzdid156,fltid276
hzdid156,fltid305
hzdid157,fltid243
hzdid157,fltid95
hzdid157,fltid99
hzdid158,fltid213
hzdid159,fltid239
hzdid159,fltid471
hzdid160,fltid428
hzdid161,fltid165
hzdid161,fltid307
hzdid161,fltid319
hzdid162,fltid485
hzdid163,fltid240
hzdid163,fltid408
hzdid163,fltid482
hzdid164,fltid157
hzdid164,fltid20
hzdid165,fltid268
hzdid165,fltid490
hzdid166,fltid14
hzdid166,fltid199
hzdid166,fltid205
hzdid166,fltid235
hzdid166,fltid271
hzdid166,fltid30
hzdid166,fltid344
hzdid167,fltid160
hzdid168,fltid144
hzdid168,fltid444
hzdid168,fltid496
hzdid168,fltid7
hzdid169,fltid143
hzdid169,fltid466
hzdid170,fltid50
hzdid171,fltid142
hzdid171,fltid17
hzdid171,fltid31
hzdid171,fltid393
hzdid171,fltid425
hzdid172,fltid130
hzdid172,fltid254
hzdid172,fltid276
hzdid173,fltid335
hzdid174,fltid369
hzdid175,fltid192
hzdid176,fltid154
hzdid177,fltid23
hzdid177,fltid269
hzdid178,fltid296
hzdid178,fltid427
hzdid179,fltid467
hzdid179,fltid500
hzdid180,fltid228
hzdid181,fltid172
hzdid181,fltid239
hzdid182,fltid105
hzdid182,fltid223
hzdid182,fltid405
hzdid183,fltid428
hzdid184,fltid127
hzdid184,fltid182
hzdid185,fltid95
hzdid186,fltid144
hzdid186,fltid15
hzdid186,fltid226
hzdid187,fltid149
hzdid187,fltid182
hzdid187,fltid204
hzdid187,fltid320
hzdid187,fltid323
hzdid187,fltid339
hzdid187,fltid410
hzdid187,fltid456
hzdid187,fltid5
hzdid188,fltid127
hzdid188,fltid212
hzdid188,fltid476
hzdid189,fltid315
hzdid189,fltid372
hzdid189,fltid376
hzdid189,fltid434
hzdid189,fltid59
hzdid190,fltid107
hzdid190,fltid404
hzdid190,fltid411
hzdid191,fltid500
hzdid192,fltid258
hzdid193,fltid137
hzdid193,fltid175
hzdid194,fltid99
hzdid195,fltid16
hzdid195,fltid267
hzdid195,fltid333
hzdid195,fltid353
hzdid196,fltid138
hzdid196,fltid238
hzdid196,fltid35
hzdid196,fltid81
hzdid197,fltid196
hzdid197,fltid43
hzdid197,fltid455
hzdid198,fltid113
hzdid198,fltid333
hzdid198,fltid97
hzdid199,fltid100
hzdid199,fltid312
hzdid199,fltid354
hzdid200,fltid124
hzdid201,fltid215
hzdid201,fltid390
hzdid201,fltid50
hzdid202,fltid133
hzdid202,fltid219
hzdid202,fltid319
hzdid202,fltid343
hzdid202,fltid352
hzdid203,fltid485
hzdid204,fltid165
hzdid204,fltid187
hzdid204,fltid196
hzdid204,fltid465
hzdid205,fltid242
hzdid206,fltid369
hzdid206,fltid7
hzdid207,fltid168
hzdid207,fltid274
hzdid208,fltid104
hzdid208,fltid179
hzdid208,fltid222
hzdid208,fltid263
hzdid208,fltid268
hzdid208,fltid418
hzdid208,fltid56
hzdid208,fltid64
hzdid208,fltid69
hzdid209,fltid248
hzdid209,fltid272
hzdid209,fltid280
hzdid209,fltid286
hzdid209,fltid419
hzdid210,fltid394
hzdid210,fltid486
hzdid211,fltid117
hzdid211,fltid322
hzdid211,fltid478
hzdid211,fltid77
hzdid212,fltid110
hzdid212,fltid193
hzdid212,fltid254
hzdid212,fltid272
hzdid212,fltid328
hzdid212,fltid416
hzdid212,fltid488
hzdid212,fltid499
hzdid213,fltid12
hzdid213,fltid26
hzdid214,fltid311
hzdid215,fltid375
hzdid216,fltid139
hzdid216,fltid427
hzdid217,fltid11
hzdid217,fltid134
hzdid217,fltid207
hzdid217,fltid30
hzdid217,fltid32
hzdid217,fltid321
hzdid217,fltid456
hzdid217,fltid461
hzdid218,fltid11
hzdid218,fltid350
hzdid219,fltid147
hzdid219,fltid192
hzdid219,fltid336
hzdid220,fltid133
hzdid220,fltid165
hzdid220,fltid235
hzdid220,fltid295
hzdid220,fltid32
hzdid220,fltid348
hzdid220,fltid37
hzdid220,fltid55
hzdid220,fltid6
hzdid221,fltid12
hzdid222,fltid132
hzdid222,fltid74
hzdid223,fltid374
hzdid224,fltid403
hzdid225,fltid209
hzdid225,fltid250
hzdid225,fltid262
hzdid225,fltid360
hzdid225,fltid431
hzdid225,fltid496
hzdid225,fltid59
hzdid225,fltid72
hzdid226,fltid191
hzdid226,fltid37
hzdid226,fltid63
hzdid227,fltid42
hzdid228,fltid160
hzdid228,fltid480
hzdid228,fltid496
hzdid229,fltid244
hzdid229,fltid362
hzdid230,fltid170
hzdid230,fltid257
hzdid231,fltid462
hzdid232,fltid342
hzdid232,fltid35
hzdid232,fltid97
hzdid233,fltid170
hzdid233,fltid89
hzdid234,fltid331
hzdid234,fltid76
hzdid235,fltid463
hzdid235,fltid480
hzdid235,fltid7
hzdid235,fltid94
hzdid236,fltid189
hzdid236,fltid231
hzdid236,fltid310
hzdid236,fltid374
hzdid236,fltid39
hzdid236,fltid390
hzdid236,fltid42
hzdid236,fltid445
hzdid236,fltid6
hzdid237,fltid108
hzdid238,fltid252
hzdid238,fltid87
hzdid239,fltid15
hzdid240,fltid471
hzdid241,fltid161
hzdid241,fltid207
hzdid241,fltid307
hzdid241,fltid33
hzdid241,fltid379
hzdid241,fltid39
hzdid241,fltid433
hzdid241,fltid442
hzdid241,fltid446
hzdid242,fltid451
hzdid243,fltid460
hzdid243,fltid486
hzdid244,fltid301
hzdid245,fltid251
hzdid246,fltid193
hzdid246,fltid455
hzdid247,fltid120
hzdid247,fltid152
hzdid247,fltid85
hzdid248,fltid126
hzdid248,fltid22
hzdid248,fltid270
hzdid248,fltid289
hzdid248,fltid307
hzdid248,fltid358
hzdid248,fltid433
hzdid248,fltid86
hzdid249,fltid113
hzdid249,fltid224
hzdid249,fltid345
hzdid250,fltid190
hzdid250,fltid222
hzdid250,fltid223
hzdid250,fltid256
hzdid250,fltid413
hzdid250,fltid414
hzdid250,fltid48
hzdid251,fltid106
hzdid251,fltid12
hzdid251,fltid168
hzdid251,fltid173
hzdid251,fltid296
hzdid251,fltid328
hzdid252,fltid114
hzdid252,fltid254
hzdid252,fltid468
hzdid253,fltid480
hzdid253,fltid74
hzdid253,fltid88
hzdid254,fltid114
hzdid254,fltid126
hzdid254,fltid17
hzdid254,fltid198
hzdid254,fltid20
hzdid254,fltid233
hzdid254,fltid236
hzdid254,fltid310
hzdid254,fltid472
hzdid255,fltid336
hzdid255,fltid382
hzdid255,fltid74
hzdid256,fltid147
hzdid256,fltid203
hzdid256,fltid405
hzdid257,fltid270
hzdid257,fltid401
hzdid258,fltid304
hzdid258,fltid363
hzdid258,fltid456
hzdid259,fltid251
hzdid259,fltid401
hzdid259,fltid474
hzdid260,fltid205
hzdid260,fltid4
hzdid261,fltid202
hzdid261,fltid320
hzdid261,fltid480
hzdid262,fltid12
hzdid263,fltid296
hzdid264,fltid409
hzdid264,fltid46
hzdid265,fltid258
hzdid266,fltid234
hzdid266,fltid3
hzdid266,fltid40
hzdid266,fltid469
hzdid266,fltid481
hzdid267,fltid375
hzdid267,fltid440
hzdid268,fltid421
hzdid268,fltid74
hzdid268,fltid98
hzdid269,fltid338
hzdid269,fltid487
hzdid270,fltid176
hzdid270,fltid418
hzdid271,fltid416
hzdid271,fltid490
hzdid272,fltid230
hzdid272,fltid335
hzdid272,fltid400
hzdid273,fltid10
hzdid273,fltid171
hzdid273,fltid5
hzdid274,fltid408
hzdid275,fltid109
hzdid275,fltid200
hzdid275,fltid249
hzdid275,fltid322
hzdid275,fltid62
hzdid275,fltid97
hzdid276,fltid94
hzdid277,fltid123
hzdid278,fltid288
hzdid278,fltid451
hzdid278,fltid84
hzdid279,fltid168
hzdid279,fltid48
hzdid280,fltid249
hzdid280,fltid82
hzdid281,fltid122
hzdid281,fltid208
hzdid281,fltid484
hzdid282,fltid332
hzdid283,fltid106
hzdid283,fltid214
hzdid283,fltid478
hzdid283,fltid88
hzdid284,fltid105
hzdid284,fltid118
hzdid285,fltid105
hzdid285,fltid289
hzdid285,fltid70
hzdid286,fltid292
hzdid286,fltid358
hzdid286,fltid498
hzdid287,fltid10
hzdid287,fltid435
hzdid287,fltid62
hzdid288,fltid12
hzdid288,fltid39
hzdid288,fltid427
hzdid289,fltid12
hzdid289,fltid13
hzdid289,fltid293
hzdid289,fltid305
hzdid289,fltid314
hzdid289,fltid363
hzdid289,fltid44
hzdid290,fltid267
hzdid290,fltid298
hzdid290,fltid431
hzdid290,fltid461
hzdid290,fltid58
hzdid291,fltid119
hzdid291,fltid395
hzdid292,fltid425
hzdid293,fltid11
hzdid293,fltid114
hzdid293,fltid186
hzdid293,fltid213
hzdid293,fltid246
hzdid293,fltid382
hzdid293,fltid42
hzdid294,fltid143
hzdid294,fltid29
hzdid294,fltid424
hzdid294,fltid441
hzdid294,fltid463
hzdid294,fltid47
hzdid294,fltid59
hzdid294,fltid92
hzdid295,fltid483
hzdid295,fltid6
hzdid296,fltid166
hzdid296,fltid284
hzdid297,fltid132
hzdid297,fltid180
hzdid297,fltid268
hzdid297,fltid34
hzdid297,fltid362
hzdid297,fltid394
hzdid297,fltid63
hzdid298,fltid112
hzdid298,fltid310
hzdid299,fltid259
hzdid300,fltid125
hzdid300,fltid161
hzdid300,fltid213
hzdid300,fltid222
hzdid300,fltid268
hzdid300,fltid287
hzdid300,fltid358
hzdid300,fltid419
