srqid,ssrqid
srqid1,ssrqid1480
srqid1,ssrqid2171
srqid1,ssrqid2354
srqid2,ssrqid911
srqid2,ssrqid953
srqid3,ssrqid1873
srqid3,ssrqid419
srqid3,ssrqid974
srqid4,ssrqid1115
srqid4,ssrqid2523
srqid4,ssrqid2534
srqid4,ssrqid2883
srqid5,ssrqid204
srqid5,ssrqid2472
srqid5,ssrqid2596
srqid6,ssrqid2088
srqid6,ssrqid2752
srqid6,ssrqid369
srqid6,ssrqid391
srqid6,ssrqid999
srqid7,ssrqid122
srqid7,ssrqid2752
srqid7,ssrqid397
srqid7,ssrqid686
srqid8,ssrqid1481
srqid8,ssrqid1520
srqid8,ssrqid2308
srqid9,ssrqid2411
srqid9,ssrqid2576
srqid9,ssrqid777
srqid10,ssrqid1181
srqid10,ssrqid1837
srqid10,ssrqid2912
srqid11,ssrqid2055
srqid11,ssrqid2083
srqid11,ssrqid2551
srqid12,ssrqid185
srqid12,ssrqid2884
srqid12,ssrqid51
srqid13,ssrqid12
srqid13,ssrqid2724
srqid14,ssrqid1437
srqid14,ssrqid1724
srqid14,ssrqid1814
srqid14,ssrqid2084
srqid14,ssrqid923
srqid15,ssrqid1986
srqid15,ssrqid2064
srqid16,ssrqid1737
srqid16,ssrqid230
srqid16,ssrqid2312
srqid17,ssrqid2586
srqid17,ssrqid767
srqid18,ssrqid1606
srqid18,ssrqid2905
srqid18,ssrqid896
srqid19,ssrqid1045
srqid19,ssrqid1061
srqid19,ssrqid118
srqid19,ssrqid152
srqid19,ssrqid1779
srqid19,ssrqid21
srqid19,ssrqid2128
srqid19,ssrqid2982
srqid20,ssrqid1268
srqid20,ssrqid1916
srqid20,ssrqid2733
srqid20,ssrqid281
srqid20,ssrqid431
srqid21,ssrqid1789
srqid21,ssrqid2598
srqid21,ssrqid2645
srqid21,ssrqid2870
srqid22,ssrqid130
srqid22,ssrqid2225
srqid22,ssrqid2934
srqid22,ssrqid452
srqid22,ssrqid841
srqid23,ssrqid2000
srqid23,ssrqid2979
srqid23,ssrqid691
srqid24,ssrqid1414
srqid24,ssrqid2502
srqid24,ssrqid2612
srqid24,ssrqid551
srqid25,ssrqid1768
srqid25,ssrqid648
srqid26,ssrqid1517
srqid26,ssrqid2664
srqid26,ssrqid2779
srqid27,ssrqid2410
srqid27,ssrqid765
srqid28,ssrqid1343
srqid28,ssrqid654
srqid28,ssrqid81
srqid29,ssrqid2077
srqid29,ssrqid2231
srqid29,ssrqid388
srqid30,ssrqid2732
srqid30,ssrqid879
srqid31,ssrqid1728
srqid31,ssrqid2601
srqid31,ssrqid705
srqid32,ssrqid114
srqid32,ssrqid2953
srqid33,ssrqid1912
srqid33,ssrqid2719
srqid33,ssrqid290
srqid34,ssrqid1844
srqid34,ssrqid2425
srqid34,ssrqid2481
srqid34,ssrqid2746
srqid35,ssrqid1725
srqid35,ssrqid2365
srqid35,ssrqid542
srqid35,ssrqid99
srqid36,ssrqid1346
srqid36,ssrqid2073
srqid36,ssrqid2796
srqid37,ssrqid1228
srqid37,ssrqid1344
srqid37,ssrqid1515
srqid37,ssrqid1820
srqid37,ssrqid939
srqid38,ssrqid1695
srqid38,ssrqid2452
srqid38,ssrqid775
srqid38,ssrqid872
srqid39,ssrqid1376
srqid39,ssrqid2666
srqid39,ssrqid460
srqid40,ssrqid1123
srqid40,ssrqid2778
srqid41,ssrqid1078
srqid41,ssrqid2523
srqid41,ssrqid336
srqid42,ssrqid574
srqid42,ssrqid97
srqid43,ssrqid1218
srqid43,ssrqid1426
srqid43,ssrqid1621
srqid43,ssrqid1792
srqid44,ssrqid2044
srqid44,ssrqid2830
srqid44,ssrqid376
srqid45,ssrqid1115
srqid45,ssrqid2064
srqid45,ssrqid2136
srqid45,ssrqid757
srqid46,ssrqid1475
srqid46,ssrqid1482
srqid46,ssrqid2291
srqid47,ssrqid2247
srqid47,ssrqid246
srqid47,ssrqid2522
srqid47,ssrqid2531
srqid48,ssrqid1725
srqid48,ssrqid2652
srqid48,ssrqid2687
srqid48,ssrqid416
srqid48,ssrqid425
srqid49,ssrqid176
srqid49,ssrqid2387
srqid50,ssrqid1574
srqid50,ssrqid2477
srqid50,ssrqid2497
srqid50,ssrqid2757
srqid51,ssrqid1015
srqid51,ssrqid1981
srqid52,ssrqid2929
srqid52,ssrqid2980
srqid53,ssrqid1550
srqid53,ssrqid1705
srqid53,ssrqid2950
srqid53,ssrqid55
srqid53,ssrqid944
srqid54,ssrqid2873
srqid54,ssrqid2894
srqid54,ssrqid30
srqid54,ssrqid751
srqid55,ssrqid1039
srqid55,ssrqid135
srqid55,ssrqid1982
srqid55,ssrqid265
srqid55,ssrqid2700
srqid55,ssrqid2711
srqid55,ssrqid308
srqid55,ssrqid895
srqid56,ssrqid1553
srqid56,ssrqid1625
srqid56,ssrqid2511
srqid56,ssrqid883
srqid57,ssrqid2898
srqid57,ssrqid2977
srqid58,ssrqid1673
srqid58,ssrqid2036
srqid58,ssrqid2626
srqid58,ssrqid88
srqid58,ssrqid897
srqid58,ssrqid994
srqid59,ssrqid1644
srqid59,ssrqid2255
srqid59,ssrqid2572
srqid59,ssrqid2871
srqid60,ssrqid2146
srqid60,ssrqid432
srqid60,ssrqid656
srqid60,ssrqid770
srqid61,ssrqid2481
srqid61,ssrqid2962
srqid61,ssrqid2969
srqid61,ssrqid352
srqid62,ssrqid2025
srqid62,ssrqid2375
srqid62,ssrqid254
srqid62,ssrqid470
srqid62,ssrqid522
srqid62,ssrqid736
srqid62,ssrqid871
srqid62,ssrqid911
srqid63,ssrqid1005
srqid63,ssrqid1348
srqid63,ssrqid2015
srqid63,ssrqid2666
srqid64,ssrqid2990
srqid64,ssrqid497
srqid65,ssrqid1222
srqid65,ssrqid215
srqid65,ssrqid978
srqid66,ssrqid1730
srqid66,ssrqid231
srqid66,ssrqid2354
srqid66,ssrqid98
srqid67,ssrqid1198
srqid67,ssrqid1769
srqid67,ssrqid1820
srqid67,ssrqid2229
srqid67,ssrqid2406
srqid67,ssrqid2891
srqid67,ssrqid382
srqid67,ssrqid535
srqid68,ssrqid1093
srqid68,ssrqid2743
srqid68,ssrqid717
srqid69,ssrqid1908
srqid69,ssrqid2816
srqid70,ssrqid184
srqid70,ssrqid1969
srqid70,ssrqid887
srqid71,ssrqid101
srqid71,ssrqid1153
srqid71,ssrqid1888
srqid71,ssrqid2041
srqid72,ssrqid1200
srqid72,ssrqid1895
srqid72,ssrqid2056
srqid72,ssrqid414
srqid72,ssrqid791
srqid72,ssrqid833
srqid72,ssrqid855
srqid72,ssrqid985
srqid73,ssrqid1478
srqid73,ssrqid1961
srqid73,ssrqid2318
srqid73,ssrqid2648
srqid74,ssrqid2299
srqid74,ssrqid2782
srqid74,ssrqid426
srqid75,ssrqid2517
srqid75,ssrqid949
srqid76,ssrqid1120
srqid76,ssrqid2370
srqid77,ssrqid1094
srqid77,ssrqid1190
srqid77,ssrqid1647
srqid77,ssrqid175
srqid77,ssrqid1846
srqid77,ssrqid2419
srqid78,ssrqid1089
srqid78,ssrqid2879
srqid78,ssrqid486
srqid79,ssrqid2294
srqid79,ssrqid2458
srqid79,ssrqid2513
srqid79,ssrqid2685
srqid80,ssrqid1422
srqid80,ssrqid740
srqid81,ssrqid2227
srqid81,ssrqid2346
srqid81,ssrqid2458
srqid81,ssrqid2469
srqid81,ssrqid2851
srqid82,ssrqid2674
srqid82,ssrqid2832
srqid82,ssrqid2927
srqid82,ssrqid958
srqid83,ssrqid1198
srqid83,ssrqid2309
srqid83,ssrqid2468
srqid83,ssrqid559
srqid84,ssrqid1866
srqid84,ssrqid2623
srqid84,ssrqid943
srqid85,ssrqid1475
srqid85,ssrqid2571
srqid86,ssrqid1105
srqid86,ssrqid1296
srqid86,ssrqid1960
srqid86,ssrqid980
srqid87,ssrqid1633
srqid87,ssrqid684
srqid87,ssrqid873
srqid88,ssrqid166
srqid88,ssrqid2555
srqid88,ssrqid994
srqid89,ssrqid1050
srqid89,ssrqid1305
srqid90,ssrqid116
srqid90,ssrqid1321
srqid90,ssrqid2080
srqid90,ssrqid867
srqid91,ssrqid1408
srqid91,ssrqid1475
srqid91,ssrqid2690
srqid91,ssrqid678
srqid92,ssrqid123
srqid92,ssrqid1549
srqid92,ssrqid2096
srqid93,ssrqid1478
srqid93,ssrqid562
srqid94,ssrqid1827
srqid94,ssrqid2343
srqid94,ssrqid2881
srqid94,ssrqid64
srqid95,ssrqid2298
srqid95,ssrqid2488
srqid95,ssrqid2621
srqid96,ssrqid1774
srqid96,ssrqid18
srqid96,ssrqid1805
srqid96,ssrqid464
srqid97,ssrqid1487
srqid97,ssrqid378
srqid97,ssrqid866
srqid98,ssrqid1114
srqid98,ssrqid430
srqid99,ssrqid1144
srqid99,ssrqid173
srqid99,ssrqid2436
srqid99,ssrqid2459
srqid100,ssrqid2020
srqid100,ssrqid2231
srqid100,ssrqid2666
srqid101,ssrqid1652
srqid101,ssrqid2152
srqid101,ssrqid2962
srqid102,ssrqid1270
srqid102,ssrqid2486
srqid102,ssrqid2739
srqid102,ssrqid941
srqid103,ssrqid1627
srqid103,ssrqid2773
srqid104,ssrqid1784
srqid104,ssrqid505
srqid104,ssrqid632
srqid104,ssrqid695
srqid105,ssrqid173
srqid105,ssrqid2170
srqid105,ssrqid33
srqid105,ssrqid43
srqid105,ssrqid570
srqid105,ssrqid924
srqid106,ssrqid1476
srqid106,ssrqid811
srqid107,ssrqid1633
srqid107,ssrqid1945
srqid107,ssrqid2279
srqid107,ssrqid659
srqid108,ssrqid1370
srqid108,ssrqid1740
srqid108,ssrqid2487
srqid108,ssrqid835
srqid109,ssrqid1389
srqid109,ssrqid176
srqid109,ssrqid205
srqid109,ssrqid2577
srqid109,ssrqid2614
srqid109,ssrqid2959
srqid109,ssrqid36
srqid109,ssrqid851
srqid110,ssrqid1722
srqid110,ssrqid2037
srqid110,ssrqid2772
srqid110,ssrqid548
srqid111,ssrqid167
srqid111,ssrqid805
srqid112,ssrqid1965
srqid112,ssrqid2702
srqid112,ssrqid642
srqid113,ssrqid2130
srqid113,ssrqid335
srqid114,ssrqid1056
srqid114,ssrqid2342
srqid114,ssrqid2561
srqid114,ssrqid2764
srqid115,ssrqid626
srqid115,ssrqid898
srqid116,ssrqid2217
srqid116,ssrqid475
srqid117,ssrqid1601
srqid117,ssrqid1687
srqid117,ssrqid527
srqid118,ssrqid1399
srqid118,ssrqid1590
srqid118,ssrqid1945
srqid118,ssrqid390
srqid119,ssrqid1942
srqid119,ssrqid2778
srqid120,ssrqid1477
srqid120,ssrqid1737
srqid120,ssrqid2351
srqid120,ssrqid2871
srqid120,ssrqid380
srqid121,ssrqid626
srqid121,ssrqid776
srqid122,ssrqid145
srqid122,ssrqid487
srqid122,ssrqid941
srqid123,ssrqid1268
srqid123,ssrqid2586
srqid123,ssrqid2851
srqid123,ssrqid518
srqid124,ssrqid1541
srqid124,ssrqid2358
srqid125,ssrqid1588
srqid125,ssrqid1700
srqid125,ssrqid2492
srqid125,ssrqid644
srqid125,ssrqid786
srqid126,ssrqid1267
srqid126,ssrqid1941
srqid126,ssrqid2123
srqid126,ssrqid2772
srqid127,ssrqid2359
srqid127,ssrqid2639
srqid127,ssrqid275
srqid127,ssrqid80
srqid128,ssrqid1324
srqid128,ssrqid1494
srqid128,ssrqid2485
srqid128,ssrqid2627
srqid128,ssrqid491
srqid128,ssrqid518
srqid129,ssrqid2096
srqid129,ssrqid2496
srqid129,ssrqid2729
srqid130,ssrqid1582
srqid130,ssrqid2755
srqid130,ssrqid2957
srqid130,ssrqid688
srqid131,ssrqid2431
srqid131,ssrqid259
srqid132,ssrqid1697
srqid132,ssrqid2176
srqid132,ssrqid493
srqid132,ssrqid723
srqid133,ssrqid1220
srqid133,ssrqid2693
srqid134,ssrqid2980
srqid134,ssrqid633
srqid135,ssrqid1552
srqid135,ssrqid350
srqid135,ssrqid369
srqid136,ssrqid1299
srqid136,ssrqid1321
srqid136,ssrqid2322
srqid136,ssrqid921
srqid137,ssrqid1423
srqid137,ssrqid1525
srqid137,ssrqid2612
srqid137,ssrqid818
srqid138,ssrqid1182
srqid138,ssrqid1331
srqid138,ssrqid1593
srqid138,ssrqid2415
srqid138,ssrqid2931
srqid139,ssrqid1726
srqid139,ssrqid219
srqid139,ssrqid277
srqid140,ssrqid2076
srqid140,ssrqid367
srqid140,ssrqid939
srqid141,ssrqid1543
srqid141,ssrqid245
srqid141,ssrqid928
srqid142,ssrqid1112
srqid142,ssrqid2592
srqid142,ssrqid533
srqid142,ssrqid802
srqid143,ssrqid1182
srqid143,ssrqid1263
srqid143,ssrqid2074
srqid143,ssrqid2087
srqid143,ssrqid425
srqid143,ssrqid912
srqid144,ssrqid102
srqid144,ssrqid2002
srqid145,ssrqid1009
srqid145,ssrqid1058
srqid145,ssrqid183
srqid145,ssrqid1903
srqid145,ssrqid2909
srqid146,ssrqid1758
srqid146,ssrqid47
srqid147,ssrqid1432
srqid147,ssrqid1809
srqid147,ssrqid597
srqid147,ssrqid857
srqid148,ssrqid1633
srqid148,ssrqid1777
srqid148,ssrqid2027
srqid149,ssrqid1701
srqid149,ssrqid2459
srqid149,ssrqid460
srqid150,ssrqid445
srqid150,ssrqid884
srqid150,ssrqid896
srqid151,ssrqid1971
srqid151,ssrqid2029
srqid151,ssrqid2550
srqid152,ssrqid165
srqid152,ssrqid1721
srqid152,ssrqid2957
srqid152,ssrqid675
srqid153,ssrqid167
srqid153,ssrqid335
srqid154,ssrqid1328
srqid154,ssrqid2064
srqid154,ssrqid452
srqid154,ssrqid748
srqid155,ssrqid1383
srqid155,ssrqid2191
srqid155,ssrqid2445
srqid156,ssrqid1035
srqid156,ssrqid1359
srqid156,ssrqid1417
srqid156,ssrqid1557
srqid157,ssrqid1023
srqid157,ssrqid2230
srqid158,ssrqid1920
srqid158,ssrqid2141
srqid158,ssrqid2313
srqid159,ssrqid454
srqid159,ssrqid676
srqid160,ssrqid1023
srqid160,ssrqid116
srqid161,ssrqid1226
srqid161,ssrqid1668
srqid161,ssrqid293
srqid161,ssrqid72
srqid162,ssrqid2970
srqid162,ssrqid356
srqid163,ssrqid1546
srqid163,ssrqid1743
srqid163,ssrqid1821
srqid163,ssrqid1882
srqid163,ssrqid1987
srqid163,ssrqid222
srqid164,ssrqid1415
srqid164,ssrqid2158
srqid164,ssrqid2905
srqid165,ssrqid1251
srqid165,ssrqid2585
srqid165,ssrqid2805
srqid165,ssrqid2882
srqid166,ssrqid1437
srqid166,ssrqid1722
srqid166,ssrqid2012
srqid166,ssrqid2404
srqid166,ssrqid2620
srqid166,ssrqid2937
srqid166,ssrqid450
srqid166,ssrqid614
srqid167,ssrqid1008
srqid167,ssrqid2320
srqid167,ssrqid2549
srqid167,ssrqid555
srqid168,ssrqid1341
srqid168,ssrqid1639
srqid168,ssrqid2714
srqid168,ssrqid283
srqid169,ssrqid1841
srqid169,ssrqid221
srqid169,ssrqid2653
srqid169,ssrqid320
srqid169,ssrqid649
srqid169,ssrqid685
srqid169,ssrqid759
srqid170,ssrqid1359
srqid170,ssrqid2374
srqid170,ssrqid2879
srqid171,ssrqid1136
srqid171,ssrqid1853
srqid171,ssrqid854
srqid172,ssrqid1669
srqid172,ssrqid238
srqid172,ssrqid559
srqid172,ssrqid71
srqid173,ssrqid1625
srqid173,ssrqid292
srqid173,ssrqid34
srqid174,ssrqid1051
srqid174,ssrqid2748
srqid174,ssrqid946
srqid175,ssrqid1627
srqid175,ssrqid1631
srqid175,ssrqid1838
srqid175,ssrqid1905
srqid175,ssrqid2082
srqid176,ssrqid1724
srqid176,ssrqid2848
srqid177,ssrqid1554
srqid177,ssrqid157
srqid177,ssrqid2308
srqid178,ssrqid1037
srqid178,ssrqid1438
srqid178,ssrqid1857
srqid179,ssrqid1221
srqid179,ssrqid1252
srqid179,ssrqid1381
srqid179,ssrqid1792
srqid179,ssrqid2906
srqid179,ssrqid928
srqid180,ssrqid1991
srqid180,ssrqid2742
srqid180,ssrqid379
srqid180,ssrqid727
srqid181,ssrqid1750
srqid181,ssrqid2164
srqid181,ssrqid2672
srqid181,ssrqid76
srqid182,ssrqid1640
srqid182,ssrqid95
srqid183,ssrqid1465
srqid183,ssrqid2045
srqid183,ssrqid2274
srqid183,ssrqid2960
srqid184,ssrqid1069
srqid184,ssrqid1416
srqid184,ssrqid2296
srqid184,ssrqid2929
srqid184,ssrqid354
srqid184,ssrqid696
srqid184,ssrqid81
srqid184,ssrqid973
srqid185,ssrqid1138
srqid185,ssrqid1843
srqid185,ssrqid1877
srqid185,ssrqid2089
srqid185,ssrqid2275
srqid185,ssrqid2716
srqid185,ssrqid859
srqid186,ssrqid1278
srqid186,ssrqid2409
srqid187,ssrqid1691
srqid187,ssrqid2473
srqid187,ssrqid2746
srqid187,ssrqid989
srqid188,ssrqid1247
srqid188,ssrqid1896
srqid189,ssrqid1763
srqid189,ssrqid2771
srqid189,ssrqid501
srqid189,ssrqid767
srqid190,ssrqid1129
srqid190,ssrqid1806
srqid190,ssrqid2060
srqid190,ssrqid2063
srqid190,ssrqid2115
srqid190,ssrqid221
srqid191,ssrqid2056
srqid191,ssrqid2252
srqid191,ssrqid2463
srqid192,ssrqid1276
srqid192,ssrqid2996
srqid192,ssrqid772
srqid193,ssrqid1060
srqid193,ssrqid863
srqid193,ssrqid886
srqid194,ssrqid1522
srqid194,ssrqid2261
srqid194,ssrqid28
srqid194,ssrqid626
srqid195,ssrqid1036
srqid195,ssrqid1254
srqid195,ssrqid1431
srqid195,ssrqid2898
srqid196,ssrqid1138
srqid196,ssrqid1378
srqid196,ssrqid2790
srqid197,ssrqid1796
srqid197,ssrqid649
srqid197,ssrqid666
srqid198,ssrqid2171
srqid198,ssrqid2778
srqid198,ssrqid696
srqid199,ssrqid242
srqid199,ssrqid860
srqid200,ssrqid1364
srqid200,ssrqid1785
srqid200,ssrqid2639
srqid201,ssrqid2459
srqid201,ssrqid2794
srqid201,ssrqid35
srqid201,ssrqid421
srqid202,ssrqid1372
srqid202,ssrqid2379
srqid203,ssrqid1489
srqid203,ssrqid726
srqid204,ssrqid1340
srqid204,ssrqid271
srqid204,ssrqid783
srqid205,ssrqid1578
srqid205,ssrqid2707
srqid205,ssrqid2926
srqid205,ssrqid475
srqid206,ssrqid15
srqid206,ssrqid2142
srqid206,ssrqid650
srqid207,ssrqid1510
srqid207,ssrqid2284
srqid208,ssrqid1888
srqid208,ssrqid2033
srqid208,ssrqid2138
srqid209,ssrqid1506
srqid209,ssrqid1604
srqid209,ssrqid406
srqid209,ssrqid957
srqid210,ssrqid1490
srqid210,ssrqid2438
srqid211,ssrqid2188
srqid211,ssrqid2447
srqid211,ssrqid305
srqid211,ssrqid811
srqid211,ssrqid819
srqid211,ssrqid91
srqid212,ssrqid1077
srqid212,ssrqid1406
srqid213,ssrqid2603
srqid213,ssrqid2622
srqid213,ssrqid2719
srqid213,ssrqid2960
srqid214,ssrqid1282
srqid214,ssrqid1373
srqid214,ssrqid1759
srqid214,ssrqid2283
srqid214,ssrqid773
srqid215,ssrqid1969
srqid215,ssrqid2559
srqid215,ssrqid2633
srqid215,ssrqid2835
srqid215,ssrqid374
srqid215,ssrqid382
srqid215,ssrqid447
srqid215,ssrqid758
srqid216,ssrqid1676
srqid216,ssrqid1871
srqid216,ssrqid2531
srqid217,ssrqid1191
srqid217,ssrqid1217
srqid217,ssrqid2070
srqid217,ssrqid592
srqid218,ssrqid1354
srqid218,ssrqid2156
srqid218,ssrqid2711
srqid219,ssrqid2239
srqid219,ssrqid2510
srqid219,ssrqid761
srqid220,ssrqid1113
srqid220,ssrqid1356
srqid220,ssrqid162
srqid220,ssrqid253
srqid221,ssrqid1629
srqid221,ssrqid2465
srqid221,ssrqid2937
srqid221,ssrqid748
srqid221,ssrqid758
srqid222,ssrqid1029
srqid222,ssrqid1629
srqid222,ssrqid1891
srqid222,ssrqid2047
srqid222,ssrqid2320
srqid222,ssrqid292
srqid222,ssrqid502
srqid222,ssrqid881
srqid223,ssrqid1893
srqid223,ssrqid2378
srqid223,ssrqid2891
srqid223,ssrqid723
srqid224,ssrqid154
srqid224,ssrqid287
srqid224,ssrqid633
srqid225,ssrqid1728
srqid225,ssrqid1835
srqid225,ssrqid2486
srqid225,ssrqid309
srqid226,ssrqid1225
srqid226,ssrqid2346
srqid226,ssrqid5
srqid226,ssrqid878
srqid227,ssrqid2517
srqid227,ssrqid34
srqid228,ssrqid252
srqid228,ssrqid386
srqid228,ssrqid651
srqid228,ssrqid924
srqid229,ssrqid1839
srqid229,ssrqid1846
srqid229,ssrqid2050
srqid229,ssrqid2599
srqid229,ssrqid267
srqid229,ssrqid39
srqid230,ssrqid1074
srqid230,ssrqid2928
srqid231,ssrqid276
srqid231,ssrqid409
srqid232,ssrqid2135
srqid232,ssrqid533
srqid232,ssrqid977
srqid233,ssrqid1379
srqid233,ssrqid2239
srqid233,ssrqid877
srqid234,ssrqid1475
srqid234,ssrqid2245
srqid234,ssrqid410
srqid234,ssrqid440
srqid235,ssrqid1954
srqid235,ssrqid2291
srqid235,ssrqid2509
srqid235,ssrqid415
srqid235,ssrqid779
srqid236,ssrqid1078
srqid236,ssrqid1809
srqid236,ssrqid513
srqid237,ssrqid1241
srqid237,ssrqid1535
srqid237,ssrqid2510
srqid237,ssrqid2875
srqid238,ssrqid1308
srqid238,ssrqid2136
srqid238,ssrqid2284
srqid239,ssrqid1245
srqid239,ssrqid2242
srqid239,ssrqid2458
srqid239,ssrqid778
srqid240,ssrqid1017
srqid240,ssrqid1895
srqid240,ssrqid656
srqid241,ssrqid1207
srqid241,ssrqid2858
srqid241,ssrqid513
srqid242,ssrqid1940
srqid242,ssrqid2291
srqid242,ssrqid2344
srqid242,ssrqid457
srqid242,ssrqid468
srqid242,ssrqid896
srqid242,ssrqid946
srqid243,ssrqid1175
srqid243,ssrqid1218
srqid243,ssrqid1707
srqid243,ssrqid2580
srqid244,ssrqid1318
srqid244,ssrqid2951
srqid245,ssrqid2004
srqid245,ssrqid2930
srqid246,ssrqid1865
srqid246,ssrqid1970
srqid246,ssrqid22
srqid246,ssrqid645
srqid247,ssrqid1291
srqid247,ssrqid2078
srqid247,ssrqid2287
srqid248,ssrqid489
srqid248,ssrqid869
srqid249,ssrqid2459
srqid249,ssrqid2542
srqid249,ssrqid862
srqid249,ssrqid966
srqid250,ssrqid1137
srqid250,ssrqid1295
srqid250,ssrqid595
srqid251,ssrqid1062
srqid251,ssrqid1245
srqid251,ssrqid2077
srqid252,ssrqid2123
srqid252,ssrqid839
srqid252,ssrqid932
srqid253,ssrqid2850
srqid253,ssrqid362
srqid253,ssrqid525
srqid253,ssrqid535
srqid254,ssrqid1180
srqid254,ssrqid1438
srqid254,ssrqid1455
srqid254,ssrqid1602
srqid255,ssrqid1599
srqid255,ssrqid274
srqid256,ssrqid343
srqid256,ssrqid563
srqid256,ssrqid723
srqid257,ssrqid1888
srqid257,ssrqid1910
srqid257,ssrqid2622
srqid257,ssrqid989
srqid258,ssrqid1223
srqid258,ssrqid1224
srqid258,ssrqid184
srqid258,ssrqid224
srqid259,ssrqid1194
srqid259,ssrqid1892
srqid259,ssrqid82
srqid259,ssrqid918
srqid260,ssrqid1220
srqid260,ssrqid1329
srqid260,ssrqid2192
srqid260,ssrqid2367
srqid260,ssrqid579
srqid261,ssrqid2749
srqid261,ssrqid2926
srqid262,ssrqid1722
srqid262,ssrqid1752
srqid263,ssrqid1024
srqid263,ssrqid1208
srqid263,ssrqid921
srqid264,ssrqid1197
srqid264,ssrqid1512
srqid264,ssrqid1905
srqid264,ssrqid2269
srqid264,ssrqid2512
srqid264,ssrqid582
srqid265,ssrqid1840
srqid265,ssrqid418
srqid266,ssrqid1779
srqid266,ssrqid183
srqid266,ssrqid2555
srqid266,ssrqid556
srqid266,ssrqid952
srqid266,ssrqid97
srqid267,ssrqid1955
srqid267,ssrqid2648
srqid268,ssrqid1151
srqid268,ssrqid1801
srqid268,ssrqid2157
srqid268,ssrqid2684
srqid268,ssrqid687
srqid269,ssrqid107
srqid269,ssrqid2602
srqid269,ssrqid2668
srqid269,ssrqid698
srqid270,ssrqid1184
srqid270,ssrqid19
srqid271,ssrqid2100
srqid271,ssrqid2112
srqid271,ssrqid2577
srqid271,ssrqid609
srqid272,ssrqid2858
srqid272,ssrqid331
srqid273,ssrqid1812
srqid273,ssrqid2397
srqid273,ssrqid2994
srqid274,ssrqid1422
srqid274,ssrqid82
srqid275,ssrqid1297
srqid275,ssrqid1430
srqid275,ssrqid2208
srqid275,ssrqid23
srqid275,ssrqid2563
srqid276,ssrqid2515
srqid276,ssrqid541
srqid277,ssrqid1020
srqid277,ssrqid109
srqid277,ssrqid1402
srqid278,ssrqid2242
srqid278,ssrqid269
srqid279,ssrqid1004
srqid279,ssrqid1461
srqid279,ssrqid2287
srqid280,ssrqid1358
srqid280,ssrqid1667
srqid281,ssrqid2931
srqid281,ssrqid2999
srqid281,ssrqid306
srqid282,ssrqid1822
srqid282,ssrqid2292
srqid282,ssrqid235
srqid282,ssrqid2986
srqid283,ssrqid1454
srqid283,ssrqid156
srqid283,ssrqid886
srqid284,ssrqid256
srqid284,ssrqid2855
srqid285,ssrqid1325
srqid285,ssrqid1350
srqid285,ssrqid1902
srqid285,ssrqid253
srqid285,ssrqid2910
srqid285,ssrqid693
srqid286,ssrqid1233
srqid286,ssrqid1677
srqid286,ssrqid2042
srqid286,ssrqid2435
srqid286,ssrqid912
srqid287,ssrqid1013
srqid287,ssrqid112
srqid287,ssrqid2437
srqid287,ssrqid550
srqid288,ssrqid236
srqid288,ssrqid2694
srqid288,ssrqid982
srqid289,ssrqid1555
srqid289,ssrqid2638
srqid289,ssrqid92
srqid290,ssrqid1376
srqid290,ssrqid587
srqid291,ssrqid1401
srqid291,ssrqid2284
srqid291,ssrqid2890
srqid291,ssrqid324
srqid292,ssrqid1197
srqid292,ssrqid2203
srqid292,ssrqid2586
srqid293,ssrqid1958
srqid293,ssrqid332
srqid294,ssrqid1861
srqid294,ssrqid2344
srqid294,ssrqid2789
srqid294,ssrqid2878
srqid295,ssrqid1671
srqid295,ssrqid1790
srqid296,ssrqid1118
srqid296,ssrqid1461
srqid297,ssrqid1313
srqid297,ssrqid1490
srqid297,ssrqid1896
srqid297,ssrqid438
srqid298,ssrqid1111
srqid298,ssrqid1239
srqid298,ssrqid1318
srqid298,ssrqid178
srqid299,ssrqid212
srqid299,ssrqid2332
srqid300,ssrqid1264
srqid300,ssrqid1384
srqid300,ssrqid1708
srqid300,ssrqid207
srqid300,ssrqid2374
srqid300,ssrqid2620
srqid301,ssrqid2143
srqid301,ssrqid2822
srqid302,ssrqid228
srqid302,ssrqid2872
srqid303,ssrqid1020
srqid303,ssrqid1616
srqid303,ssrqid554
srqid303,ssrqid892
srqid304,ssrqid1284
srqid304,ssrqid1340
srqid304,ssrqid2465
srqid304,ssrqid2482
srqid304,ssrqid2782
srqid304,ssrqid375
srqid304,ssrqid822
srqid305,ssrqid2
srqid305,ssrqid2187
srqid305,ssrqid2552
srqid306,ssrqid1076
srqid306,ssrqid1238
srqid306,ssrqid2077
srqid306,ssrqid694
srqid307,ssrqid154
srqid307,ssrqid2138
srqid307,ssrqid2674
srqid308,ssrqid2292
srqid308,ssrqid800
srqid309,ssrqid1371
srqid309,ssrqid1536
srqid309,ssrqid2186
srqid309,ssrqid2520
srqid310,ssrqid1276
srqid310,ssrqid1793
srqid310,ssrqid2530
srqid310,ssrqid580
srqid310,ssrqid897
srqid311,ssrqid1407
srqid311,ssrqid2025
srqid311,ssrqid2831
srqid312,ssrqid1362
srqid312,ssrqid275
srqid312,ssrqid2956
srqid313,ssrqid2540
srqid313,ssrqid695
srqid314,ssrqid1482
srqid314,ssrqid2174
srqid314,ssrqid572
srqid315,ssrqid1473
srqid315,ssrqid731
srqid315,ssrqid932
srqid316,ssrqid107
srqid316,ssrqid1452
srqid316,ssrqid2223
srqid316,ssrqid874
srqid317,ssrqid2289
srqid317,ssrqid2630
srqid317,ssrqid2632
srqid317,ssrqid2878
srqid317,ssrqid355
srqid317,ssrqid799
srqid317,ssrqid839
srqid317,ssrqid953
srqid318,ssrqid1208
srqid318,ssrqid2407
srqid318,ssrqid27
srqid318,ssrqid2710
srqid318,ssrqid2844
srqid318,ssrqid329
srqid318,ssrqid827
srqid318,ssrqid947
srqid319,ssrqid1196
srqid319,ssrqid567
srqid319,ssrqid655
srqid320,ssrqid1207
srqid320,ssrqid343
srqid320,ssrqid583
srqid320,ssrqid956
srqid321,ssrqid1057
srqid321,ssrqid2610
srqid321,ssrqid2642
srqid321,ssrqid280
srqid321,ssrqid2928
srqid321,ssrqid600
srqid322,ssrqid15
srqid322,ssrqid2166
srqid322,ssrqid2598
srqid323,ssrqid1300
srqid323,ssrqid2928
srqid323,ssrqid489
srqid324,ssrqid1203
srqid324,ssrqid1322
srqid324,ssrqid2713
srqid324,ssrqid2986
srqid325,ssrqid1343
srqid325,ssrqid1903
srqid325,ssrqid2332
srqid325,ssrqid2744
srqid326,ssrqid1080
srqid326,ssrqid2042
srqid326,ssrqid2515
srqid327,ssrqid1340
srqid327,ssrqid1615
srqid327,ssrqid2804
srqid328,ssrqid1205
srqid328,ssrqid168
srqid328,ssrqid2477
srqid328,ssrqid884
srqid329,ssrqid1201
srqid329,ssrqid1610
srqid329,ssrqid1712
srqid329,ssrqid961
srqid330,ssrqid1525
srqid330,ssrqid277
srqid330,ssrqid736
srqid331,ssrqid2114
srqid331,ssrqid2296
srqid331,ssrqid719
srqid332,ssrqid2680
srqid332,ssrqid318
srqid332,ssrqid432
srqid332,ssrqid586
srqid333,ssrqid2140
srqid333,ssrqid2567
srqid333,ssrqid432
srqid334,ssrqid1481
srqid334,ssrqid2074
srqid334,ssrqid2550
srqid334,ssrqid2593
srqid335,ssrqid1033
srqid335,ssrqid1458
srqid335,ssrqid2510
srqid336,ssrqid1447
srqid336,ssrqid1982
srqid336,ssrqid2530
srqid336,ssrqid2570
srqid337,ssrqid1439
srqid337,ssrqid1564
srqid337,ssrqid2942
srqid337,ssrqid910
srqid338,ssrqid1062
srqid338,ssrqid1681
srqid338,ssrqid2557
srqid338,ssrqid2776
srqid339,ssrqid1168
srqid339,ssrqid1215
srqid340,ssrqid1457
srqid340,ssrqid1699
srqid340,ssrqid241
srqid340,ssrqid2561
srqid341,ssrqid1658
srqid341,ssrqid766
srqid342,ssrqid1949
srqid342,ssrqid1952
srqid342,ssrqid2024
srqid342,ssrqid2269
srqid342,ssrqid2361
srqid343,ssrqid117
srqid343,ssrqid1483
srqid343,ssrqid2307
srqid343,ssrqid580
srqid344,ssrqid1433
srqid344,ssrqid2759
srqid344,ssrqid2860
srqid344,ssrqid566
srqid345,ssrqid201
srqid345,ssrqid675
srqid346,ssrqid1705
srqid346,ssrqid2843
srqid346,ssrqid516
srqid347,ssrqid1504
srqid347,ssrqid2002
srqid347,ssrqid2094
srqid347,ssrqid211
srqid347,ssrqid2955
srqid347,ssrqid636
srqid348,ssrqid1844
srqid348,ssrqid1899
srqid348,ssrqid2372
srqid348,ssrqid927
srqid349,ssrqid1083
srqid349,ssrqid1367
srqid349,ssrqid1684
srqid350,ssrqid2722
srqid350,ssrqid2842
srqid351,ssrqid1102
srqid351,ssrqid1483
srqid351,ssrqid1733
srqid352,ssrqid1071
srqid352,ssrqid2813
srqid353,ssrqid473
srqid353,ssrqid556
srqid354,ssrqid1791
srqid354,ssrqid2143
srqid354,ssrqid2398
srqid354,ssrqid726
srqid355,ssrqid1404
srqid355,ssrqid1990
srqid355,ssrqid2686
srqid355,ssrqid449
srqid356,ssrqid1271
srqid356,ssrqid839
srqid357,ssrqid2310
srqid357,ssrqid2436
srqid358,ssrqid2205
srqid358,ssrqid2771
srqid359,ssrqid136
srqid359,ssrqid1874
srqid359,ssrqid2859
srqid360,ssrqid148
srqid360,ssrqid153
srqid360,ssrqid1688
srqid360,ssrqid2650
srqid360,ssrqid320
srqid360,ssrqid757
srqid361,ssrqid1827
srqid361,ssrqid2247
srqid361,ssrqid2456
srqid362,ssrqid1298
srqid362,ssrqid1607
srqid362,ssrqid1958
srqid362,ssrqid2026
srqid362,ssrqid2031
srqid362,ssrqid594
srqid363,ssrqid2220
srqid363,ssrqid764
srqid363,ssrqid796
srqid363,ssrqid977
srqid364,ssrqid1649
srqid364,ssrqid216
srqid364,ssrqid616
srqid365,ssrqid141
srqid365,ssrqid2895
srqid366,ssrqid1441
srqid366,ssrqid2916
srqid367,ssrqid1431
srqid367,ssrqid16
srqid367,ssrqid2388
srqid367,ssrqid427
srqid368,ssrqid1017
srqid368,ssrqid123
srqid368,ssrqid125
srqid368,ssrqid127
srqid369,ssrqid1148
srqid369,ssrqid1536
srqid369,ssrqid2918
srqid369,ssrqid547
srqid370,ssrqid2861
srqid370,ssrqid687
srqid371,ssrqid1420
srqid371,ssrqid1795
srqid371,ssrqid1970
srqid371,ssrqid2139
srqid371,ssrqid2521
srqid371,ssrqid460
srqid371,ssrqid601
srqid372,ssrqid1676
srqid372,ssrqid2489
srqid372,ssrqid278
srqid373,ssrqid2995
srqid373,ssrqid548
srqid374,ssrqid2759
srqid374,ssrqid2869
srqid374,ssrqid609
srqid375,ssrqid1121
srqid375,ssrqid644
srqid376,ssrqid1201
srqid376,ssrqid2155
srqid376,ssrqid2733
srqid376,ssrqid279
srqid377,ssrqid2424
srqid377,ssrqid261
srqid377,ssrqid718
srqid378,ssrqid207
srqid378,ssrqid337
srqid379,ssrqid2529
srqid379,ssrqid46
srqid380,ssrqid1769
srqid380,ssrqid304
srqid381,ssrqid1506
srqid381,ssrqid2043
srqid381,ssrqid2819
srqid381,ssrqid406
srqid382,ssrqid1496
srqid382,ssrqid2514
srqid382,ssrqid2587
srqid383,ssrqid2573
srqid383,ssrqid2598
srqid383,ssrqid366
srqid383,ssrqid600
srqid384,ssrqid1191
srqid384,ssrqid2915
srqid384,ssrqid796
srqid385,ssrqid1022
srqid385,ssrqid1833
srqid386,ssrqid1656
srqid386,ssrqid2553
srqid386,ssrqid2710
srqid387,ssrqid1631
srqid387,ssrqid2461
srqid387,ssrqid287
srqid388,ssrqid1222
srqid388,ssrqid1250
srqid388,ssrqid1349
srqid388,ssrqid1773
srqid388,ssrqid1796
srqid388,ssrqid876
srqid389,ssrqid2078
srqid389,ssrqid2265
srqid389,ssrqid2853
srqid390,ssrqid2064
srqid390,ssrqid2423
srqid390,ssrqid2535
srqid390,ssrqid908
srqid391,ssrqid2178
srqid391,ssrqid22
srqid391,ssrqid538
srqid392,ssrqid1231
srqid392,ssrqid1473
srqid392,ssrqid65
srqid393,ssrqid1510
srqid393,ssrqid384
srqid393,ssrqid406
srqid394,ssrqid1427
srqid394,ssrqid1874
srqid394,ssrqid1900
srqid394,ssrqid2485
srqid395,ssrqid1821
srqid395,ssrqid1858
srqid395,ssrqid2598
srqid395,ssrqid444
srqid395,ssrqid76
srqid396,ssrqid1994
srqid396,ssrqid2270
srqid396,ssrqid2889
srqid397,ssrqid1272
srqid397,ssrqid1418
srqid397,ssrqid2701
srqid397,ssrqid980
srqid398,ssrqid1005
srqid398,ssrqid2359
srqid398,ssrqid2407
srqid398,ssrqid2822
srqid399,ssrqid2695
srqid399,ssrqid2869
srqid399,ssrqid908
srqid400,ssrqid1014
srqid400,ssrqid1856
srqid400,ssrqid2082
srqid400,ssrqid242
srqid401,ssrqid1024
srqid401,ssrqid2258
srqid401,ssrqid2983
srqid402,ssrqid1952
srqid402,ssrqid2840
srqid402,ssrqid461
srqid403,ssrqid1211
srqid403,ssrqid1428
srqid403,ssrqid147
srqid403,ssrqid1923
srqid403,ssrqid720
srqid404,ssrqid2371
srqid404,ssrqid268
srqid405,ssrqid2053
srqid405,ssrqid2622
srqid405,ssrqid625
srqid405,ssrqid673
srqid406,ssrqid1890
srqid406,ssrqid2564
srqid406,ssrqid412
srqid407,ssrqid1257
srqid407,ssrqid2878
srqid407,ssrqid405
srqid408,ssrqid2526
srqid408,ssrqid371
srqid408,ssrqid43
srqid409,ssrqid1200
srqid409,ssrqid1690
srqid409,ssrqid224
srqid409,ssrqid492
srqid409,ssrqid81
srqid410,ssrqid1294
srqid410,ssrqid2794
srqid410,ssrqid844
srqid411,ssrqid1126
srqid411,ssrqid1941
srqid411,ssrqid2454
srqid411,ssrqid444
srqid412,ssrqid147
srqid412,ssrqid1688
srqid412,ssrqid1899
srqid412,ssrqid2066
srqid413,ssrqid1258
srqid413,ssrqid2892
srqid413,ssrqid636
srqid414,ssrqid1335
srqid414,ssrqid1383
srqid414,ssrqid1710
srqid414,ssrqid1929
srqid414,ssrqid2921
srqid414,ssrqid670
srqid414,ssrqid681
srqid415,ssrqid2495
srqid415,ssrqid2996
srqid415,ssrqid520
srqid416,ssrqid1762
srqid416,ssrqid1848
srqid416,ssrqid1968
srqid416,ssrqid485
srqid417,ssrqid1928
srqid417,ssrqid418
srqid417,ssrqid948
srqid418,ssrqid1427
srqid418,ssrqid1672
srqid419,ssrqid2118
srqid419,ssrqid2333
srqid419,ssrqid2971
srqid419,ssrqid957
srqid420,ssrqid1695
srqid420,ssrqid2488
srqid420,ssrqid2515
srqid421,ssrqid2329
srqid421,ssrqid579
srqid421,ssrqid697
srqid422,ssrqid175
srqid422,ssrqid2966
srqid423,ssrqid1369
srqid423,ssrqid1395
srqid423,ssrqid1701
srqid423,ssrqid744
srqid423,ssrqid865
srqid424,ssrqid104
srqid424,ssrqid1150
srqid425,ssrqid1427
srqid425,ssrqid2521
srqid425,ssrqid2616
srqid425,ssrqid928
srqid426,ssrqid1480
srqid426,ssrqid2809
srqid426,ssrqid2829
srqid427,ssrqid1196
srqid427,ssrqid1264
srqid427,ssrqid349
srqid427,ssrqid375
srqid428,ssrqid1581
srqid428,ssrqid233
srqid429,ssrqid1137
srqid429,ssrqid1800
srqid430,ssrqid1357
srqid430,ssrqid2762
srqid430,ssrqid793
srqid431,ssrqid1520
srqid431,ssrqid1741
srqid431,ssrqid1959
srqid431,ssrqid2200
srqid431,ssrqid2334
srqid431,ssrqid2651
srqid432,ssrqid1184
srqid432,ssrqid559
srqid432,ssrqid704
srqid433,ssrqid1263
srqid433,ssrqid1575
srqid433,ssrqid2528
srqid433,ssrqid2789
srqid434,ssrqid1174
srqid434,ssrqid1362
srqid434,ssrqid960
srqid435,ssrqid2054
srqid435,ssrqid2568
srqid435,ssrqid2642
srqid435,ssrqid383
srqid436,ssrqid1391
srqid436,ssrqid2195
srqid436,ssrqid2588
srqid436,ssrqid40
srqid437,ssrqid1934
srqid437,ssrqid2953
srqid438,ssrqid2736
srqid438,ssrqid788
srqid438,ssrqid885
srqid439,ssrqid1318
srqid439,ssrqid1875
srqid440,ssrqid1592
srqid440,ssrqid321
srqid440,ssrqid962
srqid441,ssrqid1023
srqid441,ssrqid2792
srqid441,ssrqid661
srqid442,ssrqid2155
srqid442,ssrqid2837
srqid442,ssrqid694
srqid442,ssrqid964
srqid443,ssrqid1954
srqid443,ssrqid1980
srqid443,ssrqid2842
srqid443,ssrqid836
srqid444,ssrqid2595
srqid444,ssrqid2886
srqid444,ssrqid360
srqid445,ssrqid2492
srqid445,ssrqid671
srqid446,ssrqid424
srqid446,ssrqid66
srqid446,ssrqid661
srqid447,ssrqid1794
srqid447,ssrqid2359
srqid447,ssrqid2691
srqid447,ssrqid2992
srqid447,ssrqid709
srqid448,ssrqid1997
srqid448,ssrqid2254
srqid448,ssrqid2483
srqid448,ssrqid919
srqid449,ssrqid2292
srqid449,ssrqid2523
srqid449,ssrqid2776
srqid450,ssrqid1639
srqid450,ssrqid1807
srqid450,ssrqid2226
srqid450,ssrqid2227
srqid451,ssrqid1045
srqid451,ssrqid2029
srqid451,ssrqid706
srqid452,ssrqid1216
srqid452,ssrqid478
srqid452,ssrqid605
srqid453,ssrqid2188
srqid453,ssrqid2319
srqid453,ssrqid302
srqid454,ssrqid164
srqid454,ssrqid2719
srqid454,ssrqid662
srqid455,ssrqid2159
srqid455,ssrqid2870
srqid455,ssrqid306
srqid455,ssrqid792
srqid455,ssrqid993
srqid456,ssrqid2427
srqid456,ssrqid2811
srqid456,ssrqid837
srqid457,ssrqid2369
srqid457,ssrqid2607
srqid458,ssrqid1484
srqid458,ssrqid2098
srqid458,ssrqid794
srqid459,ssrqid1431
srqid459,ssrqid820
srqid460,ssrqid1033
srqid460,ssrqid2081
srqid460,ssrqid2564
srqid461,ssrqid1601
srqid461,ssrqid1891
srqid461,ssrqid2007
srqid461,ssrqid2243
srqid461,ssrqid2424
srqid461,ssrqid2891
srqid461,ssrqid35
srqid461,ssrqid54
srqid462,ssrqid1368
srqid462,ssrqid2536
srqid462,ssrqid2777
srqid462,ssrqid418
srqid463,ssrqid110
srqid463,ssrqid627
srqid464,ssrqid1192
srqid464,ssrqid1750
srqid464,ssrqid2456
srqid464,ssrqid304
srqid464,ssrqid645
srqid464,ssrqid689
srqid465,ssrqid165
srqid465,ssrqid2024
srqid465,ssrqid326
srqid465,ssrqid844
srqid466,ssrqid131
srqid466,ssrqid1669
srqid466,ssrqid2299
srqid467,ssrqid1973
srqid467,ssrqid864
srqid467,ssrqid971
srqid468,ssrqid1552
srqid468,ssrqid2123
srqid469,ssrqid1574
srqid469,ssrqid2418
srqid469,ssrqid448
srqid469,ssrqid657
srqid469,ssrqid690
srqid469,ssrqid752
srqid470,ssrqid188
srqid470,ssrqid2282
srqid470,ssrqid541
srqid471,ssrqid2097
srqid471,ssrqid2170
srqid471,ssrqid2724
srqid471,ssrqid818
srqid472,ssrqid2851
srqid472,ssrqid709
srqid473,ssrqid2376
srqid473,ssrqid2431
srqid474,ssrqid2662
srqid474,ssrqid2808
srqid475,ssrqid1207
srqid475,ssrqid2673
srqid476,ssrqid1959
srqid476,ssrqid2297
srqid477,ssrqid2296
srqid477,ssrqid719
srqid478,ssrqid1925
srqid478,ssrqid2078
srqid478,ssrqid2167
srqid478,ssrqid987
srqid479,ssrqid1279
srqid479,ssrqid2800
srqid479,ssrqid408
srqid480,ssrqid1491
srqid480,ssrqid1563
srqid480,ssrqid1584
srqid480,ssrqid1744
srqid481,ssrqid1029
srqid481,ssrqid1624
srqid481,ssrqid2882
srqid481,ssrqid2886
srqid481,ssrqid2976
srqid482,ssrqid1286
srqid482,ssrqid667
srqid483,ssrqid2079
srqid483,ssrqid2747
srqid483,ssrqid2898
srqid483,ssrqid652
srqid484,ssrqid120
srqid484,ssrqid1660
srqid484,ssrqid983
srqid484,ssrqid985
srqid485,ssrqid1082
srqid485,ssrqid2124
srqid485,ssrqid928
srqid486,ssrqid1019
srqid486,ssrqid2458
srqid486,ssrqid290
srqid486,ssrqid348
srqid487,ssrqid1633
srqid487,ssrqid1695
srqid487,ssrqid1750
srqid488,ssrqid1104
srqid488,ssrqid1979
srqid488,ssrqid934
srqid489,ssrqid1312
srqid489,ssrqid2215
srqid489,ssrqid558
srqid490,ssrqid1589
srqid490,ssrqid2395
srqid490,ssrqid2462
srqid491,ssrqid1597
srqid491,ssrqid2610
srqid492,ssrqid121
srqid492,ssrqid2091
srqid492,ssrqid2510
srqid492,ssrqid838
srqid493,ssrqid160
srqid493,ssrqid1718
srqid493,ssrqid707
srqid493,ssrqid892
srqid494,ssrqid211
srqid494,ssrqid280
srqid495,ssrqid118
srqid495,ssrqid406
srqid496,ssrqid1039
srqid496,ssrqid1086
srqid496,ssrqid1231
srqid496,ssrqid382
srqid497,ssrqid1256
srqid497,ssrqid1485
srqid497,ssrqid274
srqid498,ssrqid2561
srqid498,ssrqid6
srqid499,ssrqid1564
srqid499,ssrqid706
srqid500,ssrqid1171
srqid500,ssrqid1494
srqid500,ssrqid351
srqid500,ssrqid379
srqid501,ssrqid1270
srqid501,ssrqid1617
srqid501,ssrqid1706
srqid501,ssrqid1736
srqid501,ssrqid338
srqid501,ssrqid365
srqid501,ssrqid681
srqid502,ssrqid154
srqid502,ssrqid240
srqid502,ssrqid810
srqid503,ssrqid1642
srqid503,ssrqid794
srqid504,ssrqid1700
srqid504,ssrqid1737
srqid504,ssrqid1875
srqid504,ssrqid2705
srqid504,ssrqid387
srqid504,ssrqid585
srqid504,ssrqid634
srqid504,ssrqid794
srqid505,ssrqid1139
srqid505,ssrqid1992
srqid505,ssrqid2252
srqid506,ssrqid1835
srqid506,ssrqid2948
srqid507,ssrqid103
srqid507,ssrqid2320
srqid507,ssrqid2480
srqid507,ssrqid2730
srqid508,ssrqid1689
srqid508,ssrqid2355
srqid508,ssrqid2873
srqid508,ssrqid756
srqid509,ssrqid1753
srqid509,ssrqid412
srqid509,ssrqid501
srqid509,ssrqid6
srqid510,ssrqid2193
srqid510,ssrqid2423
srqid510,ssrqid2909
srqid511,ssrqid1348
srqid511,ssrqid1977
srqid511,ssrqid351
srqid512,ssrqid1773
srqid512,ssrqid2585
srqid512,ssrqid2687
srqid512,ssrqid2808
srqid512,ssrqid2852
srqid513,ssrqid2153
srqid513,ssrqid274
srqid513,ssrqid357
srqid514,ssrqid399
srqid514,ssrqid692
srqid514,ssrqid968
srqid515,ssrqid1134
srqid515,ssrqid313
srqid515,ssrqid370
srqid516,ssrqid1493
srqid516,ssrqid254
srqid516,ssrqid2883
srqid517,ssrqid1455
srqid517,ssrqid1883
srqid518,ssrqid1389
srqid518,ssrqid1930
srqid518,ssrqid60
srqid518,ssrqid899
srqid519,ssrqid1369
srqid519,ssrqid1498
srqid519,ssrqid2107
srqid519,ssrqid2871
srqid520,ssrqid1040
srqid520,ssrqid135
srqid520,ssrqid2720
srqid520,ssrqid2725
srqid521,ssrqid1541
srqid521,ssrqid1573
srqid521,ssrqid1669
srqid521,ssrqid1882
srqid521,ssrqid2159
srqid521,ssrqid2541
srqid521,ssrqid339
srqid522,ssrqid2136
srqid522,ssrqid2141
srqid522,ssrqid2316
srqid522,ssrqid281
srqid523,ssrqid1484
srqid523,ssrqid1770
srqid523,ssrqid2183
srqid523,ssrqid2429
srqid523,ssrqid2870
srqid524,ssrqid1033
srqid524,ssrqid657
srqid525,ssrqid1934
srqid525,ssrqid1983
srqid525,ssrqid2229
srqid525,ssrqid987
srqid526,ssrqid145
srqid526,ssrqid336
srqid526,ssrqid704
srqid526,ssrqid990
srqid527,ssrqid1626
srqid527,ssrqid2937
srqid528,ssrqid1179
srqid528,ssrqid2335
srqid528,ssrqid2778
srqid529,ssrqid190
srqid529,ssrqid446
srqid529,ssrqid713
srqid530,ssrqid170
srqid530,ssrqid460
srqid530,ssrqid917
srqid531,ssrqid1063
srqid531,ssrqid1585
srqid531,ssrqid2361
srqid531,ssrqid958
srqid532,ssrqid1732
srqid532,ssrqid2072
srqid532,ssrqid2596
srqid532,ssrqid367
srqid532,ssrqid405
srqid532,ssrqid703
srqid533,ssrqid1331
srqid533,ssrqid2038
srqid534,ssrqid104
srqid534,ssrqid1355
srqid534,ssrqid1891
srqid535,ssrqid2332
srqid535,ssrqid2453
srqid535,ssrqid2692
srqid535,ssrqid435
srqid536,ssrqid1463
srqid536,ssrqid2421
srqid536,ssrqid2442
srqid536,ssrqid457
srqid536,ssrqid770
srqid537,ssrqid1121
srqid537,ssrqid1228
srqid537,ssrqid1643
srqid537,ssrqid407
srqid538,ssrqid1424
srqid538,ssrqid146
srqid538,ssrqid2401
srqid538,ssrqid430
srqid539,ssrqid1989
srqid539,ssrqid409
srqid540,ssrqid1319
srqid540,ssrqid2969
srqid540,ssrqid665
srqid541,ssrqid1014
srqid541,ssrqid355
srqid542,ssrqid14
srqid542,ssrqid2130
srqid542,ssrqid224
srqid542,ssrqid2878
srqid543,ssrqid1326
srqid543,ssrqid2284
srqid543,ssrqid390
srqid543,ssrqid653
srqid544,ssrqid1555
srqid544,ssrqid2570
srqid544,ssrqid841
srqid545,ssrqid1132
srqid545,ssrqid2812
srqid546,ssrqid2085
srqid546,ssrqid336
srqid546,ssrqid756
srqid547,ssrqid105
srqid547,ssrqid1347
srqid547,ssrqid1685
srqid547,ssrqid2363
srqid547,ssrqid2670
srqid547,ssrqid2923
srqid547,ssrqid610
srqid547,ssrqid733
srqid548,ssrqid1781
srqid548,ssrqid2387
srqid549,ssrqid389
srqid549,ssrqid624
srqid550,ssrqid1547
srqid550,ssrqid1714
srqid550,ssrqid2660
srqid550,ssrqid608
srqid551,ssrqid1966
srqid551,ssrqid2374
srqid552,ssrqid2012
srqid552,ssrqid637
srqid553,ssrqid128
srqid553,ssrqid1477
srqid553,ssrqid1487
srqid553,ssrqid2006
srqid554,ssrqid1403
srqid554,ssrqid1525
srqid554,ssrqid1791
srqid554,ssrqid197
srqid554,ssrqid2150
srqid554,ssrqid2292
srqid554,ssrqid2529
srqid555,ssrqid1038
srqid555,ssrqid1046
srqid555,ssrqid1700
srqid555,ssrqid558
srqid556,ssrqid1233
srqid556,ssrqid1287
srqid556,ssrqid700
srqid557,ssrqid181
srqid557,ssrqid311
srqid557,ssrqid398
srqid558,ssrqid379
srqid558,ssrqid851
srqid558,ssrqid979
srqid559,ssrqid1843
srqid559,ssrqid596
srqid559,ssrqid818
srqid559,ssrqid892
srqid560,ssrqid169
srqid560,ssrqid2492
srqid561,ssrqid210
srqid561,ssrqid2309
srqid561,ssrqid2456
srqid561,ssrqid2690
srqid561,ssrqid2769
srqid561,ssrqid444
srqid561,ssrqid529
srqid562,ssrqid1885
srqid562,ssrqid229
srqid562,ssrqid2602
srqid562,ssrqid2787
srqid563,ssrqid1905
srqid563,ssrqid203
srqid563,ssrqid2139
srqid563,ssrqid2275
srqid563,ssrqid2300
srqid563,ssrqid2597
srqid563,ssrqid538
srqid564,ssrqid1522
srqid564,ssrqid1932
srqid564,ssrqid1991
srqid564,ssrqid467
srqid564,ssrqid602
srqid564,ssrqid959
srqid565,ssrqid2612
srqid565,ssrqid333
srqid565,ssrqid453
srqid565,ssrqid95
srqid566,ssrqid1607
srqid566,ssrqid227
srqid566,ssrqid789
srqid567,ssrqid1042
srqid567,ssrqid1175
srqid567,ssrqid1519
srqid567,ssrqid1563
srqid567,ssrqid2190
srqid567,ssrqid22
srqid567,ssrqid2223
srqid567,ssrqid846
srqid568,ssrqid1017
srqid568,ssrqid2793
srqid568,ssrqid282
srqid569,ssrqid1284
srqid569,ssrqid2112
srqid569,ssrqid2910
srqid569,ssrqid796
srqid570,ssrqid1507
srqid570,ssrqid1850
srqid570,ssrqid1879
srqid570,ssrqid627
srqid571,ssrqid1072
srqid571,ssrqid1745
srqid571,ssrqid2339
srqid571,ssrqid2494
srqid572,ssrqid1515
srqid572,ssrqid191
srqid572,ssrqid2234
srqid572,ssrqid2818
srqid572,ssrqid952
srqid573,ssrqid1357
srqid573,ssrqid145
srqid573,ssrqid2467
srqid573,ssrqid459
srqid574,ssrqid2274
srqid574,ssrqid82
srqid575,ssrqid1954
srqid575,ssrqid748
srqid576,ssrqid1185
srqid576,ssrqid1283
srqid576,ssrqid1913
srqid576,ssrqid274
srqid576,ssrqid2832
srqid576,ssrqid48
srqid577,ssrqid2065
srqid577,ssrqid2465
srqid577,ssrqid699
srqid577,ssrqid778
srqid578,ssrqid2548
srqid578,ssrqid2966
srqid578,ssrqid575
srqid579,ssrqid1033
srqid579,ssrqid1347
srqid579,ssrqid180
srqid579,ssrqid2063
srqid579,ssrqid579
srqid579,ssrqid928
srqid580,ssrqid1976
srqid580,ssrqid693
srqid581,ssrqid1062
srqid581,ssrqid2384
srqid581,ssrqid951
srqid582,ssrqid365
srqid582,ssrqid83
srqid583,ssrqid1242
srqid583,ssrqid1396
srqid583,ssrqid2237
srqid584,ssrqid2526
srqid584,ssrqid2531
srqid584,ssrqid384
srqid584,ssrqid88
srqid585,ssrqid1068
srqid585,ssrqid2164
srqid585,ssrqid253
srqid585,ssrqid553
srqid586,ssrqid2434
srqid586,ssrqid877
srqid587,ssrqid2901
srqid587,ssrqid365
srqid587,ssrqid521
srqid587,ssrqid680
srqid588,ssrqid2796
srqid588,ssrqid495
srqid588,ssrqid524
srqid588,ssrqid997
srqid589,ssrqid2597
srqid589,ssrqid845
srqid590,ssrqid1859
srqid590,ssrqid2475
srqid590,ssrqid2497
srqid590,ssrqid746
srqid591,ssrqid1414
srqid591,ssrqid1716
srqid591,ssrqid1776
srqid591,ssrqid2462
srqid591,ssrqid547
srqid591,ssrqid728
srqid592,ssrqid1207
srqid592,ssrqid1766
srqid592,ssrqid2650
srqid592,ssrqid2681
srqid592,ssrqid340
srqid592,ssrqid382
srqid593,ssrqid1871
srqid593,ssrqid2746
srqid593,ssrqid886
srqid594,ssrqid2275
srqid594,ssrqid2343
srqid594,ssrqid2744
srqid594,ssrqid2851
srqid594,ssrqid907
srqid595,ssrqid105
srqid595,ssrqid2257
srqid596,ssrqid1428
srqid596,ssrqid2028
srqid597,ssrqid1203
srqid597,ssrqid2067
srqid597,ssrqid2974
srqid598,ssrqid1418
srqid598,ssrqid2208
srqid598,ssrqid2385
srqid598,ssrqid2642
srqid598,ssrqid2971
srqid598,ssrqid360
srqid598,ssrqid566
srqid598,ssrqid710
srqid599,ssrqid2872
srqid599,ssrqid341
srqid599,ssrqid607
srqid600,ssrqid1391
srqid600,ssrqid2089
srqid600,ssrqid383
srqid600,ssrqid794
srqid601,ssrqid1231
srqid601,ssrqid1361
srqid601,ssrqid2058
srqid602,ssrqid1293
srqid602,ssrqid2755
srqid602,ssrqid643
srqid603,ssrqid1357
srqid603,ssrqid2311
srqid603,ssrqid2588
srqid604,ssrqid758
srqid604,ssrqid815
srqid605,ssrqid1147
srqid605,ssrqid1341
srqid606,ssrqid1719
srqid606,ssrqid1774
srqid606,ssrqid1775
srqid606,ssrqid445
srqid607,ssrqid1158
srqid607,ssrqid1381
srqid608,ssrqid1253
srqid608,ssrqid1836
srqid608,ssrqid1884
srqid609,ssrqid1811
srqid609,ssrqid2510
srqid610,ssrqid114
srqid610,ssrqid2308
srqid610,ssrqid2538
srqid610,ssrqid271
srqid610,ssrqid546
srqid611,ssrqid1838
srqid611,ssrqid468
srqid611,ssrqid560
srqid612,ssrqid2176
srqid612,ssrqid2779
srqid612,ssrqid644
srqid612,ssrqid683
srqid613,ssrqid390
srqid613,ssrqid902
srqid614,ssrqid1556
srqid614,ssrqid2095
srqid614,ssrqid2820
srqid614,ssrqid955
srqid615,ssrqid2632
srqid615,ssrqid546
srqid616,ssrqid1645
srqid616,ssrqid2242
srqid616,ssrqid2345
srqid616,ssrqid2426
srqid617,ssrqid1435
srqid617,ssrqid2144
srqid617,ssrqid2685
srqid617,ssrqid2871
srqid618,ssrqid1271
srqid618,ssrqid1301
srqid618,ssrqid2018
srqid619,ssrqid1671
srqid619,ssrqid2219
srqid619,ssrqid2721
srqid619,ssrqid2813
srqid619,ssrqid2995
srqid619,ssrqid970
srqid620,ssrqid1035
srqid620,ssrqid1271
srqid620,ssrqid1465
srqid620,ssrqid1733
srqid621,ssrqid117
srqid621,ssrqid722
srqid622,ssrqid1171
srqid622,ssrqid2637
srqid623,ssrqid1053
srqid623,ssrqid1237
srqid623,ssrqid1282
srqid623,ssrqid1348
srqid623,ssrqid2089
srqid623,ssrqid2166
srqid623,ssrqid2587
srqid623,ssrqid933
srqid624,ssrqid1683
srqid624,ssrqid200
srqid624,ssrqid2737
srqid624,ssrqid305
srqid625,ssrqid1373
srqid625,ssrqid205
srqid625,ssrqid565
srqid625,ssrqid832
srqid626,ssrqid1205
srqid626,ssrqid2783
srqid627,ssrqid1354
srqid627,ssrqid2230
srqid628,ssrqid2488
srqid628,ssrqid2722
srqid628,ssrqid2946
srqid629,ssrqid2211
srqid629,ssrqid2275
srqid629,ssrqid2383
srqid629,ssrqid2421
srqid630,ssrqid1100
srqid630,ssrqid896
srqid631,ssrqid1882
srqid631,ssrqid2334
srqid631,ssrqid737
srqid632,ssrqid1753
srqid632,ssrqid2260
srqid633,ssrqid1172
srqid633,ssrqid1699
srqid633,ssrqid1906
srqid633,ssrqid2054
srqid634,ssrqid1137
srqid634,ssrqid740
srqid635,ssrqid1338
srqid635,ssrqid2031
srqid635,ssrqid2142
srqid635,ssrqid560
srqid636,ssrqid1416
srqid636,ssrqid1790
srqid636,ssrqid1860
srqid636,ssrqid474
srqid637,ssrqid1256
srqid637,ssrqid1962
srqid637,ssrqid2766
srqid638,ssrqid1225
srqid638,ssrqid1399
srqid638,ssrqid831
srqid638,ssrqid890
srqid639,ssrqid1335
srqid639,ssrqid473
srqid639,ssrqid488
srqid639,ssrqid812
srqid640,ssrqid1013
srqid640,ssrqid1061
srqid640,ssrqid2407
srqid640,ssrqid856
srqid641,ssrqid1014
srqid641,ssrqid2966
srqid642,ssrqid1057
srqid642,ssrqid1736
srqid642,ssrqid2783
srqid643,ssrqid1465
srqid643,ssrqid281
srqid643,ssrqid821
srqid643,ssrqid891
srqid644,ssrqid1277
srqid644,ssrqid2906
srqid644,ssrqid403
srqid644,ssrqid459
srqid645,ssrqid1382
srqid645,ssrqid1978
srqid645,ssrqid2473
srqid645,ssrqid547
srqid645,ssrqid943
srqid646,ssrqid146
srqid646,ssrqid853
srqid647,ssrqid2688
srqid647,ssrqid364
srqid648,ssrqid1328
srqid648,ssrqid2488
srqid649,ssrqid2467
srqid649,ssrqid862
srqid649,ssrqid901
srqid650,ssrqid2024
srqid650,ssrqid2553
srqid650,ssrqid2559
srqid650,ssrqid2700
srqid651,ssrqid17
srqid651,ssrqid2791
srqid652,ssrqid1117
srqid652,ssrqid2478
srqid652,ssrqid2717
srqid652,ssrqid2744
srqid652,ssrqid534
srqid652,ssrqid609
srqid652,ssrqid845
srqid653,ssrqid1425
srqid653,ssrqid1557
srqid653,ssrqid2799
srqid653,ssrqid2902
srqid654,ssrqid1447
srqid654,ssrqid1671
srqid654,ssrqid243
srqid654,ssrqid2917
srqid655,ssrqid1112
srqid655,ssrqid1739
srqid655,ssrqid220
srqid656,ssrqid1050
srqid656,ssrqid1193
srqid656,ssrqid1462
srqid657,ssrqid1100
srqid657,ssrqid2827
srqid657,ssrqid503
srqid658,ssrqid120
srqid658,ssrqid2585
srqid659,ssrqid2590
srqid659,ssrqid561
srqid660,ssrqid1279
srqid660,ssrqid230
srqid660,ssrqid2936
srqid661,ssrqid2613
srqid661,ssrqid2705
srqid661,ssrqid390
srqid662,ssrqid1206
srqid662,ssrqid2999
srqid663,ssrqid1033
srqid663,ssrqid1144
srqid663,ssrqid1484
srqid663,ssrqid2753
srqid664,ssrqid1302
srqid664,ssrqid1362
srqid664,ssrqid954
srqid665,ssrqid1049
srqid665,ssrqid1076
srqid665,ssrqid1580
srqid665,ssrqid2477
srqid665,ssrqid2519
srqid665,ssrqid2849
srqid665,ssrqid471
srqid665,ssrqid937
srqid666,ssrqid1568
srqid666,ssrqid1595
srqid666,ssrqid2054
srqid666,ssrqid216
srqid666,ssrqid2689
srqid666,ssrqid518
srqid667,ssrqid1234
srqid667,ssrqid1847
srqid667,ssrqid2289
srqid668,ssrqid1009
srqid668,ssrqid2740
srqid668,ssrqid435
srqid669,ssrqid2244
srqid669,ssrqid2979
srqid669,ssrqid391
srqid669,ssrqid489
srqid670,ssrqid1447
srqid670,ssrqid1891
srqid670,ssrqid1908
srqid670,ssrqid1956
srqid670,ssrqid2324
srqid670,ssrqid2929
srqid670,ssrqid664
srqid670,ssrqid814
srqid671,ssrqid45
srqid671,ssrqid50
srqid671,ssrqid654
srqid672,ssrqid1614
srqid672,ssrqid2055
srqid672,ssrqid2709
srqid672,ssrqid361
srqid673,ssrqid2543
srqid673,ssrqid717
srqid674,ssrqid1378
srqid674,ssrqid1694
srqid674,ssrqid269
srqid674,ssrqid964
srqid675,ssrqid212
srqid675,ssrqid2647
srqid675,ssrqid68
srqid676,ssrqid1423
srqid676,ssrqid1923
srqid677,ssrqid1476
srqid677,ssrqid1843
srqid677,ssrqid1903
srqid678,ssrqid1328
srqid678,ssrqid1455
srqid678,ssrqid2050
srqid679,ssrqid1
srqid679,ssrqid1196
srqid679,ssrqid2256
srqid679,ssrqid513
srqid680,ssrqid1675
srqid680,ssrqid2939
srqid680,ssrqid399
srqid681,ssrqid1334
srqid681,ssrqid2890
srqid682,ssrqid1269
srqid682,ssrqid1796
srqid682,ssrqid1865
srqid682,ssrqid523
srqid683,ssrqid2922
srqid683,ssrqid753
srqid684,ssrqid1265
srqid684,ssrqid1323
srqid685,ssrqid1643
srqid685,ssrqid2405
srqid686,ssrqid2986
srqid686,ssrqid809
srqid687,ssrqid2303
srqid687,ssrqid2930
srqid687,ssrqid349
srqid687,ssrqid503
srqid688,ssrqid1883
srqid688,ssrqid2242
srqid688,ssrqid2870
srqid689,ssrqid174
srqid689,ssrqid184
srqid689,ssrqid2201
srqid689,ssrqid2934
srqid689,ssrqid918
srqid690,ssrqid1250
srqid690,ssrqid1486
srqid690,ssrqid2129
srqid691,ssrqid1102
srqid691,ssrqid1598
srqid691,ssrqid2966
srqid691,ssrqid54
srqid692,ssrqid1032
srqid692,ssrqid71
srqid693,ssrqid2737
srqid693,ssrqid437
srqid693,ssrqid959
srqid694,ssrqid1313
srqid694,ssrqid168
srqid694,ssrqid2302
srqid694,ssrqid2813
srqid695,ssrqid1273
srqid695,ssrqid1451
srqid695,ssrqid2034
srqid695,ssrqid2251
srqid696,ssrqid1965
srqid696,ssrqid2392
srqid696,ssrqid623
srqid697,ssrqid1231
srqid697,ssrqid1823
srqid698,ssrqid1449
srqid698,ssrqid2104
srqid698,ssrqid2734
srqid698,ssrqid766
srqid699,ssrqid107
srqid699,ssrqid1151
srqid699,ssrqid456
srqid699,ssrqid515
srqid700,ssrqid1215
srqid700,ssrqid1587
srqid700,ssrqid2374
srqid700,ssrqid2528
srqid700,ssrqid378
srqid700,ssrqid939
srqid701,ssrqid1994
srqid701,ssrqid2806
srqid701,ssrqid2807
srqid701,ssrqid433
srqid702,ssrqid2054
srqid702,ssrqid461
srqid703,ssrqid1365
srqid703,ssrqid1799
srqid703,ssrqid225
srqid703,ssrqid2251
srqid703,ssrqid2516
srqid704,ssrqid1598
srqid704,ssrqid371
srqid705,ssrqid1052
srqid705,ssrqid1170
srqid705,ssrqid1512
srqid705,ssrqid1907
srqid705,ssrqid197
srqid705,ssrqid2531
srqid705,ssrqid2757
srqid705,ssrqid949
srqid706,ssrqid1402
srqid706,ssrqid420
srqid707,ssrqid1041
srqid707,ssrqid251
srqid707,ssrqid2664
srqid707,ssrqid38
srqid707,ssrqid999
srqid708,ssrqid1266
srqid708,ssrqid1299
srqid708,ssrqid2950
srqid708,ssrqid825
srqid709,ssrqid1545
srqid709,ssrqid2189
srqid709,ssrqid730
srqid709,ssrqid827
srqid710,ssrqid1450
srqid710,ssrqid2063
srqid710,ssrqid2217
srqid710,ssrqid594
srqid711,ssrqid1555
srqid711,ssrqid2510
srqid711,ssrqid2861
srqid712,ssrqid1314
srqid712,ssrqid2550
srqid712,ssrqid405
srqid712,ssrqid46
srqid713,ssrqid1160
srqid713,ssrqid1675
srqid713,ssrqid223
srqid714,ssrqid1303
srqid714,ssrqid1723
srqid714,ssrqid182
srqid715,ssrqid1468
srqid715,ssrqid2649
srqid715,ssrqid388
srqid716,ssrqid1694
srqid716,ssrqid202
srqid716,ssrqid732
srqid716,ssrqid742
srqid717,ssrqid1126
srqid717,ssrqid1682
srqid717,ssrqid1714
srqid717,ssrqid1718
srqid718,ssrqid2819
srqid718,ssrqid880
srqid718,ssrqid968
srqid719,ssrqid158
srqid719,ssrqid1763
srqid719,ssrqid2329
srqid719,ssrqid2934
srqid719,ssrqid423
srqid719,ssrqid447
srqid719,ssrqid867
srqid719,ssrqid87
srqid720,ssrqid1935
srqid720,ssrqid562
srqid721,ssrqid2995
srqid721,ssrqid379
srqid722,ssrqid1031
srqid722,ssrqid1740
srqid722,ssrqid2689
srqid722,ssrqid2894
srqid723,ssrqid2217
srqid723,ssrqid649
srqid723,ssrqid865
srqid724,ssrqid1029
srqid724,ssrqid2316
srqid724,ssrqid2446
srqid725,ssrqid1468
srqid725,ssrqid1594
srqid725,ssrqid690
srqid725,ssrqid905
srqid726,ssrqid1227
srqid726,ssrqid2417
srqid726,ssrqid660
srqid726,ssrqid906
srqid726,ssrqid915
srqid727,ssrqid1064
srqid727,ssrqid993
srqid728,ssrqid1328
srqid728,ssrqid1639
srqid728,ssrqid1758
srqid728,ssrqid2271
srqid728,ssrqid2517
srqid728,ssrqid267
srqid728,ssrqid2948
srqid728,ssrqid511
srqid729,ssrqid1433
srqid729,ssrqid1688
srqid729,ssrqid2663
srqid729,ssrqid2912
srqid730,ssrqid1210
srqid730,ssrqid1416
srqid730,ssrqid1815
srqid730,ssrqid1875
srqid730,ssrqid240
srqid730,ssrqid353
srqid730,ssrqid458
srqid731,ssrqid1378
srqid731,ssrqid510
srqid731,ssrqid73
srqid732,ssrqid153
srqid732,ssrqid1567
srqid732,ssrqid349
srqid733,ssrqid2414
srqid733,ssrqid2700
srqid734,ssrqid1039
srqid734,ssrqid2422
srqid734,ssrqid2862
srqid734,ssrqid789
srqid735,ssrqid2418
srqid735,ssrqid2650
srqid735,ssrqid591
srqid736,ssrqid2390
srqid736,ssrqid2547
srqid736,ssrqid2681
srqid736,ssrqid626
srqid737,ssrqid2313
srqid737,ssrqid2442
srqid737,ssrqid558
srqid737,ssrqid819
srqid737,ssrqid874
srqid738,ssrqid1225
srqid738,ssrqid1768
srqid738,ssrqid398
srqid738,ssrqid80
srqid739,ssrqid160
srqid739,ssrqid2587
srqid739,ssrqid2686
srqid739,ssrqid2961
srqid740,ssrqid1692
srqid740,ssrqid238
srqid740,ssrqid2656
srqid740,ssrqid646
srqid741,ssrqid245
srqid741,ssrqid2705
srqid741,ssrqid2983
srqid741,ssrqid472
srqid742,ssrqid1052
srqid742,ssrqid1679
srqid742,ssrqid1857
srqid743,ssrqid2573
srqid743,ssrqid2808
srqid744,ssrqid1115
srqid744,ssrqid1492
srqid744,ssrqid2734
srqid744,ssrqid289
srqid744,ssrqid364
srqid744,ssrqid602
srqid744,ssrqid928
srqid745,ssrqid1878
srqid745,ssrqid2013
srqid745,ssrqid2688
srqid745,ssrqid945
srqid746,ssrqid157
srqid746,ssrqid1773
srqid746,ssrqid2881
srqid747,ssrqid1115
srqid747,ssrqid1224
srqid747,ssrqid2812
srqid747,ssrqid514
srqid748,ssrqid2271
srqid748,ssrqid753
srqid749,ssrqid1391
srqid749,ssrqid1906
srqid749,ssrqid2780
srqid750,ssrqid2024
srqid750,ssrqid2510
srqid750,ssrqid2880
srqid751,ssrqid1102
srqid751,ssrqid1353
srqid751,ssrqid1419
srqid751,ssrqid1557
srqid752,ssrqid259
srqid752,ssrqid546
srqid753,ssrqid1731
srqid753,ssrqid2082
srqid753,ssrqid2437
srqid754,ssrqid1149
srqid754,ssrqid1841
srqid754,ssrqid805
srqid755,ssrqid2397
srqid755,ssrqid2657
srqid755,ssrqid2863
srqid756,ssrqid201
srqid756,ssrqid2410
srqid756,ssrqid973
srqid757,ssrqid2259
srqid757,ssrqid2294
srqid757,ssrqid2526
srqid758,ssrqid2110
srqid758,ssrqid552
srqid759,ssrqid1564
srqid759,ssrqid1850
srqid759,ssrqid1918
srqid759,ssrqid2114
srqid759,ssrqid2185
srqid759,ssrqid2276
srqid759,ssrqid781
srqid760,ssrqid2181
srqid760,ssrqid2363
srqid760,ssrqid863
srqid761,ssrqid108
srqid761,ssrqid1804
srqid761,ssrqid1988
srqid761,ssrqid2725
srqid762,ssrqid1253
srqid762,ssrqid2073
srqid763,ssrqid1518
srqid763,ssrqid1541
srqid763,ssrqid797
srqid764,ssrqid2235
srqid764,ssrqid2373
srqid764,ssrqid309
srqid764,ssrqid847
srqid765,ssrqid2305
srqid765,ssrqid2452
srqid765,ssrqid2774
srqid765,ssrqid2832
srqid766,ssrqid1892
srqid766,ssrqid2002
srqid766,ssrqid2468
srqid767,ssrqid1237
srqid767,ssrqid130
srqid767,ssrqid2567
srqid768,ssrqid1944
srqid768,ssrqid2354
srqid769,ssrqid1995
srqid769,ssrqid2175
srqid770,ssrqid1305
srqid770,ssrqid1935
srqid770,ssrqid607
srqid771,ssrqid1859
srqid771,ssrqid2586
srqid771,ssrqid616
srqid772,ssrqid1065
srqid772,ssrqid2296
srqid772,ssrqid832
srqid773,ssrqid1552
srqid773,ssrqid2496
srqid773,ssrqid2611
srqid773,ssrqid902
srqid774,ssrqid2533
srqid774,ssrqid316
srqid774,ssrqid534
srqid774,ssrqid984
srqid775,ssrqid1427
srqid775,ssrqid416
srqid775,ssrqid97
srqid776,ssrqid2904
srqid776,ssrqid681
srqid777,ssrqid1905
srqid777,ssrqid2097
srqid777,ssrqid2543
srqid777,ssrqid756
srqid778,ssrqid1296
srqid778,ssrqid2431
srqid778,ssrqid251
srqid778,ssrqid2899
srqid779,ssrqid1035
srqid779,ssrqid2792
srqid779,ssrqid36
srqid780,ssrqid1124
srqid780,ssrqid1346
srqid780,ssrqid1665
srqid780,ssrqid1987
srqid780,ssrqid2042
srqid780,ssrqid2112
srqid780,ssrqid460
srqid780,ssrqid558
srqid781,ssrqid1430
srqid781,ssrqid599
srqid782,ssrqid1381
srqid782,ssrqid546
srqid783,ssrqid171
srqid783,ssrqid2968
srqid783,ssrqid775
srqid784,ssrqid1781
srqid784,ssrqid1790
srqid784,ssrqid2969
srqid785,ssrqid1088
srqid785,ssrqid1767
srqid785,ssrqid2237
srqid785,ssrqid2785
srqid786,ssrqid392
srqid786,ssrqid902
srqid787,ssrqid2334
srqid787,ssrqid2641
srqid787,ssrqid525
srqid788,ssrqid1275
srqid788,ssrqid1400
srqid788,ssrqid2131
srqid789,ssrqid1008
srqid789,ssrqid1829
srqid789,ssrqid2638
srqid790,ssrqid1569
srqid790,ssrqid2877
srqid790,ssrqid2919
srqid790,ssrqid761
srqid791,ssrqid1137
srqid791,ssrqid1571
srqid791,ssrqid2455
srqid791,ssrqid2994
srqid792,ssrqid1071
srqid792,ssrqid1087
srqid792,ssrqid347
srqid793,ssrqid1647
srqid793,ssrqid2582
srqid793,ssrqid619
srqid794,ssrqid1967
srqid794,ssrqid2349
srqid794,ssrqid2659
srqid795,ssrqid2830
srqid795,ssrqid2854
srqid795,ssrqid2997
srqid795,ssrqid363
srqid796,ssrqid2208
srqid796,ssrqid2434
srqid797,ssrqid1326
srqid797,ssrqid2371
srqid797,ssrqid641
srqid798,ssrqid1083
srqid798,ssrqid1714
srqid798,ssrqid1747
srqid798,ssrqid499
srqid799,ssrqid1473
srqid799,ssrqid1569
srqid799,ssrqid1651
srqid799,ssrqid1998
srqid800,ssrqid1088
srqid800,ssrqid1420
srqid800,ssrqid1618
srqid800,ssrqid98
srqid801,ssrqid2876
srqid801,ssrqid2966
srqid802,ssrqid1118
srqid802,ssrqid1534
srqid802,ssrqid1715
srqid802,ssrqid2111
srqid803,ssrqid1381
srqid803,ssrqid2173
srqid803,ssrqid840
srqid803,ssrqid848
srqid804,ssrqid216
srqid804,ssrqid558
srqid805,ssrqid2250
srqid805,ssrqid2963
srqid806,ssrqid241
srqid806,ssrqid584
srqid807,ssrqid1550
srqid807,ssrqid43
srqid807,ssrqid892
srqid808,ssrqid1133
srqid808,ssrqid698
srqid809,ssrqid1359
srqid809,ssrqid2211
srqid809,ssrqid2674
srqid809,ssrqid894
srqid810,ssrqid2242
srqid810,ssrqid2706
srqid810,ssrqid835
srqid811,ssrqid2695
srqid811,ssrqid442
srqid811,ssrqid63
srqid811,ssrqid7
srqid812,ssrqid1127
srqid812,ssrqid1811
srqid812,ssrqid2450
srqid812,ssrqid2717
srqid813,ssrqid1369
srqid813,ssrqid1726
srqid813,ssrqid1802
srqid813,ssrqid2829
srqid814,ssrqid2460
srqid814,ssrqid2949
srqid814,ssrqid589
srqid815,ssrqid1573
srqid815,ssrqid2626
srqid815,ssrqid2761
srqid815,ssrqid613
srqid816,ssrqid1740
srqid816,ssrqid1994
srqid816,ssrqid2777
srqid816,ssrqid548
srqid817,ssrqid2703
srqid817,ssrqid667
srqid818,ssrqid1223
srqid818,ssrqid2387
srqid818,ssrqid2793
srqid818,ssrqid2840
srqid819,ssrqid2782
srqid819,ssrqid378
srqid820,ssrqid2553
srqid820,ssrqid2699
srqid820,ssrqid2708
srqid821,ssrqid1896
srqid821,ssrqid1948
srqid821,ssrqid1959
srqid822,ssrqid1185
srqid822,ssrqid1438
srqid822,ssrqid1579
srqid822,ssrqid167
srqid822,ssrqid222
srqid822,ssrqid575
srqid823,ssrqid132
srqid823,ssrqid1799
srqid823,ssrqid2221
srqid824,ssrqid1857
srqid824,ssrqid2097
srqid824,ssrqid2463
srqid825,ssrqid1271
srqid825,ssrqid2124
srqid825,ssrqid2982
srqid826,ssrqid142
srqid826,ssrqid1788
srqid826,ssrqid1853
srqid826,ssrqid237
srqid826,ssrqid2377
srqid827,ssrqid1102
srqid827,ssrqid1575
srqid827,ssrqid760
srqid827,ssrqid777
srqid828,ssrqid1102
srqid828,ssrqid2027
srqid828,ssrqid341
srqid829,ssrqid1062
srqid829,ssrqid131
srqid829,ssrqid2553
srqid830,ssrqid1438
srqid830,ssrqid1720
srqid830,ssrqid2190
srqid830,ssrqid2210
srqid830,ssrqid80
srqid830,ssrqid930
srqid831,ssrqid1190
srqid831,ssrqid2014
srqid831,ssrqid2381
srqid831,ssrqid258
srqid832,ssrqid1477
srqid832,ssrqid153
srqid833,ssrqid1780
srqid833,ssrqid187
srqid833,ssrqid2745
srqid833,ssrqid640
srqid834,ssrqid1930
srqid834,ssrqid2096
srqid834,ssrqid503
srqid835,ssrqid1050
srqid835,ssrqid1061
srqid835,ssrqid1447
srqid835,ssrqid2782
srqid836,ssrqid15
srqid836,ssrqid1962
srqid836,ssrqid2382
srqid837,ssrqid1781
srqid837,ssrqid2860
srqid837,ssrqid300
srqid837,ssrqid44
srqid838,ssrqid111
srqid838,ssrqid1616
srqid838,ssrqid547
srqid838,ssrqid775
srqid839,ssrqid2702
srqid839,ssrqid666
srqid840,ssrqid113
srqid840,ssrqid179
srqid840,ssrqid1929
srqid840,ssrqid2211
srqid841,ssrqid1227
srqid841,ssrqid2578
srqid842,ssrqid1705
srqid842,ssrqid1860
srqid842,ssrqid1973
srqid842,ssrqid2338
srqid842,ssrqid2811
srqid842,ssrqid289
srqid842,ssrqid948
srqid843,ssrqid118
srqid843,ssrqid2786
srqid843,ssrqid716
srqid844,ssrqid137
srqid844,ssrqid1511
srqid844,ssrqid197
srqid845,ssrqid1435
srqid845,ssrqid2543
srqid845,ssrqid52
srqid846,ssrqid1618
srqid846,ssrqid2011
srqid846,ssrqid2626
srqid846,ssrqid787
srqid847,ssrqid2213
srqid847,ssrqid2390
srqid847,ssrqid545
srqid848,ssrqid1020
srqid848,ssrqid723
srqid848,ssrqid88
srqid848,ssrqid931
srqid849,ssrqid2569
srqid849,ssrqid2670
srqid849,ssrqid538
srqid850,ssrqid2327
srqid850,ssrqid2696
srqid851,ssrqid288
srqid851,ssrqid79
srqid852,ssrqid1296
srqid852,ssrqid1489
srqid852,ssrqid1810
srqid852,ssrqid2268
srqid852,ssrqid2525
srqid852,ssrqid561
srqid852,ssrqid61
srqid853,ssrqid1892
srqid853,ssrqid2977
srqid854,ssrqid2826
srqid854,ssrqid2928
srqid855,ssrqid1592
srqid855,ssrqid2025
srqid855,ssrqid2844
srqid856,ssrqid1512
srqid856,ssrqid517
srqid856,ssrqid783
srqid856,ssrqid800
srqid856,ssrqid849
srqid857,ssrqid1364
srqid857,ssrqid143
srqid858,ssrqid2297
srqid858,ssrqid2743
srqid858,ssrqid2947
srqid859,ssrqid1233
srqid859,ssrqid1311
srqid859,ssrqid355
srqid860,ssrqid1460
srqid860,ssrqid2879
srqid860,ssrqid2959
srqid860,ssrqid352
srqid860,ssrqid95
srqid861,ssrqid1800
srqid861,ssrqid2118
srqid861,ssrqid611
srqid862,ssrqid1335
srqid862,ssrqid2208
srqid862,ssrqid2316
srqid862,ssrqid749
srqid863,ssrqid1116
srqid863,ssrqid1919
srqid863,ssrqid1991
srqid863,ssrqid2109
srqid863,ssrqid2280
srqid863,ssrqid2332
srqid863,ssrqid819
srqid864,ssrqid2317
srqid864,ssrqid2690
srqid864,ssrqid309
srqid865,ssrqid1229
srqid865,ssrqid1272
srqid865,ssrqid1627
srqid866,ssrqid1907
srqid866,ssrqid896
srqid866,ssrqid971
srqid867,ssrqid1276
srqid867,ssrqid2005
srqid867,ssrqid2086
srqid867,ssrqid603
srqid868,ssrqid1010
srqid868,ssrqid2463
srqid868,ssrqid914
srqid869,ssrqid1070
srqid869,ssrqid2301
srqid869,ssrqid2994
srqid869,ssrqid725
srqid870,ssrqid2313
srqid870,ssrqid426
srqid871,ssrqid112
srqid871,ssrqid1178
srqid871,ssrqid1383
srqid871,ssrqid1635
srqid872,ssrqid2338
srqid872,ssrqid569
srqid872,ssrqid656
srqid873,ssrqid1223
srqid873,ssrqid1782
srqid874,ssrqid1287
srqid874,ssrqid956
srqid875,ssrqid2590
srqid875,ssrqid98
srqid876,ssrqid1577
srqid876,ssrqid2497
srqid876,ssrqid334
srqid876,ssrqid547
srqid877,ssrqid1671
srqid877,ssrqid1878
srqid877,ssrqid2055
srqid877,ssrqid301
srqid878,ssrqid1007
srqid878,ssrqid1478
srqid878,ssrqid2083
srqid878,ssrqid386
srqid879,ssrqid1339
srqid879,ssrqid2916
srqid879,ssrqid655
srqid880,ssrqid182
srqid880,ssrqid860
srqid881,ssrqid2018
srqid881,ssrqid2477
srqid881,ssrqid2518
srqid881,ssrqid268
srqid882,ssrqid568
srqid882,ssrqid692
srqid883,ssrqid1568
srqid883,ssrqid179
srqid884,ssrqid1030
srqid884,ssrqid1459
srqid884,ssrqid1797
srqid884,ssrqid2013
srqid884,ssrqid2981
srqid885,ssrqid1453
srqid885,ssrqid1598
srqid885,ssrqid1840
srqid885,ssrqid2006
srqid885,ssrqid2029
srqid885,ssrqid2940
srqid885,ssrqid499
srqid885,ssrqid778
srqid886,ssrqid2356
srqid886,ssrqid2440
srqid886,ssrqid613
srqid887,ssrqid1974
srqid887,ssrqid2855
srqid887,ssrqid763
srqid888,ssrqid1166
srqid888,ssrqid1272
srqid888,ssrqid1409
srqid888,ssrqid1748
srqid888,ssrqid426
srqid889,ssrqid1019
srqid889,ssrqid1424
srqid889,ssrqid2131
srqid889,ssrqid2515
srqid889,ssrqid268
srqid890,ssrqid1904
srqid890,ssrqid442
srqid890,ssrqid668
srqid890,ssrqid898
srqid891,ssrqid1491
srqid891,ssrqid2192
srqid891,ssrqid281
srqid892,ssrqid1014
srqid892,ssrqid2514
srqid892,ssrqid2615
srqid892,ssrqid2919
srqid892,ssrqid487
srqid893,ssrqid1914
srqid893,ssrqid2258
srqid893,ssrqid2294
srqid893,ssrqid2361
srqid893,ssrqid2934
srqid893,ssrqid498
srqid893,ssrqid666
srqid893,ssrqid708
srqid894,ssrqid1394
srqid894,ssrqid1679
srqid894,ssrqid1870
srqid894,ssrqid1944
srqid894,ssrqid2628
srqid894,ssrqid2803
srqid894,ssrqid978
srqid895,ssrqid1832
srqid895,ssrqid2407
srqid896,ssrqid1828
srqid896,ssrqid2500
srqid896,ssrqid550
srqid897,ssrqid1192
srqid897,ssrqid1446
srqid897,ssrqid2969
srqid897,ssrqid752
srqid898,ssrqid1014
srqid898,ssrqid215
srqid898,ssrqid2324
srqid898,ssrqid2850
srqid898,ssrqid52
srqid899,ssrqid1100
srqid899,ssrqid2048
srqid899,ssrqid2682
srqid900,ssrqid1091
srqid900,ssrqid1305
srqid900,ssrqid1418
srqid900,ssrqid2269
srqid901,ssrqid1687
srqid901,ssrqid957
srqid902,ssrqid1340
srqid902,ssrqid425
srqid902,ssrqid58
srqid903,ssrqid1869
srqid903,ssrqid2790
srqid903,ssrqid2814
srqid903,ssrqid307
srqid904,ssrqid659
srqid904,ssrqid97
srqid905,ssrqid1509
srqid905,ssrqid2402
srqid905,ssrqid2656
srqid905,ssrqid317
srqid906,ssrqid1379
srqid906,ssrqid2086
srqid906,ssrqid2851
srqid906,ssrqid532
srqid907,ssrqid1925
srqid907,ssrqid2054
srqid907,ssrqid2283
srqid908,ssrqid149
srqid908,ssrqid2852
srqid908,ssrqid846
srqid909,ssrqid1294
srqid909,ssrqid1489
srqid909,ssrqid499
srqid909,ssrqid569
srqid910,ssrqid1251
srqid910,ssrqid1307
srqid910,ssrqid1758
srqid910,ssrqid2282
srqid911,ssrqid1030
srqid911,ssrqid2246
srqid911,ssrqid263
srqid911,ssrqid2934
srqid911,ssrqid960
srqid912,ssrqid1823
srqid912,ssrqid2917
srqid913,ssrqid1063
srqid913,ssrqid1413
srqid913,ssrqid2535
srqid913,ssrqid656
srqid914,ssrqid1116
srqid914,ssrqid166
srqid914,ssrqid612
srqid915,ssrqid193
srqid915,ssrqid662
srqid915,ssrqid982
srqid916,ssrqid1327
srqid916,ssrqid1561
srqid916,ssrqid2118
srqid916,ssrqid2150
srqid916,ssrqid2623
srqid916,ssrqid2693
srqid916,ssrqid662
srqid916,ssrqid902
srqid917,ssrqid1024
srqid917,ssrqid208
srqid917,ssrqid56
srqid917,ssrqid625
srqid918,ssrqid1213
srqid918,ssrqid932
srqid919,ssrqid1885
srqid919,ssrqid2687
srqid919,ssrqid2877
srqid919,ssrqid46
srqid920,ssrqid1228
srqid920,ssrqid1670
srqid920,ssrqid1727
srqid920,ssrqid2778
srqid921,ssrqid1894
srqid921,ssrqid412
srqid922,ssrqid2347
srqid922,ssrqid2540
srqid922,ssrqid2823
srqid922,ssrqid884
srqid922,ssrqid979
srqid923,ssrqid2935
srqid923,ssrqid680
srqid924,ssrqid1519
srqid924,ssrqid413
srqid924,ssrqid492
srqid925,ssrqid2673
srqid925,ssrqid806
srqid926,ssrqid2124
srqid926,ssrqid330
srqid926,ssrqid778
srqid927,ssrqid1159
srqid927,ssrqid1513
srqid927,ssrqid2190
srqid928,ssrqid1092
srqid928,ssrqid1586
srqid928,ssrqid2166
srqid928,ssrqid2693
srqid928,ssrqid271
srqid929,ssrqid2550
srqid929,ssrqid2921
srqid929,ssrqid53
srqid930,ssrqid1283
srqid930,ssrqid1500
srqid930,ssrqid2245
srqid930,ssrqid2751
srqid930,ssrqid371
srqid930,ssrqid468
srqid931,ssrqid1215
srqid931,ssrqid2133
srqid931,ssrqid2158
srqid931,ssrqid2708
srqid932,ssrqid1745
srqid932,ssrqid2639
srqid933,ssrqid382
srqid933,ssrqid428
srqid934,ssrqid1253
srqid934,ssrqid1788
srqid934,ssrqid1802
srqid935,ssrqid1106
srqid935,ssrqid2287
srqid935,ssrqid2442
srqid935,ssrqid705
srqid935,ssrqid865
srqid936,ssrqid2211
srqid936,ssrqid2977
srqid937,ssrqid1671
srqid937,ssrqid2899
srqid938,ssrqid1043
srqid938,ssrqid1313
srqid938,ssrqid1501
srqid939,ssrqid1151
srqid939,ssrqid2633
srqid939,ssrqid2795
srqid939,ssrqid2899
srqid940,ssrqid2437
srqid940,ssrqid2481
srqid940,ssrqid4
srqid940,ssrqid794
srqid941,ssrqid1471
srqid941,ssrqid2121
srqid941,ssrqid2240
srqid941,ssrqid627
srqid942,ssrqid1787
srqid942,ssrqid384
srqid943,ssrqid1249
srqid943,ssrqid1419
srqid943,ssrqid1549
srqid943,ssrqid2219
srqid943,ssrqid365
srqid943,ssrqid590
srqid944,ssrqid1298
srqid944,ssrqid1516
srqid944,ssrqid2441
srqid944,ssrqid2620
srqid944,ssrqid383
srqid944,ssrqid499
srqid944,ssrqid503
srqid944,ssrqid935
srqid945,ssrqid2935
srqid945,ssrqid807
srqid945,ssrqid902
srqid946,ssrqid1150
srqid946,ssrqid1684
srqid947,ssrqid1361
srqid947,ssrqid2028
srqid947,ssrqid2810
srqid947,ssrqid953
srqid948,ssrqid1468
srqid948,ssrqid2277
srqid948,ssrqid2964
srqid948,ssrqid439
srqid949,ssrqid1140
srqid949,ssrqid2509
srqid949,ssrqid410
srqid949,ssrqid76
srqid950,ssrqid168
srqid950,ssrqid2336
srqid950,ssrqid244
srqid951,ssrqid1091
srqid951,ssrqid1108
srqid951,ssrqid1766
srqid952,ssrqid1861
srqid952,ssrqid2062
srqid952,ssrqid2395
srqid952,ssrqid68
srqid953,ssrqid1669
srqid953,ssrqid62
srqid954,ssrqid156
srqid954,ssrqid2083
srqid954,ssrqid241
srqid954,ssrqid2482
srqid954,ssrqid2962
srqid954,ssrqid833
srqid955,ssrqid1958
srqid955,ssrqid2112
srqid955,ssrqid2733
srqid955,ssrqid2937
srqid956,ssrqid1523
srqid956,ssrqid2991
srqid956,ssrqid515
srqid956,ssrqid749
srqid957,ssrqid1068
srqid957,ssrqid1783
srqid957,ssrqid2555
srqid957,ssrqid2949
srqid958,ssrqid1207
srqid958,ssrqid1283
srqid958,ssrqid2176
srqid959,ssrqid1060
srqid959,ssrqid1229
srqid960,ssrqid2715
srqid960,ssrqid2858
srqid960,ssrqid535
srqid960,ssrqid540
srqid961,ssrqid2900
srqid961,ssrqid309
srqid961,ssrqid405
srqid961,ssrqid938
srqid962,ssrqid1031
srqid962,ssrqid633
srqid962,ssrqid898
srqid963,ssrqid1123
srqid963,ssrqid462
srqid964,ssrqid1030
srqid964,ssrqid2960
srqid964,ssrqid746
srqid964,ssrqid959
srqid965,ssrqid2348
srqid965,ssrqid2866
srqid966,ssrqid2237
srqid966,ssrqid2268
srqid967,ssrqid1526
srqid967,ssrqid2086
srqid967,ssrqid2656
srqid967,ssrqid366
srqid967,ssrqid367
srqid967,ssrqid600
srqid967,ssrqid720
srqid967,ssrqid795
srqid968,ssrqid1804
srqid968,ssrqid2920
srqid968,ssrqid443
srqid968,ssrqid457
srqid969,ssrqid14
srqid969,ssrqid1955
srqid969,ssrqid2292
srqid970,ssrqid2667
srqid970,ssrqid362
srqid970,ssrqid616
srqid970,ssrqid796
srqid970,ssrqid802
srqid970,ssrqid827
srqid971,ssrqid34
srqid971,ssrqid431
srqid972,ssrqid1521
srqid972,ssrqid1917
srqid972,ssrqid2667
srqid973,ssrqid1925
srqid973,ssrqid2128
srqid973,ssrqid2723
srqid973,ssrqid587
srqid973,ssrqid624
srqid974,ssrqid1250
srqid974,ssrqid2166
srqid975,ssrqid1565
srqid975,ssrqid389
srqid976,ssrqid1945
srqid976,ssrqid987
srqid977,ssrqid2061
srqid977,ssrqid212
srqid977,ssrqid2523
srqid978,ssrqid1576
srqid978,ssrqid1897
srqid979,ssrqid1281
srqid979,ssrqid1817
srqid979,ssrqid1842
srqid979,ssrqid1989
srqid979,ssrqid2878
srqid979,ssrqid2911
srqid979,ssrqid375
srqid980,ssrqid1721
srqid980,ssrqid2188
srqid980,ssrqid455
srqid980,ssrqid986
srqid981,ssrqid2135
srqid981,ssrqid2616
srqid981,ssrqid851
srqid982,ssrqid1741
srqid982,ssrqid2242
srqid983,ssrqid122
srqid983,ssrqid327
srqid983,ssrqid700
srqid984,ssrqid1738
srqid984,ssrqid2378
srqid985,ssrqid1250
srqid985,ssrqid1396
srqid985,ssrqid1915
srqid985,ssrqid2152
srqid985,ssrqid2337
srqid985,ssrqid2612
srqid985,ssrqid44
srqid985,ssrqid590
srqid986,ssrqid1925
srqid986,ssrqid2317
srqid986,ssrqid2841
srqid987,ssrqid2063
srqid987,ssrqid2262
srqid987,ssrqid557
srqid988,ssrqid1751
srqid988,ssrqid2496
srqid989,ssrqid1374
srqid989,ssrqid396
srqid989,ssrqid630
srqid990,ssrqid2496
srqid990,ssrqid593
srqid991,ssrqid1372
srqid991,ssrqid1775
srqid992,ssrqid216
srqid992,ssrqid2276
srqid992,ssrqid556
srqid992,ssrqid586
srqid993,ssrqid1355
srqid993,ssrqid2933
srqid993,ssrqid299
srqid994,ssrqid106
srqid994,ssrqid142
srqid994,ssrqid2661
srqid995,ssrqid158
srqid995,ssrqid376
srqid996,ssrqid202
srqid996,ssrqid913
srqid997,ssrqid1512
srqid997,ssrqid1608
srqid998,ssrqid1105
srqid998,ssrqid191
srqid998,ssrqid2657
srqid998,ssrqid698
srqid999,ssrqid104
srqid999,ssrqid1188
srqid999,ssrqid2652
srqid999,ssrqid58
srqid1000,ssrqid1616
srqid1000,ssrqid2308
srqid1000,ssrqid2958
srqid1000,ssrqid334
srqid1000,ssrqid855
