"SSRQID","EAID"
"ssrqid284","eaid1"
"ssrqid562","eaid1"
"ssrqid325","eaid2"
"ssrqid344","eaid2"
"ssrqid806","eaid2"
"ssrqid2553","eaid2"
"ssrqid252","eaid3"
"ssrqid1093","eaid3"
"ssrqid2869","eaid3"
"ssrqid1092","eaid3"
"ssrqid2205","eaid3"
"ssrqid1767","eaid4"
"ssrqid44","eaid4"
"ssrqid1800","eaid4"
"ssrqid298","eaid5"
"ssrqid2075","eaid5"
"ssrqid1413","eaid5"
"ssrqid499","eaid5"
"ssrqid1855","eaid5"
"ssrqid2288","eaid5"
"ssrqid298","eaid6"
"ssrqid2075","eaid6"
"ssrqid203","eaid6"
"ssrqid1894","eaid6"
"ssrqid2726","eaid6"
"ssrqid34","eaid6"
"ssrqid2899","eaid7"
"ssrqid2597","eaid7"
"ssrqid613","eaid7"
"ssrqid59","eaid8"
"ssrqid129","eaid8"
"ssrqid1010","eaid8"
"ssrqid1311","eaid8"
"ssrqid1577","eaid8"
"ssrqid1494","eaid9"
"ssrqid1364","eaid9"
"ssrqid2092","eaid9"
"ssrqid168","eaid9"
"ssrqid1287","eaid9"
"ssrqid1964","eaid9"
"ssrqid919","eaid10"
"ssrqid1156","eaid10"
"ssrqid2625","eaid10"
"ssrqid303","eaid10"
"ssrqid1881","eaid10"
"ssrqid2756","eaid10"
"ssrqid89","eaid10"
"ssrqid301","eaid10"
"ssrqid2496","eaid10"
"ssrqid2076","eaid10"
"ssrqid1802","eaid10"
"ssrqid2942","eaid10"
"ssrqid1376","eaid11"
"ssrqid1779","eaid11"
"ssrqid2006","eaid11"
"ssrqid6","eaid12"
"ssrqid609","eaid12"
"ssrqid2277","eaid12"
"ssrqid1862","eaid12"
"ssrqid2283","eaid12"
"ssrqid389","eaid12"
"ssrqid529","eaid12"
"ssrqid597","eaid13"
"ssrqid1802","eaid13"
"ssrqid960","eaid13"
"ssrqid1210","eaid13"
"ssrqid1763","eaid13"
"ssrqid92","eaid13"
"ssrqid1377","eaid13"
"ssrqid333","eaid13"
"ssrqid1249","eaid14"
"ssrqid2584","eaid14"
"ssrqid2419","eaid15"
"ssrqid2944","eaid16"
"ssrqid1052","eaid17"
"ssrqid1644","eaid17"
"ssrqid2666","eaid17"
"ssrqid2009","eaid17"
"ssrqid2087","eaid17"
"ssrqid1021","eaid19"
"ssrqid1685","eaid19"
"ssrqid2587","eaid20"
"ssrqid2352","eaid20"
"ssrqid2692","eaid20"
"ssrqid1763","eaid20"
"ssrqid2208","eaid20"
"ssrqid1581","eaid20"
"ssrqid1614","eaid21"
"ssrqid2446","eaid21"
"ssrqid25","eaid21"
"ssrqid575","eaid21"
"ssrqid1756","eaid21"
"ssrqid2852","eaid21"
"ssrqid764","eaid21"
"ssrqid2552","eaid21"
"ssrqid2198","eaid21"
"ssrqid2275","eaid21"
"ssrqid2445","eaid21"
"ssrqid498","eaid22"
"ssrqid2703","eaid22"
"ssrqid1982","eaid22"
"ssrqid2132","eaid22"
"ssrqid2668","eaid22"
"ssrqid131","eaid23"
"ssrqid1694","eaid23"
"ssrqid1012","eaid23"
"ssrqid280","eaid23"
"ssrqid1010","eaid23"
"ssrqid2753","eaid23"
"ssrqid51","eaid23"
"ssrqid544","eaid23"
"ssrqid2042","eaid23"
"ssrqid2774","eaid23"
"ssrqid1231","eaid23"
"ssrqid2559","eaid23"
"ssrqid1620","eaid23"
"ssrqid2647","eaid23"
"ssrqid132","eaid23"
"ssrqid535","eaid23"
"ssrqid1518","eaid24"
"ssrqid2683","eaid24"
"ssrqid187","eaid25"
"ssrqid377","eaid25"
"ssrqid475","eaid25"
"ssrqid1948","eaid25"
"ssrqid2002","eaid25"
"ssrqid1380","eaid26"
"ssrqid60","eaid26"
"ssrqid1034","eaid26"
"ssrqid2714","eaid26"
"ssrqid1010","eaid26"
"ssrqid188","eaid26"
"ssrqid2219","eaid26"
"ssrqid1973","eaid26"
"ssrqid399","eaid27"
"ssrqid1420","eaid27"
"ssrqid2463","eaid27"
"ssrqid602","eaid28"
"ssrqid2011","eaid28"
"ssrqid144","eaid28"
"ssrqid2535","eaid28"
"ssrqid2747","eaid28"
"ssrqid66","eaid28"
"ssrqid676","eaid28"
"ssrqid219","eaid28"
"ssrqid320","eaid28"
"ssrqid1370","eaid28"
"ssrqid257","eaid29"
"ssrqid522","eaid29"
"ssrqid2171","eaid29"
"ssrqid33","eaid30"
"ssrqid2283","eaid30"
"ssrqid266","eaid30"
"ssrqid1191","eaid30"
"ssrqid1688","eaid30"
"ssrqid1872","eaid30"
"ssrqid2067","eaid30"
"ssrqid2766","eaid30"
"ssrqid2942","eaid30"
"ssrqid2385","eaid30"
"ssrqid2744","eaid30"
"ssrqid193","eaid32"
"ssrqid804","eaid32"
"ssrqid1704","eaid32"
"ssrqid2359","eaid32"
"ssrqid2426","eaid32"
"ssrqid2499","eaid32"
"ssrqid1121","eaid33"
"ssrqid2281","eaid34"
"ssrqid2702","eaid34"
"ssrqid672","eaid34"
"ssrqid561","eaid34"
"ssrqid197","eaid34"
"ssrqid1357","eaid34"
"ssrqid151","eaid34"
"ssrqid1562","eaid34"
"ssrqid2443","eaid34"
"ssrqid2779","eaid34"
"ssrqid694","eaid34"
"ssrqid2848","eaid34"
"ssrqid485","eaid35"
"ssrqid815","eaid35"
"ssrqid846","eaid35"
"ssrqid2189","eaid35"
"ssrqid2762","eaid35"
"ssrqid1345","eaid35"
"ssrqid1487","eaid35"
"ssrqid2997","eaid36"
"ssrqid1436","eaid36"
"ssrqid10","eaid36"
"ssrqid434","eaid36"
"ssrqid2493","eaid36"
"ssrqid2815","eaid36"
"ssrqid741","eaid36"
"ssrqid2647","eaid36"
"ssrqid2818","eaid36"
"ssrqid2525","eaid36"
"ssrqid2583","eaid36"
"ssrqid1156","eaid36"
"ssrqid1900","eaid36"
"ssrqid778","eaid37"
"ssrqid1239","eaid37"
"ssrqid1825","eaid37"
"ssrqid242","eaid37"
"ssrqid2036","eaid38"
"ssrqid2294","eaid38"
"ssrqid143","eaid39"
"ssrqid271","eaid39"
"ssrqid1307","eaid39"
"ssrqid1380","eaid39"
"ssrqid1418","eaid40"
"ssrqid2062","eaid40"
"ssrqid1809","eaid40"
"ssrqid480","eaid41"
"ssrqid1474","eaid41"
"ssrqid452","eaid41"
"ssrqid1250","eaid41"
"ssrqid2213","eaid41"
"ssrqid640","eaid43"
"ssrqid1801","eaid43"
"ssrqid700","eaid43"
"ssrqid2020","eaid43"
"ssrqid1575","eaid43"
"ssrqid2846","eaid43"
"ssrqid766","eaid43"
"ssrqid1630","eaid43"
"ssrqid1264","eaid43"
"ssrqid2411","eaid43"
"ssrqid13","eaid44"
"ssrqid52","eaid44"
"ssrqid2977","eaid44"
"ssrqid1799","eaid44"
"ssrqid2801","eaid44"
"ssrqid1116","eaid44"
"ssrqid692","eaid44"
"ssrqid1512","eaid44"
"ssrqid781","eaid44"
"ssrqid1091","eaid44"
"ssrqid1049","eaid44"
"ssrqid1115","eaid44"
"ssrqid980","eaid44"
"ssrqid446","eaid44"
"ssrqid2075","eaid44"
"ssrqid2228","eaid45"
"ssrqid1119","eaid45"
"ssrqid1371","eaid45"
"ssrqid1400","eaid46"
"ssrqid940","eaid46"
"ssrqid1083","eaid46"
"ssrqid1134","eaid46"
"ssrqid618","eaid46"
"ssrqid1797","eaid46"
"ssrqid1911","eaid47"
"ssrqid1138","eaid48"
"ssrqid1269","eaid48"
"ssrqid2274","eaid48"
"ssrqid361","eaid48"
"ssrqid19","eaid48"
"ssrqid2918","eaid48"
"ssrqid2466","eaid48"
"ssrqid387","eaid50"
"ssrqid821","eaid50"
"ssrqid1889","eaid50"
"ssrqid2628","eaid50"
"ssrqid2958","eaid50"
"ssrqid461","eaid51"
"ssrqid1050","eaid51"
"ssrqid1029","eaid51"
"ssrqid2448","eaid51"
"ssrqid697","eaid51"
"ssrqid918","eaid51"
"ssrqid2416","eaid51"
"ssrqid2261","eaid51"
"ssrqid144","eaid52"
"ssrqid1277","eaid52"
"ssrqid2752","eaid52"
"ssrqid2890","eaid52"
"ssrqid157","eaid52"
"ssrqid3","eaid52"
"ssrqid1571","eaid52"
"ssrqid1924","eaid52"
"ssrqid539","eaid52"
"ssrqid1179","eaid52"
"ssrqid2363","eaid53"
"ssrqid2732","eaid53"
"ssrqid2179","eaid53"
"ssrqid1037","eaid54"
"ssrqid1653","eaid54"
"ssrqid1578","eaid54"
"ssrqid1967","eaid54"
"ssrqid2614","eaid54"
"ssrqid1191","eaid54"
"ssrqid2713","eaid54"
"ssrqid44","eaid55"
"ssrqid1800","eaid55"
"ssrqid318","eaid56"
"ssrqid2013","eaid56"
"ssrqid546","eaid57"
"ssrqid2357","eaid57"
"ssrqid607","eaid57"
"ssrqid321","eaid58"
"ssrqid1568","eaid59"
"ssrqid2933","eaid59"
"ssrqid1276","eaid60"
"ssrqid1480","eaid60"
"ssrqid1326","eaid60"
"ssrqid2127","eaid60"
"ssrqid520","eaid61"
"ssrqid612","eaid61"
"ssrqid2165","eaid61"
"ssrqid1403","eaid61"
"ssrqid2208","eaid61"
"ssrqid538","eaid62"
"ssrqid1867","eaid62"
"ssrqid2878","eaid62"
"ssrqid2905","eaid62"
"ssrqid76","eaid63"
"ssrqid850","eaid63"
"ssrqid1229","eaid64"
"ssrqid318","eaid67"
"ssrqid979","eaid67"
"ssrqid169","eaid67"
"ssrqid477","eaid67"
"ssrqid1605","eaid67"
"ssrqid513","eaid68"
"ssrqid889","eaid68"
"ssrqid2358","eaid69"
"ssrqid607","eaid69"
"ssrqid1613","eaid69"
"ssrqid2987","eaid69"
"ssrqid1963","eaid69"
"ssrqid2856","eaid69"
"ssrqid1689","eaid69"
"ssrqid2089","eaid69"
"ssrqid2159","eaid69"
"ssrqid481","eaid70"
"ssrqid1310","eaid70"
"ssrqid2087","eaid70"
"ssrqid700","eaid70"
"ssrqid2020","eaid70"
"ssrqid732","eaid70"
"ssrqid1477","eaid70"
"ssrqid2878","eaid70"
"ssrqid1364","eaid70"
"ssrqid2092","eaid70"
"ssrqid564","eaid70"
"ssrqid2905","eaid70"
"ssrqid20","eaid70"
"ssrqid1801","eaid70"
"ssrqid2780","eaid70"
"ssrqid539","eaid72"
"ssrqid792","eaid73"
"ssrqid157","eaid74"
"ssrqid1710","eaid74"
"ssrqid2928","eaid75"
"ssrqid298","eaid75"
"ssrqid2075","eaid75"
"ssrqid596","eaid75"
"ssrqid1058","eaid75"
"ssrqid500","eaid75"
"ssrqid1620","eaid75"
"ssrqid1826","eaid75"
"ssrqid2609","eaid75"
"ssrqid1697","eaid75"
"ssrqid2082","eaid76"
"ssrqid1602","eaid77"
"ssrqid42","eaid78"
"ssrqid345","eaid78"
"ssrqid1579","eaid78"
"ssrqid2519","eaid78"
"ssrqid2505","eaid78"
"ssrqid1323","eaid78"
"ssrqid1374","eaid78"
"ssrqid1395","eaid78"
"ssrqid722","eaid78"
"ssrqid819","eaid78"
"ssrqid985","eaid78"
"ssrqid1508","eaid78"
"ssrqid2448","eaid78"
"ssrqid516","eaid78"
"ssrqid718","eaid78"
"ssrqid1634","eaid79"
"ssrqid1762","eaid80"
"ssrqid676","eaid80"
"ssrqid1654","eaid81"
"ssrqid2153","eaid81"
"ssrqid507","eaid81"
"ssrqid781","eaid81"
"ssrqid2804","eaid81"
"ssrqid1840","eaid82"
"ssrqid1350","eaid82"
"ssrqid2072","eaid82"
"ssrqid2293","eaid82"
"ssrqid708","eaid84"
"ssrqid2103","eaid84"
"ssrqid369","eaid85"
"ssrqid1427","eaid85"
"ssrqid2535","eaid85"
"ssrqid2979","eaid85"
"ssrqid1136","eaid85"
"ssrqid1714","eaid85"
"ssrqid2976","eaid85"
"ssrqid1738","eaid85"
"ssrqid1112","eaid87"
"ssrqid1520","eaid87"
"ssrqid1753","eaid87"
"ssrqid2894","eaid87"
"ssrqid456","eaid87"
"ssrqid1251","eaid88"
"ssrqid1597","eaid88"
"ssrqid1659","eaid88"
"ssrqid2336","eaid88"
"ssrqid1260","eaid88"
"ssrqid2490","eaid89"
"ssrqid1709","eaid89"
"ssrqid2102","eaid89"
"ssrqid2871","eaid89"
"ssrqid998","eaid89"
"ssrqid2049","eaid89"
"ssrqid1041","eaid89"
"ssrqid1783","eaid89"
"ssrqid2430","eaid89"
"ssrqid2168","eaid90"
"ssrqid610","eaid90"
"ssrqid1830","eaid90"
"ssrqid2135","eaid90"
"ssrqid1458","eaid90"
"ssrqid1717","eaid91"
"ssrqid854","eaid91"
"ssrqid521","eaid91"
"ssrqid2108","eaid91"
"ssrqid2129","eaid91"
"ssrqid2443","eaid92"
"ssrqid833","eaid92"
"ssrqid1698","eaid93"
"ssrqid2919","eaid93"
"ssrqid1073","eaid93"
"ssrqid498","eaid94"
"ssrqid2703","eaid94"
"ssrqid213","eaid94"
"ssrqid1573","eaid94"
"ssrqid2649","eaid94"
"ssrqid2068","eaid95"
"ssrqid2560","eaid95"
"ssrqid2399","eaid95"
"ssrqid40","eaid95"
"ssrqid1944","eaid95"
"ssrqid1027","eaid95"
"ssrqid219","eaid95"
"ssrqid320","eaid95"
"ssrqid1370","eaid95"
"ssrqid1177","eaid95"
"ssrqid767","eaid95"
"ssrqid251","eaid96"
"ssrqid678","eaid96"
"ssrqid779","eaid96"
"ssrqid2650","eaid96"
"ssrqid51","eaid97"
"ssrqid2938","eaid97"
"ssrqid464","eaid97"
"ssrqid1005","eaid97"
"ssrqid1216","eaid97"
"ssrqid2359","eaid97"
"ssrqid33","eaid97"
"ssrqid884","eaid97"
"ssrqid1125","eaid97"
"ssrqid2694","eaid99"
"ssrqid2336","eaid100"
"ssrqid1371","eaid100"
