ClassName,ID
PCA3,R6.2.0(1)
PCA3,R5.8.0(1)
PCA3,R6.3.0(1)
PCA7,R6.3.0(8)
PCA15,R4.1.0(2)
PCA15,R5.6.0(8)
PCA15,R6.3.0(8)
PCA20,R6.2.0(8)
PCA22,R5.9.0(1)
PCA22,R6.4.0(6)
PCA22,R5.7.0(5)
PCA26,R6.4.0(1)
PCA26,R6.4.0(1)
PCA26,R6.3.0(1)
PCA28,R5.5.0(9)
PCA28,R5.1.0(1)
PCA28,R7.1.0(3)
PCA34,R5.1.0(1)
PCA35,R5.5.0(1)
PCA41,R6.2.0(1)
PCA41,R5.7.0(5)
PCA41,R6.2.0(8)
PCA42,R6.4.0(1)
PCA44,R5.8.0(1)
PCA44,R5.9.0(6)
PCA44,R6.4.0(6)
PCA45,R7.1.0(3)
PCA48,R5.6.0(8)
PCA48,R5.5.0(9)
PCA48,R5.7.0(1)
PCA50,R5.7.0(5)
PCA50,R6.3.0(1)
PCA50,R6.2.0(8)
PCA52,R5.7.0(1)
PCA52,R5.7.0(5)
PCA52,R6.2.0(8)
PCA55,R5.5.0(1)
PCA57,R4.1.0(2)
PCA57,R5.7.0(1)
PCA57,R6.1.0(1)
PCA63,R7.3.0(4)
PCA65,R7.1.0(3)
PCA65,R5.6.0(8)
PCA65,R6.3.0(8)
PCA69,R6.2.0(1)
PCA70,R5.9.0(1)
PCA70,R6.4.0(7)
PCA70,R6.1.0(1)
PCA74,R5.9.0(1)
PCA75,R5.7.0(1)
PCA75,R6.2.0(1)
PCA75,R5.7.0(5)
PCA76,R5.9.0(1)
PCA79,R5.6.0(1)
PCA79,R6.4.0(6)
PCA79,R5.8.0(1)
PCA81,R5.5.0(1)
PCA82,R6.3.0(1)
PCA82,R6.3.0(8)
PCA82,R5.6.0(1)
PCA89,R5.8.0(1)
PCA90,R6.3.0(9)
PCA94,R6.3.0(9)
PCA95,R5.6.0(8)
PCA95,R5.9.0(6)
PCA95,R5.4.4(3)
PCA99,R5.8.0(9)
PCA100,R6.4.0(1)
PCA102,R5.8.0(9)
PCA104,R5.8.0(1)
PCA106,R4.1.0(2)
PCA106,R6.3.0(9)
PCA106,R5.5.0(9)
PCA110,R6.2.0(8)
PCA111,R4.1.0(1)
PCA112,R5.4.4(3)
PCA114,R6.1.0(1)
PCA119,R6.3.0(9)
PCA119,R6.2.0(1)
PCA119,R5.5.0(1)
PCA120,R5.4.4(3)
PCA125,R6.5.0(1)
PCA126,R6.4.0(7)
PCA129,R5.6.0(8)
PCA129,R5.7.0(5)
PCA129,R4.1.0(1)
PCA130,R5.6.0(1)
PCA131,R7.1.0(3)
PCA131,R5.5.0(1)
PCA131,R6.3.0(9)
PCA132,R5.8.0(1)
PCA132,R5.1.0(1)
PCA132,R4.1.0(1)
PCA133,R5.9.0(1)
PCA133,R7.3.0(4)
PCA133,R5.5.0(9)
PCA134,R5.6.0(8)
PCA134,R6.2.0(8)
PCA134,R7.1.0(3)
PCA137,R5.8.0(1)
PCA140,R5.7.0(1)
PCA142,R5.4.4(3)
PCA147,R6.4.0(1)
PCA148,R7.1.0(3)
PCA149,R4.1.0(1)
PCA149,R5.6.0(8)
PCA149,R6.3.0(9)
PCA152,R6.3.0(8)
PCA152,R5.7.0(1)
PCA152,R6.3.0(9)
PCA153,R6.2.0(8)
PCA154,R6.2.0(1)
PCA154,R6.2.0(1)
PCA154,R5.5.0(9)
PCA158,R5.5.0(9)
PCA159,R6.5.0(1)
PCA163,R6.2.0(8)
PCA168,R6.2.0(1)
PCA168,R6.4.0(6)
PCA168,R5.4.4(3)
PCA176,R5.9.0(6)
PCA179,R4.1.0(2)
PCA183,R4.1.0(1)
PCA183,R7.3.0(4)
PCA183,R7.1.0(3)
PCA184,R6.2.0(8)
PCA188,R6.3.0(9)
PCA192,R5.8.0(9)
PCA192,R6.1.0(1)
PCA192,R6.3.0(9)
PCA198,R4.1.0(2)
PCA198,R5.4.4(3)
PCA198,R6.4.0(1)
PCA201,R6.4.0(7)
PCA205,R6.3.0(8)
PCA209,R5.4.4(3)
PCA212,R6.5.0(1)
PCA218,R7.3.0(4)
PCA218,R4.1.0(1)
PCA218,R6.4.0(7)
PCA221,R6.3.0(8)
PCA221,R5.5.0(9)
PCA221,R4.1.0(1)
PCA222,R7.1.0(3)
PCA222,R5.1.0(1)
PCA222,R7.1.0(3)
PCA223,R5.9.0(1)
PCA226,R5.8.0(1)
PCA231,R5.9.0(1)
PCA232,R6.4.0(6)
PCA232,R6.1.0(1)
PCA232,R6.4.0(1)
PCA234,R4.1.0(2)
PCA234,R5.7.0(5)
PCA234,R6.3.0(1)
PCA236,R5.8.0(1)
PCA238,R6.4.0(1)
PCA244,R6.3.0(8)
PCA245,R6.4.0(6)
PCA245,R5.5.0(9)
PCA245,R6.1.0(1)
PCA247,R5.9.0(6)
PCA248,R6.2.0(8)
PCA248,R6.2.0(1)
PCA248,R6.3.0(9)
PCA250,R5.5.0(1)
PCA254,R7.3.0(4)
PCA257,R5.5.0(1)
PCA258,R4.1.0(1)
PCA258,R5.6.0(1)
PCA258,R6.1.0(1)
PCA262,R7.1.0(3)
PCA262,R6.3.0(9)
PCA262,R7.3.0(4)
PCA264,R6.4.0(6)
PCA267,R6.3.0(8)
PCA268,R5.6.0(1)
PCA268,R5.8.0(9)
PCA268,R6.5.0(1)
PCA270,R4.1.0(1)
PCA270,R5.4.4(3)
PCA270,R5.5.0(9)
PCA279,R6.3.0(9)
PCA280,R6.2.0(8)
PCA281,R6.2.0(8)
PCA281,R6.3.0(8)
PCA281,R4.1.0(2)
PCA284,R4.1.0(1)
PCA285,R6.1.0(1)
PCA287,R5.4.4(3)
PCA288,R6.5.0(1)
PCA288,R5.6.0(1)
PCA288,R6.3.0(8)
PCA293,R5.6.0(1)
PCA294,R5.5.0(1)
PCA295,R6.4.0(6)
PCA299,R6.1.0(1)
PCA300,R4.1.0(1)
PCA300,R4.1.0(2)
PCA300,R6.3.0(9)
PCA302,R5.1.0(1)
PCA303,R7.3.0(4)
PCA306,R5.7.0(1)
PCA306,R6.1.0(1)
PCA306,R6.3.0(8)
PCA307,R5.1.0(1)
PCA307,R4.1.0(2)
PCA307,R7.3.0(4)
PCA308,R5.6.0(1)
PCA309,R6.4.0(6)
PCA310,R7.1.0(3)
PCA313,R6.1.0(1)
PCA314,R5.5.0(9)
PCA314,R6.3.0(9)
PCA314,R5.9.0(1)
PCA316,R5.9.0(6)
PCA316,R5.8.0(9)
PCA316,R6.4.0(6)
PCA319,R6.2.0(8)
PCA319,R6.3.0(8)
PCA319,R5.6.0(1)
PCA320,R5.5.0(9)
PCA322,R6.2.0(1)
PCA323,R6.4.0(1)
PCA328,R5.9.0(1)
PCA328,R6.2.0(1)
PCA328,R7.3.0(4)
PCA329,R5.7.0(1)
PCA329,R6.3.0(9)
PCA329,R5.7.0(5)
PCA330,R5.7.0(1)
PCA330,R6.3.0(1)
PCA330,R6.5.0(1)
PCA332,R5.7.0(1)
PCA332,R6.5.0(1)
PCA332,R5.1.0(1)
PCA335,R5.7.0(5)
PCA341,R6.2.0(8)
PCA342,R6.5.0(1)
PCA343,R6.4.0(1)
PCA343,R5.8.0(9)
PCA343,R6.1.0(1)
PCA349,R6.2.0(8)
PCA350,R6.4.0(1)
PCA350,R5.6.0(1)
PCA350,R7.1.0(3)
PCA353,R6.2.0(1)
PCA353,R7.1.0(3)
PCA353,R6.1.0(1)
PCA356,R7.3.0(4)
PCA357,R5.9.0(1)
PCA359,R5.7.0(1)
PCA359,R5.4.4(3)
PCA359,R6.4.0(1)
PCA363,R4.1.0(1)
PCA365,R5.7.0(1)
PCA368,R4.1.0(1)
PCA372,R5.8.0(1)
PCA375,R6.4.0(6)
PCA382,R6.3.0(9)
PCA384,R4.1.0(1)
PCA384,R5.6.0(8)
PCA384,R5.8.0(1)
PCA385,R6.5.0(1)
PCA388,R5.8.0(1)
PCA388,R4.1.0(2)
PCA388,R4.1.0(1)
PCA389,R6.2.0(8)
PCA389,R5.6.0(1)
PCA389,R6.1.0(1)
PCA393,R6.2.0(1)
PCA394,R4.1.0(2)
PCA394,R5.9.0(6)
PCA394,R7.3.0(4)
PCA396,R6.4.0(1)
PCA397,R6.5.0(1)
PCA397,R5.6.0(1)
PCA397,R5.7.0(5)
PCA401,R6.4.0(6)
PCA404,R5.5.0(1)
PCA405,R7.3.0(4)
PCA405,R4.1.0(1)
PCA405,R5.5.0(1)
PCA406,R5.6.0(1)
PCA406,R6.5.0(1)
PCA406,R6.2.0(1)
PCA408,R5.5.0(1)
PCA408,R5.8.0(9)
PCA408,R6.3.0(1)
PCA411,R7.3.0(4)
PCA411,R6.3.0(1)
PCA411,R5.8.0(1)
PCA412,R5.8.0(9)
PCA413,R6.2.0(1)
PCA414,R6.4.0(1)
PCA419,R5.7.0(5)
PCA420,R5.5.0(1)
PCA422,R5.4.4(3)
PCA425,R6.3.0(1)
PCA425,R5.4.4(3)
PCA425,R5.5.0(1)
PCA426,R5.5.0(1)
PCA427,R6.4.0(7)
PCA427,R5.5.0(1)
PCA427,R5.1.0(1)
PCA428,R5.7.0(5)
PCA428,R5.8.0(9)
PCA428,R6.2.0(1)
PCA430,R5.9.0(6)
PCA430,R6.3.0(8)
PCA430,R5.5.0(1)
PCA431,R7.3.0(4)
PCA431,R5.8.0(9)
PCA431,R5.5.0(9)
PCA433,R6.4.0(6)
PCA433,R5.9.0(6)
PCA433,R7.3.0(4)
PCA434,R5.9.0(1)
PCA434,R7.1.0(3)
PCA434,R5.8.0(1)
PCA437,R6.3.0(1)
PCA437,R5.1.0(1)
PCA437,R5.8.0(1)
PCA440,R5.6.0(1)
PCA440,R7.3.0(4)
PCA440,R6.2.0(1)
PCA441,R6.3.0(1)
PCA441,R6.3.0(8)
PCA441,R5.7.0(5)
PCA446,R6.5.0(1)
PCA446,R5.4.4(3)
PCA446,R6.4.0(6)
PCA448,R7.1.0(3)
PCA451,R6.3.0(8)
PCA453,R4.1.0(1)
PCA453,R4.1.0(2)
PCA453,R5.9.0(6)
PCA457,R7.1.0(3)
PCA459,R6.5.0(1)
PCA459,R5.5.0(9)
PCA459,R5.8.0(1)
PCA460,R5.7.0(5)
PCA460,R5.5.0(9)
PCA460,R6.4.0(7)
PCA463,R5.9.0(6)
PCA465,R4.1.0(2)
PCA468,R6.2.0(8)
PCA468,R5.5.0(1)
PCA468,R5.9.0(6)
PCA474,R5.4.4(3)
PCA476,R6.3.0(1)
PCA481,R6.2.0(1)
PCA484,R4.1.0(2)
PCA491,R5.7.0(1)
PCA491,R5.7.0(1)
PCA491,R6.4.0(7)
PCA493,R5.5.0(9)
PCA495,R4.1.0(1)
PCA495,R5.4.4(3)
PCA495,R6.1.0(1)
PCA497,R6.4.0(1)
PCA498,R6.1.0(1)
PCA501,R4.1.0(2)
PCA503,R4.1.0(1)
PCA504,R5.6.0(1)
PCA505,R6.4.0(1)
PCA505,R5.8.0(1)
PCA505,R5.4.4(3)
PCA506,R6.3.0(9)
PCA506,R5.5.0(1)
PCA506,R5.7.0(1)
PCA508,R5.9.0(6)
PCA509,R5.8.0(9)
PCA510,R5.8.0(1)
PCA511,R4.1.0(1)
PCA511,R5.6.0(8)
PCA511,R6.3.0(1)
PCA514,R5.7.0(1)
PCA519,R6.3.0(8)
PCA520,R5.6.0(8)
PCA520,R4.1.0(1)
PCA520,R4.1.0(1)
PCA522,R6.2.0(8)
PCA526,R4.1.0(2)
PCA526,R5.5.0(9)
PCA526,R6.4.0(1)
PCA527,R5.9.0(6)
PCA527,R5.1.0(1)
PCA527,R7.3.0(4)
PCA528,R6.4.0(6)
PCA528,R5.5.0(9)
PCA528,R7.1.0(3)
PCA529,R5.5.0(9)
PCA529,R5.4.4(3)
PCA529,R6.4.0(1)
PCA530,R6.4.0(1)
PCA531,R5.8.0(9)
PCA533,R5.7.0(1)
PCA534,R5.8.0(1)
PCA535,R5.9.0(6)
PCA535,R6.4.0(1)
PCA535,R5.9.0(6)
PCA541,R5.4.4(3)
PCA544,R4.1.0(1)
PCA544,R5.6.0(8)
PCA544,R5.8.0(9)
PCA545,R6.5.0(1)
PCA547,R5.9.0(1)
PCA548,R5.8.0(1)
PCA549,R6.1.0(1)
PCA549,R4.1.0(2)
PCA549,R6.3.0(1)
PCA551,R5.9.0(6)
PCA551,R6.1.0(1)
PCA551,R6.2.0(8)
PCA552,R6.3.0(8)
PCA552,R5.8.0(9)
PCA552,R4.1.0(1)
PCA553,R5.8.0(1)
PCA561,R6.1.0(1)
PCA561,R5.9.0(1)
PCA561,R5.8.0(1)
PCA563,R5.5.0(9)
PCA564,R6.2.0(8)
PCA564,R5.1.0(1)
PCA564,R5.4.4(3)
PCA568,R6.3.0(9)
PCA568,R6.2.0(1)
PCA568,R4.1.0(1)
PCA569,R5.8.0(1)
PCA571,R5.6.0(1)
PCA575,R6.1.0(1)
PCA575,R5.6.0(8)
PCA575,R7.3.0(4)
PCA576,R5.7.0(5)
PCA577,R4.1.0(2)
PCA577,R6.3.0(9)
PCA577,R6.4.0(7)
PCA579,R6.1.0(1)
PCA582,R5.5.0(1)
PCA582,R4.1.0(2)
PCA582,R5.4.4(3)
PCA583,R6.3.0(8)
PCA584,R5.9.0(6)
PCA584,R5.8.0(9)
PCA584,R4.1.0(1)
PCA585,R6.5.0(1)
PCA586,R7.1.0(3)
PCA587,R5.4.4(3)
PCA587,R6.1.0(1)
PCA587,R7.1.0(3)
PCA588,R6.4.0(1)
PCA589,R5.1.0(1)
PCA590,R5.9.0(1)
PCA591,R5.4.4(3)
PCA595,R7.1.0(3)
PCA597,R4.1.0(1)
PCA597,R5.9.0(6)
PCA597,R6.3.0(9)
PCA600,R6.3.0(8)
PCA601,R6.4.0(1)
PCA601,R6.3.0(1)
PCA601,R5.6.0(1)
PCA603,R5.4.4(3)
PCA604,R6.4.0(6)
PCA607,R6.2.0(8)
PCA608,R6.4.0(7)
PCA609,R5.5.0(1)
PCA609,R5.9.0(1)
PCA609,R5.5.0(9)
PCA610,R5.8.0(1)
PCA615,R6.4.0(6)
PCA616,R5.1.0(1)
PCA616,R7.3.0(4)
PCA616,R4.1.0(1)
PCA617,R7.1.0(3)
PCA624,R5.7.0(5)
PCA624,R6.4.0(1)
PCA624,R7.3.0(4)
PCA627,R5.7.0(1)
PCA627,R5.7.0(5)
PCA627,R6.2.0(8)
PCA630,R6.4.0(7)
PCA630,R6.4.0(7)
PCA630,R5.8.0(1)
PCA633,R6.3.0(1)
PCA639,R5.6.0(1)
PCA639,R5.5.0(9)
PCA639,R6.4.0(1)
PCA641,R5.4.4(3)
PCA641,R5.1.0(1)
PCA641,R5.8.0(1)
PCA642,R6.4.0(1)
PCA642,R5.9.0(1)
PCA642,R5.6.0(1)
PCA644,R6.1.0(1)
PCA646,R5.6.0(8)
PCA647,R5.7.0(5)
PCA649,R6.2.0(1)
PCA650,R4.1.0(1)
PCA650,R5.9.0(1)
PCA650,R5.1.0(1)
PCA654,R5.7.0(1)
PCA654,R5.8.0(1)
PCA654,R5.5.0(1)
PCA659,R5.7.0(5)
PCA660,R5.7.0(1)
PCA661,R4.1.0(2)
PCA661,R4.1.0(2)
PCA661,R7.3.0(4)
PCA666,R4.1.0(2)
PCA669,R7.1.0(3)
PCA670,R4.1.0(1)
PCA670,R6.3.0(1)
PCA670,R6.4.0(7)
PCA671,R5.8.0(9)
PCA671,R5.6.0(8)
PCA671,R6.4.0(6)
PCA676,R4.1.0(1)
PCA676,R5.7.0(5)
PCA676,R5.5.0(9)
PCA679,R6.1.0(1)
PCA681,R6.4.0(6)
PCA686,R5.1.0(1)
PCA689,R7.3.0(4)
PCA689,R5.4.4(3)
PCA689,R5.6.0(8)
PCA700,R6.5.0(1)
PCA700,R5.4.4(3)
PCA700,R5.9.0(1)
PCA702,R7.3.0(4)
PCA702,R4.1.0(1)
PCA702,R7.1.0(3)
PCA703,R5.5.0(9)
PCA703,R5.9.0(1)
PCA703,R4.1.0(2)
PCA705,R6.2.0(1)
PCA706,R6.3.0(9)
PCA706,R5.6.0(1)
PCA706,R6.5.0(1)
PCA707,R6.1.0(1)
PCA708,R6.3.0(9)
PCA708,R6.2.0(8)
PCA708,R5.9.0(6)
PCA709,R5.5.0(1)
PCA709,R5.1.0(1)
PCA709,R6.4.0(7)
PCA710,R6.4.0(6)
PCA710,R5.7.0(5)
PCA710,R6.1.0(1)
PCA711,R5.8.0(1)
PCA711,R5.7.0(5)
PCA711,R6.4.0(6)
PCA712,R5.7.0(1)
PCA712,R5.4.4(3)
PCA712,R6.2.0(1)
PCA716,R6.2.0(1)
PCA717,R5.8.0(9)
PCA717,R5.6.0(1)
PCA717,R6.2.0(8)
PCA721,R6.1.0(1)
PCA721,R6.5.0(1)
PCA721,R6.2.0(1)
PCA722,R6.5.0(1)
PCA723,R6.4.0(1)
PCA724,R6.5.0(1)
PCA727,R6.4.0(7)
PCA729,R6.3.0(8)
PCA735,R6.2.0(1)
PCA735,R6.4.0(1)
PCA735,R4.1.0(1)
PCA737,R6.1.0(1)
PCA737,R5.8.0(9)
PCA737,R5.5.0(1)
PCA742,R6.5.0(1)
PCA742,R5.8.0(1)
PCA742,R6.4.0(6)
PCA743,R5.9.0(1)
PCA743,R5.9.0(1)
PCA743,R5.9.0(1)
PCA745,R7.3.0(4)
PCA748,R6.1.0(1)
PCA750,R6.4.0(1)
PCA750,R7.3.0(4)
PCA750,R6.4.0(1)
PCA752,R6.4.0(6)
PCA752,R5.4.4(3)
PCA752,R5.6.0(1)
PCA754,R5.9.0(1)
PCA755,R6.2.0(1)
PCA756,R5.8.0(1)
PCA769,R6.4.0(1)
PCA769,R6.1.0(1)
PCA769,R4.1.0(2)
PCA771,R5.5.0(1)
PCA771,R5.6.0(1)
PCA771,R5.8.0(1)
PCA772,R6.4.0(1)
PCA774,R5.8.0(1)
PCA774,R6.4.0(6)
PCA774,R7.1.0(3)
PCA777,R5.6.0(1)
PCA781,R6.2.0(8)
PCA782,R6.5.0(1)
PCA783,R6.2.0(8)
PCA787,R6.3.0(1)
PCA787,R5.9.0(1)
PCA787,R5.1.0(1)
PCA789,R5.9.0(6)
PCA790,R5.8.0(1)
PCA790,R5.4.4(3)
PCA790,R5.9.0(6)
PCA793,R6.1.0(1)
PCA795,R5.5.0(1)
PCA797,R7.3.0(4)
PCA800,R6.1.0(1)
PCA800,R5.7.0(5)
PCA800,R5.8.0(1)
PCA803,R5.5.0(9)
PCA803,R5.7.0(5)
PCA803,R5.8.0(9)
PCA804,R6.5.0(1)
PCA804,R5.6.0(8)
PCA804,R5.5.0(9)
PCA806,R5.4.4(3)
PCA807,R5.9.0(6)
PCA815,R5.1.0(1)
PCA815,R6.5.0(1)
PCA815,R5.5.0(9)
PCA816,R5.8.0(9)
PCA816,R5.8.0(1)
PCA816,R5.8.0(1)
PCA827,R5.5.0(1)
PCA827,R6.2.0(1)
PCA827,R5.5.0(9)
PCA831,R4.1.0(1)
PCA831,R6.3.0(1)
PCA831,R6.3.0(9)
PCA832,R5.8.0(9)
PCA832,R6.4.0(6)
PCA832,R5.7.0(1)
PCA834,R5.7.0(1)
PCA836,R6.4.0(1)
PCA836,R6.5.0(1)
PCA836,R6.5.0(1)
PCA839,R6.1.0(1)
PCA843,R5.5.0(1)
PCA846,R5.6.0(8)
PCA846,R5.1.0(1)
PCA846,R6.2.0(1)
PCA848,R5.5.0(9)
PCA857,R4.1.0(2)
PCA857,R5.9.0(6)
PCA857,R6.2.0(1)
PCA859,R5.6.0(1)
PCA863,R5.6.0(1)
PCA863,R6.1.0(1)
PCA863,R5.9.0(1)
PCA864,R6.4.0(7)
PCA864,R4.1.0(1)
PCA864,R7.1.0(3)
PCA869,R5.4.4(3)
PCA869,R4.1.0(1)
PCA869,R6.1.0(1)
PCA876,R6.2.0(1)
PCA876,R6.2.0(8)
PCA876,R4.1.0(2)
PCA877,R5.4.4(3)
PCA877,R5.5.0(9)
PCA877,R6.3.0(8)
PCA878,R5.6.0(1)
PCA878,R6.3.0(9)
PCA878,R5.7.0(5)
PCA883,R5.9.0(6)
PCA885,R5.8.0(1)
PCA885,R6.3.0(8)
PCA885,R7.1.0(3)
PCA887,R5.7.0(5)
PCA887,R5.1.0(1)
PCA887,R6.3.0(8)
PCA888,R5.5.0(9)
PCA889,R6.3.0(8)
PCA891,R6.4.0(1)
PCA891,R7.1.0(3)
PCA891,R5.9.0(1)
PCA893,R5.8.0(1)
PCA893,R6.2.0(1)
PCA893,R5.9.0(6)
PCA896,R5.6.0(1)
PCA896,R5.1.0(1)
PCA896,R5.9.0(1)
PCA897,R6.4.0(1)
PCA897,R6.2.0(1)
PCA897,R5.5.0(1)
PCA899,R5.6.0(8)
PCA899,R5.6.0(1)
PCA899,R6.2.0(8)
PCA904,R5.9.0(1)
PCA905,R5.5.0(1)
PCA906,R6.2.0(8)
PCA908,R5.5.0(1)
PCA908,R5.9.0(6)
PCA908,R6.3.0(9)
PCA909,R6.2.0(1)
PCA910,R6.3.0(1)
PCA911,R5.8.0(1)
PCA911,R5.6.0(1)
PCA911,R6.3.0(9)
PCA912,R6.4.0(6)
PCA917,R5.6.0(1)
PCA919,R4.1.0(2)
PCA921,R6.2.0(1)
PCA921,R5.7.0(5)
PCA921,R6.3.0(9)
PCA923,R5.8.0(1)
PCA924,R6.3.0(9)
PCA925,R6.2.0(1)
PCA927,R5.1.0(1)
PCA928,R7.3.0(4)
PCA928,R4.1.0(1)
PCA928,R6.4.0(7)
PCA929,R5.9.0(6)
PCA929,R6.3.0(9)
PCA929,R6.4.0(1)
PCA931,R7.1.0(3)
PCA931,R5.6.0(1)
PCA931,R6.3.0(1)
PCA935,R7.3.0(4)
PCA937,R5.9.0(1)
PCA938,R5.7.0(5)
PCA938,R5.8.0(9)
PCA938,R6.3.0(8)
PCA940,R5.5.0(1)
PCA941,R5.7.0(5)
PCA941,R5.8.0(9)
PCA941,R5.1.0(1)
PCA944,R5.8.0(9)
PCA944,R6.3.0(9)
PCA944,R6.3.0(1)
PCA946,R6.4.0(7)
PCA947,R5.5.0(9)
PCA948,R7.1.0(3)
PCA949,R6.2.0(8)
PCA951,R6.4.0(1)
PCA951,R5.1.0(1)
PCA951,R6.3.0(8)
PCA952,R6.3.0(9)
PCA952,R5.6.0(8)
PCA952,R6.2.0(8)
PCA953,R5.8.0(9)
PCA957,R5.8.0(1)
PCA958,R6.3.0(8)
PCA959,R7.1.0(3)
PCA960,R5.8.0(1)
PCA960,R6.2.0(8)
PCA960,R5.4.4(3)
PCA961,R5.6.0(8)
PCA961,R6.4.0(7)
PCA961,R4.1.0(1)
PCA962,R6.4.0(7)
PCA963,R6.4.0(7)
PCA965,R5.7.0(5)
PCA966,R5.7.0(5)
PCA966,R5.5.0(1)
PCA966,R5.5.0(1)
PCA967,R5.8.0(1)
PCA969,R5.5.0(1)
PCA974,R4.1.0(1)
PCA974,R5.1.0(1)
PCA974,R5.7.0(5)
PCA976,R6.4.0(1)
PCA976,R6.4.0(6)
PCA976,R5.8.0(1)
PCA979,R6.3.0(8)
PCA981,R6.2.0(1)
PCA981,R7.1.0(3)
PCA981,R5.5.0(1)
PCA983,R5.5.0(1)
PCA984,R4.1.0(2)
PCA985,R6.3.0(8)
PCA985,R5.5.0(9)
PCA985,R5.7.0(1)
PCA988,R6.4.0(7)
PCA991,R6.2.0(1)
PCA991,R5.7.0(5)
PCA991,R6.3.0(8)
PCA993,R5.9.0(1)
PCA993,R6.4.0(1)
PCA993,R5.9.0(6)
PCA994,R5.7.0(5)
PCA994,R6.1.0(1)
PCA994,R6.3.0(1)
PCA996,R5.5.0(9)
PCA999,R6.5.0(1)
PCA999,R6.3.0(1)
PCA999,R5.5.0(1)
PCA1000,R4.1.0(1)
PCA1000,R6.1.0(1)
PCA1000,R6.2.0(1)
PCA1004,R6.1.0(1)
PCA1005,R5.6.0(1)
PCA1005,R4.1.0(2)
PCA1005,R5.5.0(1)
PCA1006,R6.2.0(1)
PCA1006,R5.8.0(9)
PCA1006,R5.9.0(6)
PCA1007,R6.3.0(1)
PCA1008,R6.2.0(8)
PCA1012,R7.3.0(4)
PCA1012,R5.5.0(1)
PCA1012,R5.1.0(1)
PCA1013,R5.5.0(1)
PCA1014,R5.5.0(9)
PCA1014,R6.3.0(1)
PCA1014,R6.3.0(1)
PCA1021,R5.1.0(1)
PCA1027,R7.1.0(3)
PCA1027,R5.4.4(3)
PCA1027,R5.7.0(1)
PCA1028,R5.4.4(3)
PCA1028,R5.5.0(1)
PCA1028,R5.8.0(9)
PCA1031,R6.3.0(8)
PCA1038,R4.1.0(1)
PCA1038,R4.1.0(2)
PCA1038,R6.2.0(1)
PCA1042,R6.1.0(1)
PCA1050,R4.1.0(1)
PCA1051,R5.5.0(1)
PCA1051,R5.6.0(8)
PCA1051,R7.3.0(4)
PCA1056,R5.8.0(9)
PCA1056,R5.9.0(1)
PCA1056,R6.5.0(1)
PCA1060,R5.6.0(8)
PCA1060,R7.1.0(3)
PCA1060,R5.7.0(1)
PCA1061,R4.1.0(1)
PCA1062,R6.3.0(1)
PCA1063,R5.6.0(1)
PCA1065,R7.1.0(3)
PCA1065,R6.3.0(1)
PCA1065,R5.8.0(1)
PCA1066,R5.4.4(3)
PCA1067,R6.3.0(1)
PCA1067,R5.4.4(3)
PCA1067,R4.1.0(1)
PCA1071,R5.9.0(1)
PCA1073,R6.4.0(6)
PCA1073,R4.1.0(2)
PCA1073,R5.4.4(3)
PCA1080,R6.3.0(9)
PCA1080,R4.1.0(1)
PCA1080,R4.1.0(2)
PCA1081,R5.9.0(1)
PCA1085,R5.4.4(3)
PCA1090,R6.3.0(8)
PCA1091,R6.3.0(1)
PCA1091,R5.4.4(3)
PCA1091,R6.4.0(1)
PCA1099,R7.3.0(4)
PCA1099,R5.4.4(3)
PCA1099,R5.7.0(1)
PCA1101,R4.1.0(2)
PCA1102,R5.4.4(3)
PCA1105,R6.2.0(1)
PCA1105,R6.4.0(6)
PCA1105,R6.2.0(8)
PCA1108,R6.2.0(8)
PCA1111,R5.7.0(1)
PCA1111,R5.6.0(8)
PCA1111,R6.3.0(8)
PCA1116,R4.1.0(2)
PCA1116,R5.9.0(6)
PCA1116,R5.7.0(5)
PCA1117,R5.9.0(1)
PCA1117,R5.8.0(9)
PCA1117,R4.1.0(1)
PCA1118,R6.2.0(8)
PCA1118,R5.8.0(9)
PCA1118,R6.1.0(1)
PCA1121,R4.1.0(2)
PCA1122,R6.3.0(8)
PCA1122,R5.9.0(1)
PCA1122,R5.9.0(1)
PCA1124,R5.7.0(5)
PCA1125,R5.8.0(9)
PCA1127,R6.3.0(8)
PCA1127,R6.4.0(7)
PCA1127,R6.3.0(9)
PCA1130,R4.1.0(2)
PCA1131,R6.4.0(1)
PCA1131,R5.6.0(8)
PCA1131,R5.8.0(9)
PCA1132,R6.4.0(1)
PCA1132,R5.6.0(1)
PCA1132,R5.5.0(9)
PCA1133,R6.3.0(8)
PCA1133,R5.9.0(1)
PCA1133,R5.7.0(1)
PCA1135,R5.6.0(8)
PCA1135,R6.5.0(1)
PCA1135,R6.3.0(1)
PCA1136,R5.7.0(5)
PCA1138,R5.6.0(8)
PCA1138,R6.1.0(1)
PCA1138,R6.1.0(1)
PCA1139,R6.1.0(1)
PCA1140,R5.8.0(9)
PCA1141,R6.3.0(8)
PCA1143,R6.3.0(1)
PCA1144,R7.1.0(3)
PCA1146,R4.1.0(2)
PCA1149,R5.6.0(1)
PCA1150,R5.1.0(1)
PCA1150,R7.1.0(3)
PCA1150,R6.2.0(8)
PCA1152,R5.5.0(9)
PCA1152,R6.4.0(1)
PCA1152,R5.8.0(9)
PCA1158,R6.3.0(9)
PCA1160,R5.7.0(1)
PCA1163,R5.5.0(9)
PCA1172,R6.2.0(1)
PCA1172,R6.1.0(1)
PCA1172,R4.1.0(1)
PCA1174,R6.5.0(1)
PCA1174,R5.7.0(5)
PCA1174,R5.9.0(1)
PCA1176,R5.7.0(5)
PCA1176,R6.2.0(8)
PCA1176,R5.1.0(1)
PCA1178,R5.6.0(1)
PCA1178,R6.3.0(9)
PCA1178,R5.5.0(1)
PCA1182,R5.7.0(1)
PCA1182,R5.8.0(9)
PCA1182,R6.4.0(6)
PCA1183,R5.6.0(8)
PCA1183,R6.3.0(1)
PCA1183,R5.5.0(1)
PCA1185,R6.4.0(7)
PCA1185,R5.8.0(1)
PCA1185,R5.5.0(9)
PCA1186,R5.9.0(1)
PCA1186,R5.7.0(5)
PCA1186,R7.3.0(4)
PCA1206,R7.1.0(3)
PCA1207,R6.2.0(1)
PCA1208,R4.1.0(1)
PCA1208,R5.9.0(6)
PCA1208,R5.8.0(1)
PCA1210,R6.4.0(6)
PCA1211,R6.5.0(1)
PCA1211,R5.1.0(1)
PCA1211,R7.1.0(3)
PCA1215,R6.3.0(8)
PCA1216,R5.6.0(1)
PCA1218,R5.7.0(5)
PCA1222,R5.4.4(3)
PCA1222,R7.3.0(4)
PCA1222,R5.7.0(1)
PCA1223,R6.5.0(1)
PCA1230,R6.4.0(6)
PCA1230,R6.4.0(1)
PCA1230,R6.4.0(6)
PCA1231,R7.3.0(4)
PCA1231,R5.7.0(5)
PCA1231,R7.1.0(3)
PCA1232,R6.2.0(1)
PCA1234,R4.1.0(1)
PCA1237,R6.3.0(9)
PCA1239,R6.2.0(8)
PCA1239,R6.4.0(6)
PCA1239,R4.1.0(2)
PCA1240,R7.1.0(3)
PCA1241,R5.5.0(1)
PCA1241,R6.4.0(7)
PCA1241,R7.1.0(3)
PCA1242,R6.3.0(9)
PCA1242,R5.6.0(8)
PCA1242,R5.4.4(3)
PCA1244,R6.4.0(6)
PCA1246,R6.3.0(1)
PCA1246,R6.4.0(7)
PCA1246,R5.8.0(9)
PCA1248,R5.4.4(3)
PCA1252,R6.2.0(8)
PCA1252,R6.4.0(7)
PCA1252,R6.4.0(6)
PCA1258,R6.4.0(1)
PCA1259,R6.1.0(1)
PCA1259,R6.4.0(6)
PCA1259,R6.3.0(1)
PCA1262,R5.7.0(5)
PCA1266,R5.9.0(1)
PCA1266,R5.8.0(1)
PCA1266,R5.5.0(9)
PCA1267,R5.6.0(1)
PCA1268,R5.1.0(1)
PCA1272,R5.9.0(6)
PCA1272,R5.7.0(1)
PCA1272,R5.6.0(8)
PCA1273,R6.4.0(1)
PCA1273,R5.1.0(1)
PCA1273,R5.9.0(1)
PCA1275,R5.7.0(1)
PCA1275,R5.6.0(1)
PCA1275,R6.4.0(7)
PCA1276,R5.1.0(1)
PCA1276,R5.4.4(3)
PCA1276,R5.5.0(9)
PCA1280,R4.1.0(1)
PCA1280,R6.3.0(9)
PCA1280,R6.3.0(1)
PCA1281,R7.3.0(4)
PCA1282,R6.2.0(8)
PCA1285,R4.1.0(2)
PCA1285,R6.2.0(8)
PCA1285,R5.6.0(8)
PCA1291,R5.8.0(9)
PCA1291,R6.3.0(8)
PCA1291,R5.8.0(1)
PCA1293,R6.3.0(8)
PCA1294,R5.9.0(6)
PCA1296,R6.2.0(1)
PCA1298,R6.3.0(1)
PCA1298,R6.1.0(1)
PCA1298,R6.3.0(9)
PCA1302,R6.3.0(9)
PCA1302,R5.7.0(1)
PCA1302,R6.4.0(6)
PCA1303,R6.3.0(1)
PCA1303,R6.3.0(1)
PCA1303,R5.5.0(1)
PCA1304,R5.8.0(1)
PCA1306,R5.8.0(9)
PCA1307,R6.5.0(1)
PCA1308,R6.2.0(1)
PCA1308,R5.8.0(1)
PCA1308,R7.1.0(3)
PCA1310,R5.8.0(9)
PCA1310,R4.1.0(2)
PCA1310,R5.5.0(9)
PCA1312,R5.8.0(1)
PCA1314,R6.2.0(8)
PCA1315,R6.2.0(8)
PCA1315,R5.6.0(1)
PCA1315,R5.6.0(8)
PCA1316,R7.1.0(3)
PCA1317,R6.5.0(1)
PCA1319,R5.5.0(1)
PCA1321,R4.1.0(1)
PCA1324,R6.4.0(6)
PCA1325,R5.8.0(9)
PCA1335,R6.2.0(1)
PCA1335,R6.3.0(9)
PCA1335,R5.8.0(9)
PCA1336,R6.3.0(1)
PCA1337,R5.5.0(9)
PCA1338,R6.4.0(7)
PCA1339,R6.5.0(1)
PCA1339,R7.3.0(4)
PCA1339,R6.4.0(1)
PCA1344,R5.7.0(5)
PCA1345,R4.1.0(2)
PCA1347,R5.8.0(1)
PCA1351,R6.5.0(1)
PCA1351,R5.6.0(8)
PCA1351,R5.8.0(9)
PCA1353,R6.3.0(9)
PCA1354,R5.9.0(6)
PCA1355,R5.5.0(9)
PCA1355,R6.3.0(9)
PCA1355,R5.6.0(1)
PCA1359,R6.5.0(1)
PCA1359,R6.4.0(6)
PCA1359,R5.5.0(9)
PCA1362,R5.7.0(5)
PCA1362,R6.5.0(1)
PCA1362,R4.1.0(2)
PCA1363,R5.9.0(6)
PCA1365,R4.1.0(2)
PCA1365,R7.1.0(3)
PCA1365,R6.4.0(7)
PCA1366,R7.1.0(3)
PCA1367,R6.2.0(1)
PCA1368,R4.1.0(2)
PCA1368,R4.1.0(1)
PCA1368,R5.9.0(1)
PCA1371,R5.7.0(1)
PCA1374,R5.7.0(1)
PCA1375,R5.9.0(6)
PCA1375,R6.3.0(8)
PCA1375,R6.3.0(9)
PCA1377,R6.3.0(9)
PCA1377,R6.3.0(8)
PCA1377,R6.1.0(1)
PCA1381,R5.7.0(1)
PCA1383,R4.1.0(1)
PCA1384,R6.3.0(9)
PCA1384,R6.3.0(9)
PCA1384,R7.3.0(4)
PCA1389,R6.3.0(9)
PCA1389,R5.9.0(6)
PCA1389,R6.1.0(1)
PCA1393,R5.5.0(1)
PCA1393,R7.3.0(4)
PCA1393,R6.4.0(7)
PCA1395,R6.4.0(7)
PCA1395,R5.5.0(1)
PCA1395,R6.3.0(9)
PCA1397,R6.2.0(8)
PCA1398,R5.7.0(5)
PCA1398,R5.6.0(8)
PCA1398,R6.5.0(1)
PCA1405,R6.1.0(1)
PCA1405,R7.3.0(4)
PCA1405,R6.3.0(9)
PCA1408,R4.1.0(2)
PCA1410,R7.1.0(3)
PCA1410,R6.2.0(8)
PCA1410,R6.3.0(8)
PCA1411,R5.1.0(1)
PCA1411,R6.2.0(1)
PCA1411,R5.8.0(1)
PCA1414,R5.4.4(3)
PCA1415,R7.3.0(4)
PCA1415,R4.1.0(2)
PCA1415,R6.4.0(7)
PCA1416,R4.1.0(1)
PCA1416,R6.2.0(8)
PCA1416,R5.9.0(6)
PCA1421,R4.1.0(2)
PCA1421,R5.8.0(1)
PCA1421,R5.4.4(3)
PCA1424,R6.4.0(7)
PCA1428,R5.9.0(6)
PCA1435,R5.8.0(9)
PCA1435,R6.3.0(9)
PCA1435,R6.2.0(8)
PCA1436,R7.3.0(4)
PCA1440,R6.3.0(9)
PCA1441,R5.6.0(1)
PCA1441,R5.9.0(6)
PCA1441,R4.1.0(1)
PCA1443,R7.3.0(4)
PCA1444,R6.1.0(1)
PCA1444,R5.8.0(1)
PCA1444,R5.9.0(1)
PCA1448,R6.4.0(6)
PCA1449,R6.4.0(1)
PCA1450,R6.4.0(1)
PCA1450,R6.4.0(1)
PCA1450,R4.1.0(1)
PCA1451,R7.3.0(4)
PCA1451,R6.3.0(9)
PCA1451,R5.6.0(1)
PCA1452,R6.1.0(1)
PCA1452,R4.1.0(2)
PCA1452,R6.3.0(1)
PCA1453,R5.1.0(1)
PCA1453,R5.9.0(1)
PCA1453,R5.7.0(5)
PCA1454,R5.4.4(3)
PCA1454,R6.4.0(6)
PCA1454,R6.3.0(1)
PCA1455,R5.7.0(5)
PCA1455,R6.3.0(1)
PCA1455,R5.4.4(3)
PCA1456,R5.7.0(1)
PCA1456,R4.1.0(1)
PCA1456,R5.9.0(1)
PCA1457,R5.7.0(1)
PCA1457,R6.4.0(1)
PCA1457,R6.3.0(1)
PCA1460,R6.4.0(7)
PCA1460,R5.9.0(1)
PCA1460,R5.8.0(9)
PCA1461,R6.3.0(8)
PCA1461,R5.5.0(1)
PCA1461,R5.9.0(6)
PCA1463,R6.3.0(8)
PCA1463,R6.3.0(8)
PCA1463,R6.1.0(1)
PCA1467,R6.2.0(8)
PCA1467,R5.4.4(3)
PCA1467,R5.8.0(9)
PCA1469,R5.9.0(1)
PCA1471,R5.8.0(1)
PCA1473,R6.5.0(1)
PCA1481,R5.8.0(1)
PCA1481,R6.3.0(9)
PCA1481,R5.6.0(8)
PCA1482,R6.2.0(1)
PCA1482,R6.4.0(7)
PCA1482,R5.5.0(1)
PCA1484,R4.1.0(2)
PCA1484,R6.3.0(9)
PCA1484,R6.2.0(1)
PCA1485,R6.4.0(1)
PCA1490,R6.4.0(6)
PCA1492,R6.4.0(6)
PCA1504,R7.1.0(3)
PCA1504,R5.9.0(6)
PCA1504,R5.9.0(6)
PCA1505,R6.3.0(9)
PCA1505,R6.2.0(8)
PCA1505,R5.1.0(1)
PCA1506,R5.8.0(9)
PCA1506,R6.2.0(8)
PCA1506,R4.1.0(1)
PCA1510,R6.2.0(1)
PCA1510,R6.4.0(7)
PCA1510,R5.7.0(5)
PCA1513,R5.5.0(9)
PCA1514,R5.9.0(1)
PCA1514,R5.8.0(9)
PCA1514,R5.7.0(1)
PCA1521,R5.4.4(3)
PCA1521,R6.3.0(1)
PCA1521,R5.8.0(1)
PCA1524,R6.4.0(1)
PCA1526,R5.8.0(1)
PCA1527,R6.4.0(6)
PCA1529,R5.6.0(1)
PCA1529,R7.1.0(3)
PCA1529,R5.5.0(1)
PCA1531,R5.6.0(1)
PCA1531,R5.7.0(5)
PCA1531,R5.5.0(9)
PCA1532,R5.6.0(1)
PCA1536,R6.4.0(1)
PCA1544,R6.4.0(7)
PCA1544,R6.1.0(1)
PCA1544,R5.5.0(9)
PCA1547,R5.4.4(3)
PCA1547,R6.3.0(8)
PCA1547,R5.9.0(1)
PCA1548,R6.2.0(8)
PCA1550,R6.4.0(7)
PCA1550,R5.9.0(6)
PCA1550,R5.1.0(1)
PCA1554,R4.1.0(1)
PCA1557,R5.7.0(5)
PCA1558,R7.1.0(3)
PCA1558,R5.8.0(1)
PCA1558,R5.5.0(1)
PCA1562,R5.8.0(1)
PCA1565,R5.7.0(1)
PCA1566,R7.3.0(4)
PCA1566,R5.6.0(1)
PCA1566,R4.1.0(1)
PCA1569,R6.5.0(1)
PCA1569,R5.8.0(1)
PCA1569,R6.2.0(1)
PCA1571,R5.6.0(8)
PCA1573,R4.1.0(1)
PCA1573,R5.7.0(5)
PCA1573,R5.7.0(1)
PCA1574,R6.2.0(8)
PCA1575,R5.9.0(1)
PCA1575,R6.2.0(1)
PCA1575,R5.9.0(6)
PCA1576,R5.7.0(5)
PCA1576,R6.3.0(1)
PCA1576,R5.6.0(1)
PCA1577,R5.8.0(1)
PCA1583,R5.6.0(8)
PCA1585,R5.5.0(1)
PCA1585,R6.2.0(8)
PCA1585,R6.1.0(1)
PCA1587,R5.5.0(1)
PCA1589,R5.9.0(6)
PCA1598,R6.5.0(1)
PCA1599,R5.1.0(1)
PCA1599,R5.6.0(8)
PCA1599,R6.3.0(9)
PCA1600,R5.6.0(1)
PCA1601,R7.3.0(4)
PCA1603,R5.9.0(1)
PCA1603,R5.8.0(9)
PCA1603,R6.3.0(1)
PCA1604,R5.5.0(9)
PCA1608,R6.2.0(1)
PCA1610,R7.1.0(3)
PCA1610,R4.1.0(1)
PCA1610,R6.2.0(1)
PCA1614,R4.1.0(1)
PCA1614,R6.4.0(6)
PCA1614,R6.4.0(6)
PCA1619,R5.7.0(1)
PCA1627,R4.1.0(1)
PCA1627,R7.3.0(4)
PCA1627,R5.8.0(1)
PCA1628,R6.1.0(1)
PCA1628,R6.4.0(1)
PCA1628,R6.5.0(1)
PCA1630,R6.3.0(8)
PCA1635,R6.5.0(1)
PCA1636,R5.1.0(1)
PCA1638,R5.6.0(8)
PCA1640,R4.1.0(2)
PCA1640,R6.5.0(1)
PCA1640,R5.9.0(1)
PCA1644,R5.5.0(1)
PCA1644,R4.1.0(2)
PCA1644,R5.8.0(1)
PCA1646,R7.3.0(4)
PCA1646,R7.1.0(3)
PCA1646,R5.6.0(1)
PCA1648,R5.9.0(1)
PCA1649,R7.1.0(3)
PCA1649,R6.2.0(1)
PCA1649,R6.3.0(8)
PCA1654,R5.6.0(8)
PCA1655,R4.1.0(2)
PCA1655,R7.1.0(3)
PCA1655,R5.8.0(1)
PCA1659,R4.1.0(2)
PCA1659,R6.4.0(7)
PCA1659,R5.9.0(1)
PCA1661,R6.4.0(6)
PCA1661,R6.2.0(8)
PCA1661,R5.8.0(9)
PCA1663,R5.7.0(1)
PCA1663,R4.1.0(2)
PCA1663,R5.6.0(1)
PCA1664,R6.3.0(1)
PCA1664,R5.1.0(1)
PCA1664,R5.5.0(9)
PCA1665,R5.5.0(1)
PCA1665,R6.2.0(8)
PCA1665,R5.5.0(9)
PCA1666,R7.3.0(4)
PCA1666,R5.6.0(1)
PCA1666,R6.3.0(1)
PCA1667,R6.3.0(1)
PCA1669,R5.7.0(5)
PCA1671,R6.4.0(6)
PCA1671,R4.1.0(1)
PCA1671,R5.1.0(1)
PCA1676,R4.1.0(1)
PCA1676,R5.6.0(8)
PCA1676,R5.1.0(1)
PCA1679,R7.3.0(4)
PCA1679,R6.2.0(1)
PCA1679,R5.6.0(8)
PCA1680,R5.5.0(1)
PCA1686,R5.5.0(9)
PCA1693,R5.6.0(8)
PCA1697,R5.5.0(9)
PCA1698,R4.1.0(2)
PCA1699,R5.7.0(1)
PCA1699,R6.3.0(8)
PCA1699,R6.4.0(1)
PCA1700,R5.6.0(1)
PCA1701,R6.4.0(1)
PCA1706,R6.3.0(9)
PCA1706,R6.2.0(1)
PCA1706,R5.8.0(9)
PCA1707,R6.2.0(8)
PCA1710,R6.2.0(1)
PCA1717,R5.8.0(1)
PCA1718,R7.1.0(3)
PCA1718,R6.1.0(1)
PCA1718,R4.1.0(2)
PCA1719,R5.9.0(6)
PCA1721,R5.1.0(1)
PCA1725,R5.6.0(8)
PCA1725,R6.4.0(6)
PCA1725,R6.1.0(1)
PCA1726,R6.3.0(8)
PCA1727,R5.6.0(8)
PCA1729,R4.1.0(2)
PCA1729,R4.1.0(1)
PCA1729,R6.2.0(1)
PCA1731,R5.6.0(1)
PCA1731,R6.4.0(1)
PCA1731,R6.4.0(1)
PCA1735,R6.4.0(7)
PCA1735,R5.7.0(1)
PCA1735,R7.3.0(4)
PCA1741,R5.6.0(8)
PCA1741,R5.7.0(1)
PCA1741,R5.7.0(1)
PCA1742,R6.4.0(6)
PCA1743,R6.3.0(9)
PCA1743,R6.2.0(8)
PCA1743,R5.9.0(1)
PCA1747,R6.1.0(1)
PCA1747,R6.1.0(1)
PCA1747,R6.1.0(1)
PCA1748,R5.6.0(1)
PCA1759,R5.7.0(5)
PCA1761,R7.3.0(4)
PCA1763,R6.5.0(1)
PCA1765,R6.5.0(1)
PCA1765,R5.6.0(8)
PCA1765,R5.9.0(6)
PCA1768,R5.1.0(1)
PCA1768,R6.3.0(8)
PCA1768,R6.4.0(1)
PCA1769,R5.6.0(1)
PCA1769,R5.1.0(1)
PCA1769,R6.2.0(8)
PCA1772,R6.2.0(8)
PCA1772,R6.2.0(8)
PCA1772,R7.3.0(4)
PCA1780,R5.1.0(1)
PCA1781,R6.2.0(1)
PCA1788,R7.1.0(3)
PCA1789,R6.3.0(1)
PCA1795,R5.7.0(1)
PCA1797,R5.6.0(1)
PCA1797,R6.5.0(1)
PCA1797,R6.4.0(7)
PCA1804,R5.4.4(3)
PCA1804,R5.9.0(6)
PCA1804,R5.8.0(9)
PCA1809,R5.8.0(1)
PCA1810,R6.4.0(6)
PCA1810,R5.7.0(1)
PCA1810,R5.9.0(6)
PCA1811,R6.4.0(7)
PCA1811,R6.3.0(1)
PCA1811,R5.8.0(9)
PCA1814,R6.3.0(8)
PCA1814,R5.5.0(1)
PCA1814,R6.4.0(7)
PCA1815,R6.2.0(1)
PCA1823,R5.1.0(1)
PCA1823,R5.6.0(1)
PCA1823,R5.5.0(9)
PCA1824,R6.3.0(8)
PCA1826,R5.1.0(1)
PCA1828,R5.9.0(6)
PCA1830,R5.8.0(1)
PCA1830,R6.2.0(8)
PCA1830,R6.4.0(7)
PCA1833,R5.1.0(1)
PCA1835,R5.1.0(1)
PCA1835,R6.4.0(7)
PCA1835,R6.4.0(1)
PCA1839,R5.8.0(9)
PCA1839,R6.3.0(9)
PCA1839,R5.5.0(1)
PCA1840,R4.1.0(1)
PCA1840,R5.1.0(1)
PCA1840,R5.4.4(3)
PCA1842,R4.1.0(1)
PCA1843,R6.4.0(1)
PCA1850,R5.5.0(9)
PCA1850,R6.4.0(7)
PCA1850,R6.2.0(1)
PCA1854,R5.4.4(3)
PCA1854,R5.7.0(1)
PCA1854,R5.9.0(1)
PCA1856,R5.9.0(1)
PCA1856,R6.2.0(1)
PCA1856,R5.7.0(5)
PCA1857,R6.4.0(1)
PCA1857,R6.3.0(8)
PCA1857,R5.6.0(1)
PCA1859,R4.1.0(2)
PCA1860,R6.1.0(1)
PCA1860,R6.2.0(1)
PCA1860,R5.8.0(9)
PCA1863,R6.4.0(6)
PCA1865,R6.3.0(9)
PCA1865,R5.7.0(5)
PCA1865,R5.8.0(1)
PCA1872,R5.8.0(1)
PCA1872,R5.4.4(3)
PCA1872,R6.2.0(1)
PCA1875,R6.3.0(1)
PCA1876,R5.8.0(9)
PCA1881,R6.2.0(8)
PCA1883,R5.6.0(1)
PCA1884,R5.7.0(5)
PCA1890,R5.8.0(9)
PCA1890,R6.4.0(1)
PCA1890,R5.8.0(9)
PCA1892,R6.3.0(8)
PCA1893,R6.4.0(7)
PCA1895,R5.5.0(9)
PCA1896,R5.5.0(9)
PCA1898,R7.1.0(3)
PCA1901,R7.3.0(4)
PCA1904,R5.9.0(1)
PCA1904,R6.3.0(9)
PCA1904,R6.4.0(6)
PCA1905,R5.5.0(9)
PCA1906,R5.7.0(1)
PCA1906,R5.9.0(1)
PCA1906,R5.9.0(6)
PCA1909,R5.1.0(1)
PCA1909,R6.2.0(8)
PCA1909,R4.1.0(1)
PCA1910,R6.4.0(6)
PCA1911,R6.3.0(8)
PCA1913,R7.1.0(3)
PCA1913,R6.2.0(8)
PCA1913,R6.3.0(9)
PCA1914,R5.9.0(6)
PCA1920,R6.4.0(7)
PCA1920,R5.1.0(1)
PCA1920,R4.1.0(1)
PCA1921,R5.5.0(1)
PCA1924,R6.2.0(1)
PCA1924,R6.4.0(7)
PCA1924,R6.3.0(9)
PCA1925,R5.5.0(9)
PCA1925,R6.3.0(1)
PCA1925,R5.5.0(1)
PCA1926,R5.4.4(3)
PCA1926,R7.1.0(3)
PCA1926,R6.2.0(8)
PCA1927,R5.7.0(1)
PCA1927,R6.3.0(1)
PCA1927,R6.3.0(1)
PCA1930,R5.7.0(5)
PCA1930,R5.5.0(9)
PCA1930,R4.1.0(1)
PCA1934,R5.4.4(3)
PCA1934,R5.9.0(1)
PCA1934,R6.2.0(1)
PCA1935,R5.7.0(5)
PCA1936,R6.3.0(1)
PCA1936,R6.2.0(8)
PCA1936,R4.1.0(2)
PCA1940,R5.5.0(1)
PCA1941,R6.5.0(1)
PCA1942,R6.3.0(1)
PCA1943,R5.5.0(1)
PCA1944,R5.6.0(8)
PCA1947,R7.3.0(4)
PCA1947,R5.6.0(1)
PCA1947,R7.1.0(3)
PCA1950,R5.8.0(1)
PCA1950,R5.4.4(3)
PCA1950,R6.3.0(9)
PCA1952,R6.3.0(9)
PCA1952,R6.3.0(8)
PCA1952,R5.1.0(1)
PCA1953,R5.1.0(1)
PCA1956,R5.8.0(1)
PCA1959,R6.3.0(9)
PCA1964,R5.5.0(1)
PCA1966,R7.3.0(4)
PCA1973,R5.8.0(1)
PCA1973,R6.3.0(9)
PCA1973,R7.1.0(3)
PCA1975,R5.8.0(9)
PCA1975,R5.5.0(9)
PCA1975,R6.3.0(8)
PCA1976,R5.8.0(1)
PCA1978,R7.3.0(4)
PCA1978,R5.9.0(6)
PCA1978,R7.3.0(4)
PCA1980,R6.1.0(1)
PCA1981,R6.4.0(6)
PCA1982,R7.1.0(3)
PCA1982,R5.6.0(8)
PCA1982,R5.9.0(6)
PCA1984,R5.9.0(6)
PCA1984,R6.3.0(8)
PCA1984,R5.6.0(8)
PCA1986,R5.6.0(8)
PCA1986,R6.3.0(8)
PCA1986,R5.7.0(5)
PCA1994,R6.3.0(8)
PCA1996,R5.6.0(1)
PCA1996,R7.3.0(4)
PCA1996,R6.3.0(1)
PCA1997,R5.8.0(1)
PCA2000,R5.7.0(1)
PCA2000,R6.3.0(1)
PCA2000,R5.6.0(8)
PCA2002,R6.2.0(1)
PCA2003,R4.1.0(1)
PCA2005,R7.1.0(3)
PCA2007,R5.9.0(1)
PCA2007,R5.1.0(1)
PCA2007,R6.5.0(1)
PCA2009,R5.5.0(1)
PCA2009,R6.3.0(1)
PCA2009,R6.3.0(1)
PCA2010,R5.9.0(6)
PCA2011,R5.1.0(1)
PCA2011,R6.5.0(1)
PCA2011,R6.3.0(8)
PCA2012,R5.6.0(1)
PCA2012,R5.7.0(1)
PCA2012,R5.9.0(6)
PCA2017,R5.9.0(6)
PCA2017,R7.1.0(3)
PCA2017,R5.8.0(9)
PCA2024,R5.5.0(1)
PCA2024,R5.6.0(1)
PCA2024,R5.9.0(1)
PCA2037,R5.7.0(1)
PCA2039,R6.3.0(8)
PCA2042,R5.5.0(1)
PCA2042,R6.1.0(1)
PCA2042,R6.4.0(7)
PCA2045,R5.4.4(3)
PCA2046,R6.5.0(1)
PCA2047,R5.1.0(1)
PCA2048,R5.1.0(1)
PCA2048,R6.2.0(8)
PCA2048,R5.5.0(9)
PCA2050,R6.3.0(9)
PCA2053,R5.5.0(1)
PCA2053,R6.5.0(1)
PCA2053,R6.2.0(1)
PCA2055,R6.4.0(7)
PCA2055,R6.2.0(1)
PCA2055,R5.4.4(3)
PCA2057,R5.4.4(3)
PCA2062,R5.5.0(9)
PCA2063,R5.5.0(9)
PCA2068,R5.7.0(1)
PCA2068,R5.4.4(3)
PCA2068,R6.5.0(1)
PCA2071,R6.5.0(1)
PCA2071,R4.1.0(2)
PCA2071,R5.9.0(1)
PCA2076,R5.9.0(1)
PCA2080,R6.3.0(8)
PCA2080,R6.3.0(9)
PCA2080,R6.1.0(1)
PCA2081,R6.2.0(8)
PCA2088,R6.3.0(1)
PCA2096,R6.2.0(8)
PCA2097,R6.3.0(1)
PCA2098,R6.3.0(8)
PCA2099,R6.2.0(1)
PCA2100,R6.4.0(6)
PCA2100,R5.5.0(9)
PCA2100,R7.3.0(4)
PCA2102,R6.3.0(8)
PCA2104,R6.3.0(9)
PCA2107,R6.2.0(8)
PCA2107,R4.1.0(1)
PCA2107,R6.3.0(8)
PCA2110,R5.6.0(1)
PCA2110,R6.3.0(1)
PCA2110,R5.7.0(5)
PCA2111,R5.1.0(1)
PCA2111,R5.4.4(3)
PCA2111,R5.8.0(9)
PCA2114,R7.3.0(4)
PCA2114,R5.9.0(6)
PCA2114,R6.4.0(7)
PCA2116,R5.4.4(3)
PCA2116,R6.2.0(8)
PCA2116,R5.5.0(9)
PCA2121,R4.1.0(2)
PCA2123,R6.3.0(1)
PCA2124,R5.8.0(1)
PCA2129,R5.6.0(1)
PCA2131,R5.1.0(1)
PCA2133,R6.3.0(9)
PCA2135,R6.4.0(6)
PCA2138,R7.3.0(4)
PCA2139,R6.4.0(1)
PCA2139,R5.8.0(1)
PCA2139,R5.9.0(6)
PCA2144,R6.3.0(9)
PCA2148,R6.4.0(1)
PCA2148,R5.8.0(1)
PCA2148,R5.9.0(1)
PCA2150,R6.3.0(8)
PCA2151,R7.1.0(3)
PCA2162,R5.4.4(3)
PCA2164,R5.7.0(5)
PCA2164,R7.3.0(4)
PCA2164,R5.6.0(1)
PCA2166,R5.7.0(1)
PCA2167,R6.1.0(1)
PCA2171,R5.6.0(1)
PCA2171,R5.9.0(6)
PCA2171,R5.8.0(1)
PCA2174,R6.5.0(1)
PCA2174,R5.8.0(1)
PCA2174,R5.8.0(1)
PCA2176,R4.1.0(1)
PCA2176,R5.7.0(1)
PCA2176,R4.1.0(2)
PCA2182,R5.8.0(1)
PCA2183,R5.8.0(1)
PCA2184,R5.7.0(5)
PCA2184,R5.8.0(1)
PCA2184,R4.1.0(2)
PCA2190,R6.1.0(1)
PCA2190,R5.8.0(1)
PCA2190,R5.6.0(1)
PCA2194,R6.4.0(6)
PCA2195,R6.3.0(1)
PCA2195,R5.8.0(9)
PCA2195,R5.1.0(1)
PCA2198,R6.3.0(8)
PCA2199,R6.1.0(1)
PCA2200,R6.3.0(1)
PCA2201,R6.2.0(8)
PCA2202,R5.6.0(1)
PCA2203,R5.9.0(1)
PCA2205,R6.2.0(1)
PCA2206,R5.5.0(1)
PCA2211,R5.6.0(1)
PCA2213,R6.3.0(8)
PCA2218,R5.5.0(9)
PCA2220,R5.6.0(8)
PCA2220,R5.8.0(9)
PCA2220,R6.3.0(1)
PCA2221,R5.8.0(9)
PCA2221,R5.7.0(5)
PCA2221,R5.5.0(1)
PCA2222,R5.8.0(1)
PCA2222,R5.1.0(1)
PCA2222,R5.5.0(9)
PCA2223,R5.6.0(1)
PCA2223,R6.4.0(7)
PCA2223,R5.5.0(9)
PCA2224,R6.1.0(1)
PCA2225,R4.1.0(2)
PCA2225,R4.1.0(1)
PCA2225,R6.2.0(1)
PCA2229,R5.4.4(3)
PCA2229,R4.1.0(1)
PCA2229,R6.2.0(1)
PCA2230,R4.1.0(2)
PCA2230,R4.1.0(2)
PCA2230,R5.5.0(1)
PCA2231,R6.5.0(1)
PCA2231,R5.6.0(8)
PCA2231,R6.5.0(1)
PCA2232,R5.6.0(8)
PCA2232,R7.3.0(4)
PCA2232,R5.8.0(1)
PCA2233,R4.1.0(1)
PCA2233,R5.4.4(3)
PCA2233,R4.1.0(1)
PCA2234,R5.9.0(1)
PCA2234,R5.9.0(1)
PCA2234,R5.9.0(1)
PCA2235,R5.9.0(6)
PCA2237,R6.1.0(1)
PCA2238,R5.5.0(1)
PCA2242,R6.5.0(1)
PCA2246,R5.5.0(9)
PCA2251,R5.8.0(9)
PCA2251,R5.7.0(5)
PCA2251,R6.3.0(8)
PCA2252,R5.9.0(1)
PCA2252,R5.8.0(9)
PCA2252,R6.4.0(1)
PCA2255,R5.6.0(1)
PCA2256,R7.1.0(3)
PCA2256,R7.1.0(3)
PCA2256,R6.3.0(9)
PCA2260,R5.6.0(1)
PCA2263,R6.3.0(9)
PCA2263,R6.3.0(9)
PCA2263,R5.5.0(9)
PCA2271,R5.4.4(3)
PCA2271,R6.1.0(1)
PCA2271,R6.2.0(1)
PCA2274,R6.4.0(6)
PCA2274,R6.4.0(7)
PCA2274,R6.4.0(7)
PCA2275,R6.3.0(1)
PCA2276,R5.7.0(1)
PCA2278,R6.3.0(1)
PCA2278,R6.1.0(1)
PCA2278,R5.7.0(5)
PCA2281,R6.2.0(1)
PCA2283,R6.2.0(8)
PCA2293,R6.2.0(8)
PCA2294,R5.9.0(1)
PCA2294,R6.2.0(1)
PCA2294,R5.4.4(3)
PCA2299,R5.7.0(1)
PCA2299,R6.3.0(8)
PCA2299,R6.5.0(1)
PCA2304,R5.4.4(3)
PCA2304,R6.3.0(8)
PCA2304,R6.4.0(6)
PCA2307,R6.2.0(1)
PCA2307,R5.4.4(3)
PCA2307,R6.4.0(1)
PCA2312,R6.5.0(1)
PCA2316,R6.4.0(6)
PCA2332,R4.1.0(1)
PCA2333,R5.5.0(1)
PCA2333,R6.5.0(1)
PCA2333,R5.9.0(1)
PCA2336,R6.4.0(6)
PCA2336,R6.4.0(7)
PCA2336,R6.4.0(1)
PCA2337,R6.2.0(1)
PCA2337,R6.1.0(1)
PCA2337,R5.7.0(5)
PCA2338,R6.3.0(1)
PCA2338,R6.3.0(1)
PCA2338,R6.5.0(1)
PCA2339,R7.3.0(4)
PCA2339,R5.9.0(1)
PCA2339,R7.3.0(4)
PCA2342,R5.8.0(9)
PCA2344,R7.1.0(3)
PCA2344,R5.8.0(1)
PCA2344,R7.1.0(3)
PCA2346,R6.2.0(1)
PCA2346,R5.5.0(9)
PCA2346,R6.2.0(8)
PCA2347,R4.1.0(2)
PCA2347,R5.7.0(5)
PCA2347,R6.3.0(9)
PCA2351,R6.4.0(6)
PCA2351,R6.3.0(8)
PCA2351,R6.2.0(8)
PCA2354,R7.3.0(4)
PCA2358,R6.4.0(7)
PCA2358,R5.7.0(5)
PCA2358,R5.8.0(1)
PCA2360,R6.4.0(1)
PCA2360,R6.3.0(1)
PCA2360,R6.4.0(6)
PCA2363,R5.8.0(9)
PCA2363,R5.7.0(1)
PCA2363,R4.1.0(2)
PCA2364,R6.4.0(1)
PCA2366,R7.1.0(3)
PCA2366,R6.3.0(1)
PCA2366,R6.4.0(7)
PCA2370,R5.5.0(1)
PCA2370,R5.8.0(1)
PCA2370,R4.1.0(2)
PCA2374,R6.4.0(1)
PCA2377,R5.1.0(1)
PCA2379,R5.4.4(3)
PCA2382,R6.4.0(1)
PCA2386,R6.5.0(1)
PCA2389,R5.5.0(1)
PCA2389,R6.5.0(1)
PCA2389,R6.1.0(1)
PCA2393,R5.9.0(6)
PCA2393,R6.3.0(9)
PCA2393,R5.4.4(3)
PCA2396,R6.3.0(1)
PCA2396,R6.4.0(1)
PCA2396,R6.4.0(1)
PCA2400,R5.8.0(1)
PCA2405,R5.6.0(8)
PCA2405,R5.5.0(1)
PCA2405,R5.8.0(1)
PCA2407,R5.5.0(1)
PCA2407,R6.3.0(1)
PCA2407,R5.4.4(3)
PCA2409,R5.6.0(1)
PCA2409,R6.3.0(1)
PCA2409,R5.4.4(3)
PCA2410,R6.4.0(1)
PCA2413,R6.4.0(1)
PCA2416,R5.8.0(9)
PCA2416,R6.4.0(6)
PCA2416,R6.4.0(7)
PCA2422,R5.1.0(1)
PCA2424,R5.9.0(6)
PCA2424,R5.5.0(9)
PCA2424,R7.3.0(4)
PCA2429,R5.7.0(1)
PCA2429,R6.1.0(1)
PCA2429,R6.4.0(6)
PCA2432,R5.1.0(1)
PCA2432,R7.3.0(4)
PCA2432,R5.9.0(1)
PCA2433,R6.4.0(6)
PCA2434,R6.3.0(9)
PCA2437,R5.7.0(5)
PCA2437,R4.1.0(1)
PCA2437,R6.4.0(1)
PCA2438,R5.4.4(3)
PCA2441,R5.6.0(1)
PCA2443,R4.1.0(2)
PCA2444,R4.1.0(2)
PCA2445,R6.1.0(1)
PCA2448,R5.8.0(1)
PCA2448,R6.2.0(1)
PCA2448,R5.6.0(1)
PCA2459,R5.8.0(1)
PCA2459,R5.7.0(5)
PCA2459,R5.8.0(1)
PCA2460,R5.6.0(1)
PCA2463,R5.6.0(1)
PCA2465,R6.3.0(9)
PCA2465,R7.1.0(3)
PCA2465,R5.8.0(1)
PCA2470,R7.1.0(3)
PCA2470,R4.1.0(1)
PCA2470,R5.8.0(9)
PCA2472,R6.4.0(1)
PCA2472,R5.7.0(1)
PCA2472,R6.3.0(1)
PCA2473,R7.1.0(3)
PCA2473,R5.9.0(1)
PCA2473,R5.8.0(9)
PCA2478,R5.1.0(1)
PCA2481,R6.2.0(1)
PCA2486,R6.4.0(7)
PCA2490,R6.2.0(1)
PCA2491,R7.1.0(3)
PCA2491,R5.5.0(1)
PCA2491,R5.5.0(1)
PCA2492,R6.2.0(1)
PCA2493,R6.1.0(1)
PCA2493,R5.8.0(1)
PCA2493,R6.3.0(9)
PCA2496,R6.3.0(9)
PCA2496,R7.3.0(4)
PCA2496,R5.1.0(1)
PCA2501,R6.4.0(1)
PCA2507,R5.1.0(1)
PCA2507,R6.4.0(6)
PCA2507,R5.9.0(6)
PCA2512,R6.3.0(9)
PCA2512,R5.7.0(5)
PCA2512,R6.3.0(9)
PCA2513,R5.6.0(1)
PCA2513,R5.5.0(1)
PCA2513,R5.6.0(1)
PCA2514,R5.5.0(9)
PCA2518,R5.6.0(8)
PCA2519,R4.1.0(2)
PCA2522,R5.4.4(3)
PCA2525,R5.7.0(1)
PCA2525,R5.6.0(8)
PCA2525,R5.6.0(8)
PCA2527,R6.3.0(9)
PCA2527,R6.4.0(1)
PCA2527,R6.3.0(1)
PCA2530,R6.4.0(6)
PCA2530,R5.8.0(1)
PCA2530,R7.1.0(3)
PCA2533,R7.1.0(3)
PCA2536,R5.9.0(6)
PCA2538,R6.3.0(1)
PCA2538,R6.3.0(1)
PCA2538,R6.1.0(1)
PCA2539,R4.1.0(1)
PCA2539,R5.6.0(1)
PCA2539,R5.9.0(1)
PCA2540,R5.5.0(1)
PCA2541,R6.5.0(1)
PCA2541,R4.1.0(2)
PCA2541,R6.4.0(7)
PCA2542,R5.1.0(1)
PCA2546,R4.1.0(1)
PCA2546,R5.5.0(1)
PCA2546,R5.7.0(5)
PCA2549,R5.1.0(1)
PCA2549,R6.4.0(6)
PCA2549,R7.3.0(4)
PCA2550,R5.7.0(1)
PCA2550,R5.7.0(1)
PCA2550,R7.3.0(4)
PCA2553,R7.3.0(4)
PCA2556,R5.9.0(1)
PCA2560,R5.9.0(6)
PCA2560,R6.5.0(1)
PCA2560,R6.1.0(1)
PCA2561,R6.2.0(8)
PCA2561,R5.7.0(1)
PCA2561,R6.5.0(1)
PCA2565,R6.4.0(1)
PCA2565,R5.6.0(1)
PCA2565,R5.7.0(1)
PCA2566,R6.4.0(6)
PCA2566,R7.3.0(4)
PCA2566,R4.1.0(2)
PCA2572,R7.3.0(4)
PCA2577,R5.9.0(1)
PCA2577,R6.2.0(8)
PCA2577,R5.5.0(1)
PCA2579,R6.2.0(1)
PCA2579,R6.4.0(1)
PCA2579,R5.7.0(1)
PCA2580,R5.9.0(6)
PCA2580,R6.4.0(7)
PCA2580,R6.2.0(8)
PCA2583,R6.3.0(9)
PCA2589,R6.4.0(7)
PCA2589,R6.4.0(7)
PCA2589,R4.1.0(1)
PCA2591,R5.8.0(9)
PCA2591,R6.2.0(8)
PCA2591,R6.3.0(1)
PCA2592,R5.5.0(9)
PCA2596,R7.3.0(4)
PCA2605,R5.8.0(1)
PCA2608,R6.4.0(6)
PCA2608,R6.2.0(1)
PCA2608,R6.3.0(8)
PCA2610,R5.9.0(6)
PCA2610,R5.9.0(6)
PCA2610,R6.3.0(9)
PCA2613,R6.2.0(8)
PCA2613,R5.4.4(3)
PCA2613,R6.1.0(1)
PCA2614,R5.9.0(1)
PCA2615,R6.2.0(1)
PCA2615,R6.1.0(1)
PCA2615,R6.3.0(9)
PCA2616,R6.3.0(8)
PCA2618,R5.9.0(6)
PCA2618,R4.1.0(1)
PCA2618,R6.4.0(7)
PCA2619,R5.1.0(1)
PCA2619,R6.4.0(7)
PCA2619,R5.5.0(1)
PCA2622,R5.9.0(6)
PCA2627,R6.2.0(8)
PCA2631,R5.1.0(1)
PCA2631,R7.1.0(3)
PCA2631,R7.3.0(4)
PCA2634,R5.7.0(1)
PCA2639,R5.4.4(3)
PCA2641,R6.5.0(1)
PCA2641,R5.5.0(1)
PCA2641,R6.5.0(1)
PCA2645,R5.5.0(1)
PCA2647,R6.2.0(1)
PCA2647,R6.3.0(8)
PCA2647,R7.3.0(4)
PCA2649,R6.4.0(1)
PCA2651,R5.8.0(1)
PCA2652,R5.7.0(1)
PCA2652,R5.8.0(9)
PCA2652,R7.1.0(3)
PCA2653,R5.6.0(8)
PCA2654,R6.5.0(1)
PCA2654,R5.5.0(1)
PCA2654,R5.1.0(1)
PCA2657,R5.4.4(3)
PCA2657,R5.6.0(8)
PCA2657,R4.1.0(1)
PCA2661,R5.6.0(1)
PCA2665,R6.3.0(9)
PCA2667,R6.2.0(8)
PCA2667,R5.5.0(9)
PCA2667,R5.5.0(1)
PCA2668,R7.3.0(4)
PCA2668,R5.1.0(1)
PCA2668,R5.7.0(5)
PCA2669,R5.5.0(9)
PCA2673,R5.1.0(1)
PCA2674,R6.2.0(1)
PCA2676,R5.1.0(1)
PCA2678,R6.3.0(1)
PCA2683,R4.1.0(2)
PCA2686,R6.3.0(1)
PCA2686,R5.6.0(8)
PCA2686,R5.6.0(1)
PCA2688,R6.4.0(6)
PCA2688,R6.4.0(1)
PCA2688,R6.3.0(8)
PCA2689,R6.4.0(1)
PCA2693,R6.3.0(9)
PCA2693,R6.2.0(8)
PCA2693,R5.6.0(8)
PCA2699,R6.2.0(8)
PCA2700,R6.2.0(1)
PCA2700,R5.9.0(6)
PCA2700,R7.3.0(4)
PCA2702,R5.8.0(9)
PCA2706,R5.4.4(3)
PCA2706,R6.3.0(1)
PCA2706,R6.2.0(8)
PCA2710,R5.1.0(1)
PCA2710,R6.2.0(8)
PCA2710,R5.9.0(6)
PCA2711,R5.9.0(1)
PCA2711,R6.2.0(8)
PCA2711,R6.4.0(6)
PCA2713,R6.2.0(1)
PCA2714,R5.8.0(1)
PCA2714,R6.2.0(8)
PCA2714,R5.7.0(5)
PCA2716,R4.1.0(2)
PCA2717,R6.3.0(1)
PCA2717,R5.6.0(1)
PCA2717,R5.5.0(9)
PCA2720,R6.4.0(1)
PCA2720,R6.4.0(1)
PCA2720,R6.4.0(7)
PCA2721,R6.3.0(9)
PCA2721,R6.4.0(1)
PCA2721,R6.2.0(1)
PCA2722,R5.4.4(3)
PCA2723,R6.4.0(7)
PCA2724,R6.1.0(1)
PCA2724,R5.8.0(9)
PCA2724,R5.8.0(9)
PCA2727,R5.8.0(9)
PCA2727,R6.1.0(1)
PCA2727,R5.7.0(5)
PCA2728,R6.1.0(1)
PCA2728,R4.1.0(1)
PCA2728,R6.4.0(7)
PCA2731,R5.7.0(1)
PCA2732,R7.1.0(3)
PCA2732,R6.3.0(1)
PCA2732,R6.3.0(9)
PCA2733,R7.3.0(4)
PCA2735,R5.5.0(9)
PCA2736,R5.6.0(8)
PCA2738,R5.7.0(1)
PCA2740,R6.2.0(8)
PCA2740,R5.6.0(8)
PCA2740,R5.9.0(1)
PCA2742,R6.4.0(6)
PCA2742,R5.6.0(8)
PCA2742,R6.3.0(9)
PCA2744,R7.1.0(3)
PCA2744,R5.7.0(5)
PCA2744,R5.7.0(5)
PCA2747,R6.2.0(1)
PCA2747,R6.4.0(1)
PCA2747,R5.7.0(5)
PCA2749,R5.6.0(8)
PCA2749,R5.4.4(3)
PCA2749,R5.7.0(1)
PCA2750,R6.4.0(1)
PCA2750,R6.1.0(1)
PCA2750,R5.5.0(1)
PCA2751,R5.7.0(1)
PCA2751,R6.5.0(1)
PCA2751,R5.8.0(9)
PCA2753,R5.6.0(1)
PCA2754,R5.5.0(9)
PCA2755,R6.5.0(1)
PCA2755,R5.7.0(1)
PCA2755,R6.1.0(1)
PCA2760,R6.2.0(8)
PCA2760,R7.1.0(3)
PCA2760,R7.3.0(4)
PCA2770,R6.4.0(1)
PCA2770,R6.1.0(1)
PCA2770,R4.1.0(1)
PCA2777,R5.9.0(1)
PCA2777,R5.6.0(1)
PCA2777,R7.3.0(4)
PCA2780,R6.2.0(1)
PCA2780,R6.4.0(7)
PCA2780,R5.8.0(1)
PCA2782,R5.7.0(5)
PCA2782,R6.1.0(1)
PCA2782,R6.3.0(1)
PCA2783,R5.5.0(9)
PCA2788,R6.4.0(1)
PCA2789,R5.5.0(9)
PCA2790,R5.8.0(1)
PCA2794,R7.3.0(4)
PCA2795,R7.1.0(3)
PCA2800,R6.4.0(6)
PCA2803,R6.1.0(1)
PCA2803,R6.4.0(7)
PCA2803,R5.8.0(9)
PCA2804,R5.9.0(1)
PCA2809,R5.4.4(3)
PCA2809,R5.9.0(6)
PCA2809,R5.9.0(6)
PCA2810,R6.1.0(1)
PCA2810,R6.4.0(7)
PCA2810,R5.1.0(1)
PCA2814,R5.5.0(1)
PCA2814,R5.7.0(1)
PCA2814,R6.2.0(1)
PCA2815,R5.5.0(1)
PCA2815,R5.6.0(1)
PCA2815,R5.1.0(1)
PCA2817,R6.2.0(1)
PCA2818,R5.8.0(9)
PCA2820,R6.5.0(1)
PCA2824,R6.3.0(9)
PCA2825,R5.8.0(1)
PCA2825,R6.4.0(1)
PCA2825,R6.3.0(1)
PCA2827,R6.4.0(1)
PCA2833,R7.3.0(4)
PCA2834,R6.3.0(8)
PCA2836,R6.3.0(9)
PCA2837,R6.2.0(8)
PCA2840,R6.5.0(1)
PCA2840,R5.7.0(5)
PCA2840,R6.3.0(8)
PCA2841,R6.5.0(1)
PCA2841,R6.4.0(6)
PCA2841,R6.3.0(9)
PCA2845,R6.4.0(1)
PCA2845,R6.4.0(7)
PCA2845,R5.5.0(1)
PCA2854,R5.8.0(1)
PCA2854,R5.6.0(8)
PCA2854,R5.8.0(9)
PCA2855,R4.1.0(1)
PCA2856,R6.5.0(1)
PCA2858,R6.4.0(7)
PCA2861,R4.1.0(1)
PCA2861,R6.2.0(8)
PCA2861,R6.2.0(1)
PCA2866,R5.8.0(1)
PCA2866,R5.9.0(1)
PCA2866,R6.3.0(1)
PCA2874,R6.3.0(9)
PCA2874,R6.4.0(1)
PCA2874,R5.5.0(1)
PCA2879,R5.9.0(1)
PCA2879,R5.8.0(1)
PCA2879,R6.4.0(6)
PCA2880,R5.5.0(1)
PCA2881,R5.4.4(3)
PCA2885,R5.4.4(3)
PCA2885,R6.4.0(7)
PCA2885,R6.5.0(1)
PCA2887,R5.7.0(5)
PCA2889,R6.2.0(8)
PCA2889,R4.1.0(2)
PCA2889,R7.1.0(3)
PCA2892,R6.3.0(9)
PCA2895,R6.2.0(8)
PCA2895,R4.1.0(2)
PCA2895,R5.5.0(9)
PCA2896,R5.7.0(5)
PCA2896,R5.9.0(1)
PCA2896,R5.1.0(1)
PCA2898,R6.2.0(1)
PCA2898,R5.4.4(3)
PCA2898,R5.7.0(1)
PCA2902,R5.7.0(1)
PCA2904,R5.9.0(6)
PCA2904,R5.6.0(8)
PCA2904,R6.4.0(1)
PCA2906,R5.6.0(1)
PCA2906,R5.9.0(6)
PCA2906,R4.1.0(2)
PCA2910,R5.5.0(9)
PCA2911,R5.7.0(1)
PCA2911,R5.6.0(8)
PCA2911,R5.1.0(1)
PCA2912,R5.5.0(1)
PCA2912,R5.9.0(1)
PCA2912,R7.1.0(3)
PCA2913,R5.8.0(9)
PCA2914,R5.5.0(9)
PCA2914,R5.8.0(1)
PCA2914,R5.5.0(1)
PCA2918,R5.1.0(1)
PCA2919,R6.2.0(1)
PCA2923,R5.1.0(1)
PCA2924,R6.2.0(8)
PCA2926,R6.3.0(9)
PCA2927,R6.1.0(1)
PCA2930,R6.5.0(1)
PCA2934,R5.7.0(5)
PCA2934,R6.3.0(9)
PCA2934,R6.3.0(9)
PCA2935,R5.9.0(6)
PCA2937,R5.8.0(1)
PCA2937,R6.4.0(1)
PCA2937,R7.1.0(3)
PCA2939,R6.4.0(1)
PCA2941,R5.7.0(1)
PCA2942,R5.9.0(1)
PCA2943,R6.5.0(1)
PCA2943,R5.5.0(1)
PCA2943,R6.2.0(1)
PCA2950,R5.9.0(1)
PCA2953,R6.1.0(1)
PCA2953,R6.1.0(1)
PCA2953,R6.3.0(8)
PCA2954,R6.4.0(7)
PCA2954,R6.1.0(1)
PCA2954,R5.7.0(5)
PCA2959,R6.3.0(1)
PCA2963,R6.2.0(8)
PCA2963,R5.8.0(9)
PCA2963,R6.1.0(1)
PCA2966,R5.5.0(1)
PCA2969,R6.5.0(1)
PCA2969,R5.6.0(8)
PCA2969,R6.2.0(1)
PCA2971,R5.5.0(1)
PCA2973,R5.8.0(9)
PCA2973,R6.3.0(8)
PCA2973,R7.1.0(3)
PCA2978,R4.1.0(1)
PCA2985,R6.4.0(6)
PCA2985,R6.4.0(7)
PCA2985,R5.5.0(1)
PCA2986,R6.2.0(8)
PCA2986,R5.8.0(1)
PCA2986,R6.3.0(8)
PCA2988,R5.9.0(1)
PCA2988,R4.1.0(2)
PCA2988,R4.1.0(1)
PCA2990,R7.3.0(4)
PCA2990,R6.3.0(8)
PCA2990,R5.7.0(1)
PCA2992,R6.1.0(1)
PCA2992,R5.6.0(1)
PCA2992,R6.4.0(1)
PCA2997,R4.1.0(1)
PCA2997,R6.4.0(1)
PCA2997,R5.8.0(1)
PCA3000,R6.2.0(8)
PCA3001,R6.4.0(1)
PCA3001,R5.9.0(6)
PCA3001,R7.3.0(4)
PCA3003,R6.4.0(1)
PCA3003,R5.8.0(9)
PCA3003,R7.3.0(4)
PCA3004,R7.1.0(3)
PCA3005,R5.6.0(1)
PCA3005,R5.5.0(9)
PCA3005,R5.5.0(9)
PCA3006,R6.2.0(8)
PCA3006,R5.9.0(6)
PCA3006,R6.4.0(6)
PCA3008,R6.3.0(9)
PCA3009,R5.8.0(9)
PCA3009,R6.4.0(7)
PCA3009,R6.2.0(1)
PCA3013,R6.3.0(1)
PCA3015,R5.7.0(1)
PCA3019,R7.1.0(3)
PCA3019,R5.1.0(1)
PCA3019,R6.4.0(1)
PCA3020,R4.1.0(2)
PCA3022,R5.5.0(1)
PCA3022,R6.5.0(1)
PCA3022,R6.2.0(8)
PCA3023,R6.5.0(1)
PCA3026,R6.1.0(1)
PCA3028,R5.8.0(9)
PCA3028,R4.1.0(2)
PCA3028,R4.1.0(2)
PCA3030,R6.4.0(6)
PCA3030,R5.9.0(6)
PCA3030,R6.1.0(1)
PCA3032,R6.5.0(1)
PCA3036,R5.7.0(1)
PCA3040,R6.4.0(1)
PCA3040,R6.5.0(1)
PCA3040,R6.5.0(1)
PCA3041,R6.4.0(7)
PCA3041,R6.4.0(7)
PCA3041,R5.1.0(1)
PCA3042,R5.5.0(9)
PCA3042,R5.1.0(1)
PCA3042,R6.4.0(1)
PCA3043,R6.3.0(9)
PCA3047,R5.5.0(9)
PCA3048,R4.1.0(2)
PCA3049,R7.3.0(4)
PCA3049,R6.4.0(1)
PCA3049,R5.7.0(5)
PCA3051,R6.4.0(6)
PCA3051,R5.9.0(6)
PCA3051,R5.9.0(1)
PCA3052,R5.9.0(1)
PCA3052,R7.3.0(4)
PCA3052,R6.1.0(1)
PCA3056,R6.2.0(1)
PCA3057,R5.9.0(6)
PCA3057,R5.1.0(1)
PCA3057,R5.8.0(9)
PCA3058,R6.3.0(9)
PCA3058,R6.4.0(1)
PCA3058,R5.5.0(9)
PCA3060,R5.8.0(9)
PCA3060,R7.3.0(4)
PCA3060,R6.3.0(1)
PCA3061,R5.6.0(1)
PCA3064,R5.9.0(6)
PCA3065,R6.2.0(8)
PCA3067,R5.5.0(1)
PCA3067,R5.1.0(1)
PCA3067,R5.5.0(1)
PCA3070,R5.6.0(1)
PCA3070,R6.4.0(7)
PCA3070,R5.7.0(1)
PCA3071,R6.3.0(9)
PCA3071,R6.1.0(1)
PCA3071,R6.2.0(8)
PCA3076,R6.1.0(1)
PCA3076,R6.2.0(8)
PCA3076,R4.1.0(2)
PCA3080,R5.5.0(1)
PCA3080,R6.3.0(1)
PCA3080,R4.1.0(1)
PCA3082,R4.1.0(1)
PCA3085,R5.9.0(6)
PCA3087,R6.4.0(6)
PCA3087,R7.3.0(4)
PCA3087,R6.3.0(8)
PCA3089,R6.3.0(8)
PCA3089,R7.1.0(3)
PCA3089,R6.3.0(1)
PCA3090,R5.5.0(1)
PCA3105,R5.8.0(1)
PCA3105,R5.1.0(1)
PCA3105,R4.1.0(1)
PCA3108,R6.3.0(1)
PCA3109,R6.3.0(1)
PCA3109,R6.2.0(1)
PCA3109,R5.5.0(1)
PCA3119,R6.4.0(7)
PCA3119,R6.1.0(1)
PCA3119,R5.8.0(9)
PCA3128,R6.1.0(1)
PCA3128,R5.7.0(1)
PCA3128,R7.3.0(4)
PCA3130,R6.4.0(7)
PCA3132,R5.1.0(1)
PCA3132,R6.3.0(1)
PCA3132,R5.9.0(6)
PCA3133,R6.2.0(8)
PCA3133,R5.9.0(6)
PCA3133,R6.4.0(7)
PCA3137,R5.9.0(1)
PCA3141,R5.5.0(9)
PCA3144,R5.4.4(3)
PCA3148,R5.9.0(6)
PCA3150,R5.6.0(1)
PCA3150,R4.1.0(1)
PCA3150,R6.2.0(8)
PCA3151,R5.7.0(5)
PCA3158,R5.7.0(1)
PCA3158,R5.8.0(9)
PCA3158,R5.7.0(5)
PCA3159,R6.4.0(1)
PCA3159,R4.1.0(1)
PCA3159,R6.2.0(1)
PCA3162,R5.9.0(1)
PCA3164,R5.1.0(1)
PCA3165,R6.4.0(7)
PCA3165,R4.1.0(2)
PCA3165,R4.1.0(2)
PCA3167,R5.8.0(9)
PCA3168,R4.1.0(1)
PCA3169,R5.6.0(8)
PCA3170,R5.5.0(1)
PCA3170,R7.1.0(3)
PCA3170,R5.6.0(8)
PCA3173,R5.8.0(9)
PCA3173,R6.3.0(9)
PCA3173,R5.6.0(1)
PCA3176,R5.9.0(6)
PCA3176,R6.4.0(1)
PCA3176,R6.2.0(8)
PCA3179,R6.3.0(9)
PCA3183,R5.1.0(1)
PCA3184,R6.3.0(9)
PCA3187,R6.3.0(8)
PCA3187,R5.8.0(9)
PCA3187,R5.6.0(1)
PCA3189,R5.7.0(5)
PCA3192,R7.1.0(3)
PCA3195,R6.2.0(8)
PCA3197,R5.8.0(9)
PCA3197,R5.5.0(9)
PCA3197,R5.7.0(5)
PCA3198,R6.2.0(1)
PCA3198,R5.5.0(1)
PCA3198,R5.5.0(1)
PCA3200,R5.1.0(1)
PCA3200,R5.7.0(5)
PCA3200,R6.1.0(1)
PCA3201,R6.4.0(7)
PCA3202,R4.1.0(1)
PCA3202,R5.6.0(1)
PCA3202,R6.4.0(7)
PCA3213,R6.4.0(7)
PCA3213,R5.5.0(1)
PCA3213,R6.4.0(6)
PCA3214,R5.9.0(1)
PCA3214,R7.3.0(4)
PCA3214,R6.3.0(9)
PCA3216,R5.8.0(9)
PCA3216,R5.4.4(3)
PCA3216,R6.2.0(1)
PCA3217,R5.8.0(1)
PCA3218,R5.4.4(3)
PCA3220,R5.5.0(1)
PCA3221,R5.8.0(9)
PCA3221,R6.2.0(1)
PCA3221,R6.4.0(1)
PCA3223,R5.8.0(9)
PCA3224,R4.1.0(1)
PCA3225,R5.5.0(9)
PCA3225,R6.4.0(6)
PCA3225,R6.3.0(9)
PCA3228,R6.2.0(8)
PCA3228,R5.9.0(6)
PCA3228,R5.6.0(1)
PCA3229,R5.5.0(1)
PCA3230,R5.1.0(1)
PCA3230,R6.2.0(8)
PCA3230,R6.3.0(9)
PCA3231,R6.3.0(9)
PCA3232,R5.6.0(1)
PCA3232,R6.2.0(8)
PCA3232,R6.1.0(1)
PCA3234,R6.2.0(8)
PCA3234,R6.5.0(1)
PCA3234,R6.3.0(9)
PCA3239,R7.1.0(3)
PCA3239,R5.1.0(1)
PCA3239,R5.7.0(5)
PCA3242,R5.9.0(6)
PCA3246,R6.3.0(1)
PCA3247,R6.4.0(7)
PCA3251,R5.5.0(9)
PCA3251,R5.5.0(1)
PCA3251,R6.3.0(1)
PCA3260,R5.6.0(1)
PCA3260,R6.1.0(1)
PCA3260,R5.8.0(1)
PCA3262,R5.6.0(1)
PCA3262,R6.3.0(9)
PCA3262,R5.7.0(1)
PCA3264,R6.4.0(7)
PCA3265,R5.8.0(9)
PCA3266,R5.4.4(3)
PCA3268,R5.7.0(1)
PCA3268,R5.9.0(1)
PCA3268,R5.6.0(1)
PCA3271,R5.7.0(1)
PCA3272,R7.3.0(4)
PCA3272,R4.1.0(1)
PCA3272,R6.1.0(1)
PCA3273,R5.5.0(9)
PCA3275,R6.3.0(8)
PCA3276,R6.4.0(7)
PCA3276,R6.4.0(7)
PCA3276,R5.5.0(1)
PCA3277,R5.8.0(9)
PCA3277,R6.3.0(9)
PCA3277,R6.1.0(1)
PCA3278,R6.3.0(1)
PCA3279,R5.6.0(1)
PCA3279,R5.7.0(1)
PCA3279,R5.9.0(6)
PCA3280,R6.5.0(1)
PCA3282,R5.7.0(5)
PCA3282,R5.5.0(1)
PCA3282,R5.8.0(9)
PCA3285,R5.4.4(3)
PCA3285,R6.2.0(8)
PCA3285,R5.6.0(1)
PCA3287,R6.4.0(7)
PCA3290,R6.2.0(8)
PCA3290,R5.7.0(1)
PCA3290,R4.1.0(1)
PCA3291,R6.3.0(9)
PCA3291,R5.6.0(8)
PCA3291,R6.2.0(1)
PCA3299,R6.3.0(8)
PCA3302,R5.7.0(5)
PCA3302,R6.2.0(8)
PCA3302,R5.9.0(1)
PCA3303,R6.2.0(8)
PCA3303,R5.9.0(1)
PCA3303,R5.4.4(3)
PCA3307,R5.8.0(9)
PCA3307,R5.6.0(1)
PCA3307,R5.6.0(8)
PCA3310,R6.3.0(1)
PCA3310,R7.1.0(3)
PCA3310,R6.3.0(9)
PCA3311,R7.1.0(3)
PCA3315,R5.6.0(1)
PCA3315,R6.4.0(1)
PCA3315,R5.7.0(5)
PCA3316,R5.7.0(1)
PCA3316,R5.8.0(1)
PCA3316,R6.4.0(1)
PCA3317,R5.1.0(1)
PCA3318,R4.1.0(1)
PCA3318,R5.8.0(9)
PCA3318,R6.2.0(8)
PCA3321,R6.4.0(7)
PCA3330,R4.1.0(2)
PCA3330,R6.4.0(1)
PCA3330,R5.5.0(1)
PCA3333,R4.1.0(2)
PCA3333,R5.6.0(1)
PCA3333,R6.1.0(1)
PCA3335,R5.9.0(6)
PCA3337,R6.2.0(1)
PCA3338,R5.6.0(8)
PCA3339,R5.5.0(9)
PCA3343,R5.7.0(5)
PCA3345,R7.1.0(3)
PCA3347,R5.7.0(1)
PCA3349,R6.1.0(1)
PCA3349,R6.2.0(8)
PCA3349,R5.6.0(8)
PCA3351,R6.3.0(9)
PCA3351,R6.4.0(1)
PCA3351,R4.1.0(2)
PCA3354,R5.8.0(1)
PCA3354,R6.4.0(1)
PCA3354,R5.5.0(1)
PCA3356,R5.9.0(1)
PCA3356,R5.9.0(6)
PCA3356,R5.9.0(6)
PCA3358,R4.1.0(2)
PCA3359,R5.7.0(1)
PCA3359,R5.5.0(9)
PCA3359,R5.1.0(1)
PCA3360,R5.7.0(5)
PCA3360,R6.3.0(8)
PCA3360,R6.3.0(9)
PCA3363,R5.6.0(1)
PCA3363,R7.1.0(3)
PCA3363,R6.5.0(1)
PCA3365,R6.3.0(1)
PCA3365,R5.5.0(1)
PCA3365,R6.2.0(1)
PCA3367,R4.1.0(1)
PCA3376,R4.1.0(1)
PCA3378,R5.4.4(3)
PCA3378,R6.4.0(6)
PCA3378,R5.9.0(1)
PCA3380,R6.2.0(1)
PCA3381,R7.3.0(4)
PCA3381,R5.1.0(1)
PCA3381,R6.4.0(7)
PCA3383,R5.8.0(9)
PCA3383,R6.3.0(1)
PCA3383,R6.3.0(8)
PCA3384,R5.5.0(1)
PCA3384,R7.3.0(4)
PCA3384,R6.3.0(9)
PCA3385,R7.3.0(4)
PCA3385,R6.2.0(8)
PCA3385,R6.3.0(1)
PCA3394,R5.7.0(1)
PCA3394,R6.3.0(9)
PCA3394,R6.1.0(1)
PCA3395,R5.6.0(1)
PCA3396,R6.3.0(1)
PCA3397,R4.1.0(1)
PCA3397,R5.8.0(1)
PCA3397,R5.8.0(9)
PCA3399,R6.3.0(8)
PCA3399,R6.3.0(8)
PCA3399,R5.8.0(9)
PCA3403,R6.3.0(9)
PCA3407,R5.4.4(3)
PCA3407,R4.1.0(2)
PCA3407,R7.1.0(3)
PCA3408,R6.1.0(1)
PCA3410,R6.4.0(7)
PCA3412,R5.8.0(1)
PCA3413,R7.1.0(3)
PCA3417,R6.5.0(1)
PCA3420,R6.3.0(9)
PCA3421,R5.5.0(9)
PCA3421,R4.1.0(2)
PCA3421,R6.5.0(1)
PCA3422,R6.5.0(1)
PCA3425,R5.7.0(5)
PCA3425,R5.6.0(1)
PCA3425,R5.9.0(1)
PCA3426,R5.7.0(5)
PCA3426,R6.4.0(7)
PCA3426,R5.9.0(1)
PCA3427,R6.1.0(1)
PCA3429,R6.3.0(9)
PCA3432,R5.5.0(9)
PCA3435,R5.5.0(9)
PCA3435,R5.6.0(8)
PCA3435,R6.3.0(1)
PCA3436,R4.1.0(2)
PCA3443,R4.1.0(2)
PCA3445,R5.7.0(1)
PCA3446,R6.5.0(1)
PCA3447,R6.1.0(1)
PCA3448,R5.9.0(1)
PCA3448,R7.3.0(4)
PCA3448,R6.5.0(1)
PCA3451,R6.2.0(8)
PCA3451,R5.6.0(8)
PCA3451,R5.5.0(9)
PCA3456,R7.1.0(3)
PCA3458,R5.9.0(1)
PCA3458,R6.3.0(8)
PCA3458,R5.1.0(1)
PCA3459,R5.9.0(6)
PCA3459,R5.9.0(6)
PCA3459,R6.3.0(9)
PCA3463,R6.3.0(8)
PCA3463,R4.1.0(2)
PCA3463,R5.1.0(1)
PCA3467,R6.3.0(8)
PCA3468,R6.4.0(6)
PCA3468,R6.3.0(8)
PCA3468,R6.4.0(1)
PCA3469,R5.9.0(6)
PCA3474,R5.4.4(3)
PCA3474,R5.4.4(3)
PCA3474,R6.3.0(8)
PCA3476,R6.4.0(1)
PCA3479,R5.8.0(9)
PCA3479,R5.4.4(3)
PCA3479,R5.1.0(1)
PCA3480,R6.3.0(1)
PCA3480,R5.9.0(1)
PCA3480,R6.1.0(1)
PCA3481,R6.2.0(8)
PCA3481,R5.1.0(1)
PCA3481,R6.3.0(8)
PCA3484,R5.6.0(8)
PCA3488,R6.3.0(1)
PCA3492,R5.7.0(5)
PCA3493,R5.4.4(3)
PCA3493,R5.6.0(8)
PCA3493,R5.7.0(1)
PCA3494,R6.4.0(7)
PCA3494,R4.1.0(2)
PCA3494,R5.8.0(1)
PCA3496,R6.4.0(6)
PCA3500,R5.4.4(3)
PCA3501,R4.1.0(1)
PCA3501,R6.2.0(1)
PCA3501,R5.9.0(6)
PCA3502,R5.5.0(1)
PCA3503,R5.6.0(1)
PCA3503,R7.3.0(4)
PCA3503,R6.2.0(1)
PCA3506,R6.3.0(1)
PCA3509,R5.8.0(1)
PCA3509,R5.4.4(3)
PCA3509,R6.5.0(1)
PCA3511,R7.1.0(3)
PCA3511,R6.3.0(8)
PCA3511,R5.9.0(6)
PCA3514,R5.5.0(9)
PCA3516,R5.7.0(5)
PCA3516,R5.7.0(5)
PCA3516,R6.5.0(1)
PCA3517,R7.3.0(4)
PCA3517,R6.3.0(8)
PCA3517,R6.3.0(9)
PCA3520,R6.4.0(1)
PCA3520,R5.6.0(1)
PCA3520,R6.3.0(1)
PCA3522,R6.4.0(7)
PCA3524,R7.3.0(4)
PCA3524,R5.7.0(1)
PCA3524,R6.1.0(1)
PCA3526,R6.3.0(8)
PCA3526,R5.9.0(1)
PCA3526,R5.9.0(6)
PCA3530,R5.9.0(1)
PCA3530,R4.1.0(1)
PCA3530,R6.4.0(1)
PCA3532,R5.9.0(1)
PCA3532,R5.1.0(1)
PCA3532,R6.2.0(8)
PCA3536,R7.3.0(4)
PCA3536,R5.1.0(1)
PCA3536,R6.2.0(8)
PCA3540,R6.3.0(1)
PCA3541,R7.3.0(4)
PCA3541,R6.2.0(1)
PCA3541,R5.7.0(1)
PCA3542,R5.5.0(9)
PCA3543,R5.9.0(6)
PCA3546,R6.4.0(1)
PCA3546,R5.1.0(1)
PCA3546,R6.3.0(8)
PCA3551,R5.5.0(1)
PCA3551,R6.2.0(1)
PCA3551,R6.4.0(7)
PCA3554,R6.3.0(1)
PCA3554,R6.2.0(1)
PCA3554,R6.3.0(8)
PCA3555,R6.4.0(1)
PCA3555,R5.4.4(3)
PCA3555,R6.1.0(1)
PCA3557,R7.1.0(3)
PCA3557,R4.1.0(1)
PCA3557,R6.2.0(8)
PCA3558,R6.1.0(1)
PCA3558,R5.7.0(5)
PCA3558,R5.6.0(1)
PCA3560,R5.8.0(9)
PCA3561,R7.1.0(3)
PCA3561,R5.5.0(9)
PCA3561,R5.5.0(1)
PCA3563,R4.1.0(1)
PCA3564,R6.4.0(7)
PCA3567,R6.5.0(1)
PCA3568,R6.1.0(1)
PCA3568,R4.1.0(1)
PCA3568,R4.1.0(2)
PCA3569,R5.8.0(9)
PCA3571,R6.3.0(1)
PCA3573,R6.3.0(1)
PCA3576,R7.1.0(3)
PCA3578,R6.3.0(1)
PCA3579,R6.4.0(6)
PCA3579,R7.1.0(3)
PCA3579,R5.6.0(1)
PCA3580,R5.1.0(1)
PCA3585,R6.5.0(1)
PCA3586,R6.4.0(7)
PCA3586,R6.1.0(1)
PCA3586,R5.8.0(1)
PCA3587,R5.7.0(5)
PCA3587,R5.7.0(1)
PCA3587,R5.7.0(1)
PCA3592,R5.5.0(9)
PCA3595,R6.5.0(1)
PCA3596,R5.1.0(1)
PCA3598,R6.3.0(1)
PCA3601,R5.5.0(9)
PCA3602,R5.8.0(9)
PCA3603,R5.6.0(8)
PCA3610,R6.2.0(1)
PCA3611,R6.4.0(7)
PCA3612,R6.2.0(8)
PCA3612,R7.3.0(4)
PCA3612,R6.5.0(1)
PCA3616,R5.7.0(1)
PCA3616,R5.9.0(1)
PCA3616,R6.3.0(8)
PCA3617,R5.5.0(1)
PCA3617,R7.1.0(3)
PCA3617,R6.1.0(1)
PCA3623,R5.8.0(1)
PCA3626,R5.8.0(9)
PCA3626,R5.9.0(1)
PCA3626,R6.4.0(7)
PCA3628,R5.6.0(1)
PCA3628,R6.2.0(1)
PCA3628,R6.5.0(1)
PCA3630,R6.4.0(7)
PCA3632,R5.6.0(8)
PCA3632,R5.5.0(1)
PCA3632,R6.2.0(8)
PCA3633,R6.2.0(8)
PCA3635,R5.7.0(5)
PCA3636,R6.2.0(8)
PCA3637,R5.5.0(1)
PCA3640,R6.5.0(1)
PCA3640,R6.2.0(8)
PCA3640,R5.9.0(1)
PCA3646,R5.5.0(9)
PCA3646,R6.3.0(1)
PCA3646,R5.6.0(1)
PCA3651,R5.6.0(8)
PCA3651,R6.3.0(1)
PCA3651,R6.3.0(9)
PCA3653,R5.8.0(1)
PCA3653,R7.1.0(3)
PCA3653,R5.7.0(5)
PCA3654,R5.5.0(9)
PCA3655,R6.4.0(6)
PCA3657,R6.5.0(1)
PCA3657,R6.3.0(9)
PCA3657,R6.3.0(9)
PCA3658,R7.3.0(4)
PCA3659,R5.9.0(1)
PCA3659,R6.2.0(8)
PCA3659,R5.7.0(5)
PCA3660,R5.4.4(3)
PCA3660,R7.1.0(3)
PCA3660,R6.2.0(1)
PCA3661,R7.1.0(3)
PCA3663,R5.8.0(1)
PCA3666,R5.5.0(1)
PCA3666,R4.1.0(2)
PCA3666,R6.1.0(1)
PCA3667,R6.2.0(8)
PCA3667,R6.5.0(1)
PCA3667,R4.1.0(1)
PCA3668,R6.1.0(1)
PCA3668,R7.1.0(3)
PCA3668,R6.4.0(1)
PCA3669,R6.5.0(1)
PCA3669,R7.3.0(4)
PCA3669,R7.3.0(4)
PCA3670,R5.8.0(9)
PCA3673,R6.5.0(1)
PCA3677,R6.2.0(1)
PCA3677,R5.1.0(1)
PCA3677,R5.8.0(9)
PCA3679,R5.5.0(1)
PCA3679,R5.4.4(3)
PCA3679,R5.1.0(1)
PCA3685,R7.3.0(4)
PCA3685,R5.7.0(5)
PCA3685,R5.9.0(6)
PCA3686,R6.4.0(1)
PCA3686,R6.4.0(6)
PCA3686,R5.5.0(1)
PCA3693,R6.5.0(1)
PCA3694,R4.1.0(1)
PCA3694,R5.6.0(1)
PCA3694,R6.3.0(9)
PCA3700,R5.4.4(3)
PCA3700,R6.3.0(8)
PCA3700,R6.2.0(8)
PCA3703,R5.5.0(9)
PCA3703,R6.3.0(8)
PCA3703,R6.1.0(1)
PCA3704,R6.3.0(1)
PCA3710,R6.4.0(6)
PCA3710,R6.1.0(1)
PCA3710,R5.6.0(8)
PCA3711,R5.8.0(9)
PCA3711,R6.4.0(7)
PCA3711,R6.4.0(7)
PCA3715,R6.4.0(7)
PCA3717,R5.4.4(3)
PCA3717,R5.9.0(1)
PCA3717,R6.2.0(8)
PCA3720,R5.5.0(9)
PCA3720,R6.4.0(6)
PCA3720,R5.6.0(8)
PCA3721,R5.6.0(1)
PCA3722,R6.3.0(8)
PCA3724,R5.7.0(5)
PCA3725,R5.8.0(9)
PCA3731,R5.9.0(6)
PCA3732,R7.1.0(3)
PCA3735,R6.4.0(6)
PCA3740,R6.3.0(9)
PCA3740,R6.2.0(8)
PCA3740,R7.3.0(4)
PCA3741,R6.1.0(1)
PCA3741,R4.1.0(1)
PCA3741,R5.6.0(1)
PCA3744,R5.9.0(6)
PCA3744,R7.3.0(4)
PCA3744,R5.7.0(1)
PCA3748,R5.7.0(1)
PCA3754,R5.7.0(1)
PCA3754,R5.7.0(1)
PCA3754,R5.9.0(6)
PCA3755,R5.1.0(1)
PCA3755,R4.1.0(1)
PCA3755,R5.8.0(9)
PCA3759,R5.7.0(5)
PCA3760,R7.1.0(3)
PCA3760,R6.5.0(1)
PCA3760,R4.1.0(1)
PCA3765,R6.3.0(9)
PCA3765,R6.3.0(8)
PCA3765,R6.1.0(1)
PCA3766,R5.7.0(1)
PCA3766,R5.8.0(1)
PCA3766,R5.9.0(1)
PCA3769,R5.9.0(1)
PCA3771,R6.2.0(8)
PCA3775,R5.4.4(3)
PCA3775,R6.1.0(1)
PCA3775,R6.4.0(1)
PCA3777,R6.2.0(8)
PCA3777,R5.7.0(5)
PCA3777,R5.5.0(9)
PCA3778,R6.4.0(1)
PCA3778,R7.3.0(4)
PCA3778,R5.9.0(6)
PCA3779,R7.3.0(4)
PCA3779,R6.4.0(1)
PCA3779,R5.8.0(9)
PCA3784,R5.7.0(5)
PCA3784,R6.3.0(8)
PCA3784,R5.9.0(6)
PCA3788,R4.1.0(2)
PCA3788,R4.1.0(2)
PCA3788,R5.9.0(1)
PCA3791,R6.1.0(1)
PCA3792,R5.5.0(9)
PCA3793,R5.5.0(1)
PCA3796,R5.7.0(5)
PCA3800,R5.9.0(6)
PCA3802,R6.4.0(7)
PCA3803,R6.1.0(1)
PCA3804,R6.2.0(8)
PCA3804,R5.8.0(9)
PCA3804,R7.1.0(3)
PCA3809,R5.7.0(1)
PCA3809,R5.7.0(1)
PCA3809,R6.3.0(9)
PCA3810,R6.2.0(8)
PCA3813,R6.4.0(7)
PCA3815,R6.2.0(8)
PCA3819,R6.2.0(1)
PCA3822,R6.3.0(9)
PCA3824,R5.6.0(8)
PCA3824,R5.5.0(1)
PCA3824,R5.5.0(9)
PCA3827,R6.1.0(1)
PCA3831,R6.2.0(1)
PCA3833,R6.4.0(1)
PCA3837,R6.3.0(9)
PCA3839,R5.6.0(8)
PCA3839,R4.1.0(1)
PCA3839,R5.8.0(9)
PCA3842,R6.4.0(7)
PCA3847,R6.4.0(6)
PCA3849,R7.1.0(3)
PCA3849,R6.4.0(6)
PCA3849,R5.9.0(6)
PCA3851,R6.4.0(1)
PCA3851,R7.1.0(3)
PCA3851,R6.1.0(1)
PCA3854,R5.4.4(3)
PCA3854,R5.8.0(9)
PCA3854,R7.3.0(4)
PCA3856,R5.6.0(8)
PCA3857,R5.4.4(3)
PCA3857,R7.1.0(3)
PCA3857,R6.3.0(1)
PCA3861,R6.4.0(6)
PCA3862,R6.3.0(8)
PCA3862,R5.9.0(1)
PCA3862,R5.1.0(1)
PCA3865,R5.7.0(1)
PCA3865,R5.6.0(1)
PCA3865,R6.4.0(6)
PCA3866,R6.4.0(6)
PCA3866,R6.4.0(6)
PCA3866,R7.1.0(3)
PCA3869,R6.2.0(1)
PCA3874,R5.9.0(6)
PCA3876,R6.3.0(8)
PCA3879,R7.3.0(4)
PCA3883,R5.6.0(1)
PCA3883,R6.2.0(8)
PCA3883,R6.3.0(8)
PCA3891,R6.4.0(1)
PCA3894,R5.8.0(9)
PCA3895,R6.1.0(1)
PCA3896,R5.9.0(6)
PCA3896,R5.4.4(3)
PCA3896,R5.5.0(9)
PCA3902,R6.4.0(7)
PCA3905,R6.3.0(8)
PCA3905,R5.7.0(5)
PCA3905,R6.4.0(6)
PCA3907,R6.3.0(9)
PCA3909,R5.9.0(1)
PCA3909,R5.5.0(1)
PCA3909,R6.5.0(1)
PCA3911,R5.1.0(1)
PCA3911,R6.4.0(7)
PCA3911,R5.8.0(9)
PCA3914,R6.5.0(1)
PCA3914,R5.5.0(9)
PCA3914,R5.7.0(1)
PCA3919,R5.9.0(6)
PCA3923,R6.3.0(1)
PCA3927,R5.5.0(1)
PCA3927,R6.3.0(8)
PCA3927,R5.9.0(1)
PCA3932,R7.1.0(3)
PCA3933,R5.8.0(9)
PCA3936,R6.5.0(1)
PCA3937,R5.9.0(6)
PCA3939,R5.5.0(1)
PCA3939,R5.5.0(1)
PCA3939,R6.4.0(6)
PCA3941,R6.5.0(1)
PCA3941,R4.1.0(1)
PCA3941,R5.6.0(1)
PCA3942,R6.5.0(1)
PCA3942,R5.1.0(1)
PCA3942,R7.3.0(4)
PCA3943,R5.8.0(9)
PCA3949,R6.4.0(6)
PCA3953,R6.5.0(1)
PCA3953,R5.8.0(1)
PCA3953,R5.8.0(9)
PCA3954,R6.3.0(9)
PCA3954,R6.3.0(8)
PCA3954,R5.8.0(1)
PCA3960,R5.7.0(1)
PCA3961,R5.5.0(9)
PCA3961,R6.3.0(9)
PCA3961,R6.4.0(7)
PCA3962,R5.6.0(8)
PCA3963,R5.7.0(1)
PCA3963,R4.1.0(1)
PCA3963,R6.2.0(1)
PCA3964,R6.3.0(1)
PCA3968,R6.5.0(1)
PCA3968,R6.2.0(1)
PCA3968,R6.4.0(1)
PCA3969,R6.1.0(1)
PCA3969,R6.1.0(1)
PCA3969,R5.1.0(1)
PCA3971,R6.4.0(6)
PCA3971,R5.9.0(6)
PCA3971,R5.6.0(8)
PCA3976,R6.2.0(8)
PCA3976,R6.4.0(6)
PCA3976,R4.1.0(1)
PCA3979,R6.2.0(1)
PCA3980,R6.3.0(8)
PCA3984,R6.5.0(1)
PCA3986,R6.3.0(8)
PCA3988,R5.6.0(1)
PCA3989,R4.1.0(1)
PCA3989,R6.3.0(9)
PCA3989,R6.3.0(1)
PCA3990,R6.3.0(9)
PCA3990,R4.1.0(1)
PCA3990,R6.4.0(7)
PCA3991,R6.3.0(9)
PCA3993,R5.5.0(1)
PCA3993,R7.1.0(3)
PCA3993,R6.3.0(8)
PCA3994,R7.1.0(3)
PCA3994,R6.3.0(8)
PCA3994,R5.4.4(3)
PCA3995,R5.8.0(9)
PCA3995,R5.6.0(8)
PCA3995,R7.3.0(4)
PCA3998,R6.3.0(8)
PCA3998,R6.3.0(1)
PCA3998,R6.4.0(1)
PCA4000,R5.9.0(1)
PCA4004,R5.7.0(5)
PCA4006,R5.9.0(1)
PCA4008,R6.5.0(1)
PCA4008,R6.5.0(1)
PCA4008,R6.3.0(9)
PCA4010,R5.8.0(9)
PCA4013,R5.7.0(5)
PCA4014,R6.3.0(8)
PCA4015,R5.4.4(3)
PCA4015,R5.9.0(1)
PCA4015,R6.3.0(9)
PCA4016,R5.6.0(1)
PCA4016,R5.7.0(5)
PCA4016,R5.6.0(1)
PCA4019,R5.4.4(3)
PCA4022,R5.9.0(6)
PCA4024,R7.1.0(3)
PCA4024,R5.8.0(9)
PCA4024,R5.8.0(9)
PCA4025,R5.9.0(1)
PCA4027,R5.8.0(9)
PCA4032,R4.1.0(1)
PCA4032,R5.6.0(8)
PCA4032,R7.3.0(4)
PCA4033,R5.8.0(1)
PCA4036,R5.6.0(8)
PCA4036,R5.6.0(8)
PCA4036,R5.5.0(1)
PCA4038,R5.7.0(5)
PCA4038,R5.5.0(9)
PCA4038,R6.3.0(9)
PCA4041,R6.5.0(1)
PCA4041,R4.1.0(2)
PCA4041,R5.6.0(1)
PCA4044,R4.1.0(2)
PCA4046,R6.1.0(1)
PCA4048,R5.9.0(6)
PCA4048,R6.4.0(1)
PCA4048,R6.1.0(1)
PCA4049,R4.1.0(2)
PCA4049,R5.5.0(1)
PCA4049,R5.5.0(9)
PCA4052,R6.3.0(8)
PCA4052,R6.3.0(1)
PCA4052,R5.5.0(1)
PCA4060,R6.4.0(6)
PCA4060,R6.3.0(8)
PCA4060,R5.7.0(5)
PCA4064,R5.9.0(1)
PCA4065,R5.6.0(1)
PCA4067,R6.3.0(9)
PCA4073,R6.4.0(1)
PCA4075,R6.4.0(7)
PCA4075,R4.1.0(1)
PCA4075,R4.1.0(1)
PCA4077,R7.1.0(3)
PCA4078,R6.5.0(1)
PCA4079,R5.9.0(6)
PCA4079,R5.5.0(1)
PCA4079,R5.6.0(1)
PCA4081,R5.6.0(1)
PCA4082,R5.7.0(1)
PCA4085,R6.3.0(1)
PCA4085,R5.4.4(3)
PCA4085,R5.6.0(1)
PCA4088,R5.9.0(6)
PCA4088,R5.6.0(8)
PCA4088,R6.1.0(1)
PCA4089,R6.3.0(9)
PCA4089,R7.1.0(3)
PCA4089,R5.1.0(1)
PCA4090,R5.9.0(6)
PCA4092,R5.9.0(1)
PCA4093,R5.4.4(3)
PCA4095,R7.1.0(3)
PCA4101,R5.1.0(1)
PCA4102,R6.4.0(6)
PCA4102,R5.5.0(1)
PCA4102,R6.4.0(1)
PCA4104,R5.8.0(9)
PCA4105,R5.6.0(8)
PCA4108,R6.2.0(8)
PCA4111,R5.7.0(1)
PCA4113,R6.4.0(6)
PCA4115,R6.1.0(1)
PCA4118,R5.4.4(3)
PCA4118,R5.9.0(1)
PCA4118,R7.1.0(3)
PCA4122,R5.7.0(1)
PCA4123,R5.5.0(9)
PCA4126,R5.7.0(5)
PCA4126,R6.4.0(1)
PCA4126,R6.4.0(6)
PCA4128,R6.3.0(8)
PCA4128,R5.7.0(5)
PCA4128,R5.5.0(1)
PCA4129,R4.1.0(1)
PCA4130,R5.8.0(1)
PCA4138,R7.3.0(4)
PCA4138,R5.7.0(1)
PCA4138,R5.8.0(9)
PCA4142,R5.6.0(8)
PCA4143,R5.9.0(6)
PCA4143,R4.1.0(1)
PCA4143,R5.5.0(9)
PCA4144,R6.4.0(1)
PCA4148,R5.9.0(1)
PCA4154,R4.1.0(1)
PCA4154,R5.7.0(5)
PCA4154,R6.4.0(6)
PCA4156,R7.3.0(4)
PCA4160,R5.6.0(8)
PCA4161,R6.4.0(6)
PCA4162,R6.1.0(1)
PCA4163,R6.3.0(8)
PCA4165,R6.5.0(1)
PCA4165,R6.1.0(1)
PCA4165,R5.7.0(1)
PCA4169,R5.7.0(5)
PCA4170,R5.7.0(5)
PCA4171,R7.1.0(3)
PCA4171,R6.4.0(6)
PCA4171,R6.5.0(1)
PCA4172,R6.5.0(1)
PCA4175,R5.4.4(3)
PCA4181,R5.4.4(3)
PCA4186,R5.7.0(1)
PCA4186,R6.3.0(8)
PCA4186,R6.3.0(8)
PCA4189,R5.4.4(3)
PCA4189,R7.3.0(4)
PCA4189,R5.7.0(1)
PCA4193,R6.2.0(8)
PCA4193,R4.1.0(2)
PCA4193,R5.4.4(3)
PCA4195,R5.5.0(9)
PCA4199,R5.7.0(5)
PCA4199,R6.2.0(8)
PCA4199,R6.2.0(1)
PCA4203,R5.6.0(8)
PCA4203,R4.1.0(2)
PCA4203,R7.3.0(4)
PCA4207,R5.1.0(1)
PCA4212,R6.5.0(1)
PCA4212,R5.6.0(8)
PCA4212,R6.3.0(9)
PCA4215,R6.1.0(1)
PCA4218,R6.5.0(1)
PCA4224,R6.2.0(1)
PCA4224,R4.1.0(2)
PCA4224,R6.4.0(7)
PCA4228,R5.4.4(3)
PCA4228,R5.9.0(1)
PCA4228,R6.2.0(8)
PCA4233,R5.7.0(1)
PCA4234,R6.3.0(8)
PCA4234,R6.2.0(8)
PCA4234,R6.1.0(1)
PCA4238,R6.3.0(1)
PCA4241,R6.4.0(1)
PCA4245,R5.7.0(5)
PCA4247,R5.1.0(1)
PCA4249,R6.4.0(1)
PCA4249,R5.7.0(1)
PCA4249,R5.5.0(9)
PCA4251,R6.3.0(9)
PCA4253,R6.3.0(8)
PCA4257,R5.6.0(8)
PCA4258,R6.2.0(8)
PCA4261,R5.5.0(1)
PCA4261,R6.4.0(1)
PCA4261,R6.4.0(1)
PCA4263,R6.2.0(8)
PCA4267,R5.6.0(8)
PCA4268,R5.9.0(6)
PCA4270,R6.2.0(1)
PCA4270,R5.9.0(6)
PCA4270,R5.6.0(1)
PCA4271,R5.6.0(8)
PCA4271,R5.8.0(1)
PCA4271,R5.6.0(1)
PCA4272,R5.8.0(1)
PCA4275,R5.9.0(1)
PCA4277,R6.2.0(1)
PCA4277,R6.3.0(9)
PCA4277,R5.6.0(8)
PCA4279,R5.4.4(3)
PCA4281,R4.1.0(2)
PCA4283,R5.7.0(1)
PCA4296,R5.5.0(1)
PCA4300,R6.3.0(9)
PCA4301,R6.4.0(6)
PCA4301,R6.3.0(1)
PCA4301,R6.3.0(9)
PCA4303,R5.1.0(1)
PCA4303,R5.8.0(9)
PCA4303,R6.5.0(1)
PCA4305,R6.2.0(8)
PCA4307,R5.1.0(1)
PCA4312,R5.1.0(1)
PCA4312,R5.9.0(1)
PCA4312,R5.9.0(1)
PCA4313,R5.5.0(1)
PCA4313,R5.6.0(1)
PCA4313,R6.4.0(7)
PCA4314,R6.1.0(1)
PCA4315,R5.6.0(8)
PCA4317,R5.4.4(3)
PCA4317,R6.3.0(1)
PCA4317,R7.3.0(4)
PCA4319,R5.5.0(1)
PCA4319,R6.5.0(1)
PCA4319,R6.3.0(8)
PCA4320,R4.1.0(2)
PCA4322,R7.1.0(3)
PCA4322,R5.7.0(1)
PCA4322,R5.5.0(9)
PCA4323,R6.4.0(7)
PCA4323,R6.5.0(1)
PCA4323,R4.1.0(1)
PCA4325,R5.4.4(3)
PCA4327,R5.7.0(1)
PCA4332,R6.4.0(7)
PCA4332,R4.1.0(1)
PCA4332,R5.5.0(9)
PCA4333,R4.1.0(1)
PCA4334,R6.3.0(9)
PCA4335,R5.8.0(9)
PCA4336,R5.1.0(1)
PCA4336,R5.5.0(1)
PCA4336,R6.4.0(7)
PCA4337,R6.5.0(1)
PCA4339,R6.1.0(1)
PCA4339,R7.1.0(3)
PCA4339,R6.2.0(8)
PCA4343,R5.6.0(8)
PCA4344,R6.3.0(1)
PCA4346,R6.1.0(1)
PCA4346,R5.5.0(1)
PCA4346,R5.5.0(9)
PCA4348,R5.4.4(3)
PCA4354,R7.1.0(3)
PCA4354,R6.4.0(7)
PCA4354,R5.7.0(5)
PCA4355,R6.4.0(7)
PCA4355,R5.8.0(1)
PCA4355,R6.5.0(1)
PCA4356,R4.1.0(2)
PCA4356,R6.1.0(1)
PCA4356,R5.6.0(1)
PCA4358,R5.5.0(9)
PCA4358,R7.1.0(3)
PCA4358,R5.5.0(1)
PCA4360,R5.1.0(1)
PCA4360,R5.5.0(1)
PCA4360,R6.4.0(6)
PCA4361,R6.3.0(8)
PCA4361,R4.1.0(1)
PCA4361,R5.7.0(1)
PCA4367,R5.8.0(9)
PCA4372,R5.9.0(1)
PCA4373,R5.7.0(5)
PCA4375,R6.3.0(1)
PCA4376,R5.1.0(1)
PCA4377,R4.1.0(2)
PCA4378,R5.8.0(1)
PCA4378,R5.5.0(1)
PCA4378,R6.2.0(1)
PCA4386,R7.1.0(3)
PCA4392,R7.3.0(4)
PCA4392,R6.2.0(1)
PCA4392,R6.4.0(6)
PCA4399,R7.3.0(4)
PCA4402,R6.2.0(8)
PCA4402,R6.4.0(7)
PCA4402,R6.2.0(1)
PCA4407,R6.3.0(9)
PCA4408,R5.4.4(3)
PCA4410,R6.4.0(1)
PCA4412,R5.7.0(1)
PCA4412,R5.1.0(1)
PCA4412,R6.2.0(1)
PCA4416,R6.3.0(9)
PCA4421,R6.3.0(8)
PCA4421,R5.5.0(1)
PCA4421,R6.5.0(1)
PCA4426,R4.1.0(2)
PCA4428,R5.1.0(1)
PCA4430,R6.4.0(1)
PCA4433,R5.4.4(3)
PCA4434,R5.6.0(8)
PCA4434,R5.4.4(3)
PCA4434,R5.1.0(1)
PCA4436,R5.4.4(3)
PCA4436,R5.4.4(3)
PCA4436,R6.3.0(9)
PCA4439,R5.7.0(5)
PCA4439,R7.1.0(3)
PCA4439,R6.4.0(6)
PCA4445,R5.4.4(3)
PCA4448,R5.1.0(1)
PCA4448,R6.3.0(8)
PCA4448,R5.6.0(1)
PCA4451,R4.1.0(1)
PCA4454,R7.1.0(3)
PCA4454,R5.6.0(1)
PCA4454,R7.3.0(4)
PCA4458,R6.2.0(8)
PCA4458,R6.1.0(1)
PCA4458,R6.4.0(7)
PCA4461,R5.8.0(9)
PCA4461,R6.3.0(9)
PCA4461,R5.5.0(9)
PCA4462,R6.4.0(6)
PCA4462,R5.8.0(1)
PCA4462,R7.3.0(4)
PCA4464,R5.6.0(8)
PCA4465,R5.5.0(9)
PCA4466,R7.1.0(3)
PCA4470,R5.9.0(6)
PCA4471,R6.3.0(8)
PCA4471,R6.3.0(8)
PCA4471,R6.2.0(8)
PCA4472,R7.3.0(4)
PCA4472,R6.2.0(8)
PCA4472,R5.5.0(1)
PCA4473,R6.3.0(1)
PCA4477,R6.3.0(1)
PCA4477,R5.7.0(5)
PCA4477,R5.7.0(1)
PCA4479,R7.3.0(4)
PCA4479,R6.4.0(6)
PCA4479,R5.4.4(3)
PCA4481,R5.5.0(1)
PCA4484,R6.4.0(1)
PCA4487,R6.3.0(8)
PCA4487,R5.7.0(5)
PCA4487,R5.6.0(1)
PCA4488,R6.3.0(1)
PCA4489,R6.3.0(8)
PCA4489,R4.1.0(2)
PCA4489,R5.6.0(8)
PCA4496,R6.4.0(7)
PCA4496,R5.8.0(9)
PCA4496,R6.1.0(1)
PCA4498,R5.1.0(1)
PCA4498,R6.3.0(9)
PCA4498,R5.7.0(1)
PCA4501,R6.1.0(1)
PCA4503,R5.8.0(1)
PCA4503,R4.1.0(2)
PCA4503,R5.8.0(1)
PCA4504,R6.4.0(6)
PCA4506,R5.9.0(1)
PCA4509,R5.4.4(3)
PCA4509,R6.5.0(1)
PCA4509,R6.5.0(1)
PCA4510,R4.1.0(2)
PCA4512,R5.1.0(1)
PCA4513,R5.6.0(1)
PCA4514,R5.4.4(3)
PCA4516,R5.6.0(1)
PCA4519,R5.5.0(9)
PCA4519,R5.6.0(8)
PCA4519,R7.1.0(3)
PCA4523,R5.6.0(8)
PCA4525,R5.7.0(5)
PCA4531,R5.1.0(1)
PCA4536,R5.7.0(1)
PCA4538,R6.5.0(1)
PCA4539,R5.6.0(1)
PCA4540,R6.3.0(1)
PCA4543,R5.8.0(1)
PCA4544,R6.5.0(1)
PCA4549,R7.3.0(4)
PCA4549,R6.3.0(8)
PCA4549,R5.7.0(5)
PCA4550,R5.8.0(9)
PCA4555,R6.3.0(1)
PCA4555,R5.9.0(1)
PCA4555,R6.3.0(1)
PCA4562,R6.4.0(1)
PCA4563,R5.5.0(9)
PCA4566,R7.3.0(4)
PCA4566,R5.5.0(1)
PCA4566,R6.2.0(1)
PCA4567,R6.1.0(1)
PCA4567,R5.5.0(1)
PCA4567,R6.2.0(8)
PCA4573,R6.2.0(8)
PCA4573,R5.5.0(1)
PCA4573,R5.8.0(9)
PCA4575,R6.1.0(1)
PCA4575,R6.3.0(1)
PCA4575,R5.8.0(9)
PCA4579,R5.4.4(3)
PCA4580,R6.2.0(8)
PCA4581,R7.3.0(4)
PCA4581,R4.1.0(1)
PCA4581,R7.3.0(4)
PCA4583,R4.1.0(2)
PCA4583,R5.1.0(1)
PCA4583,R5.5.0(1)
PCA4585,R6.3.0(9)
PCA4586,R5.5.0(9)
PCA4589,R6.2.0(1)
PCA4589,R5.7.0(1)
PCA4589,R4.1.0(1)
PCA4597,R4.1.0(2)
PCA4597,R6.5.0(1)
PCA4597,R5.6.0(8)
PCA4598,R6.5.0(1)
PCA4599,R5.7.0(5)
PCA4599,R4.1.0(1)
PCA4599,R5.5.0(9)
PCA4600,R5.6.0(1)
PCA4601,R4.1.0(2)
PCA4605,R6.1.0(1)
PCA4607,R6.3.0(8)
PCA4607,R6.3.0(8)
PCA4607,R6.5.0(1)
PCA4608,R6.5.0(1)
PCA4608,R5.9.0(1)
PCA4608,R5.8.0(1)
PCA4611,R5.4.4(3)
PCA4613,R5.8.0(1)
PCA4613,R5.6.0(1)
PCA4613,R4.1.0(1)
PCA4615,R4.1.0(2)
PCA4615,R4.1.0(1)
PCA4615,R5.1.0(1)
PCA4618,R5.7.0(5)
PCA4618,R7.3.0(4)
PCA4618,R5.4.4(3)
PCA4620,R4.1.0(1)
PCA4620,R5.8.0(1)
PCA4620,R6.3.0(1)
PCA4621,R5.5.0(9)
PCA4622,R6.3.0(9)
PCA4623,R6.4.0(7)
PCA4627,R7.3.0(4)
PCA4627,R5.1.0(1)
PCA4627,R7.3.0(4)
PCA4628,R7.3.0(4)
PCA4628,R6.5.0(1)
PCA4628,R5.9.0(6)
PCA4630,R6.2.0(8)
PCA4630,R5.7.0(1)
PCA4630,R6.2.0(8)
PCA4631,R5.7.0(5)
PCA4632,R6.5.0(1)
PCA4636,R6.3.0(9)
PCA4636,R5.7.0(1)
PCA4636,R5.5.0(9)
PCA4637,R5.9.0(1)
PCA4637,R5.6.0(8)
PCA4637,R5.7.0(5)
PCA4640,R4.1.0(1)
PCA4641,R5.8.0(1)
PCA4641,R5.6.0(1)
PCA4641,R5.6.0(8)
PCA4643,R4.1.0(1)
PCA4644,R5.8.0(1)
PCA4647,R5.7.0(5)
PCA4647,R7.1.0(3)
PCA4647,R5.5.0(9)
PCA4652,R6.2.0(1)
PCA4652,R5.7.0(1)
PCA4652,R6.5.0(1)
PCA4654,R5.1.0(1)
PCA4654,R5.8.0(9)
PCA4654,R6.4.0(6)
PCA4655,R5.4.4(3)
PCA4658,R5.1.0(1)
PCA4658,R5.8.0(9)
PCA4658,R5.7.0(5)
PCA4659,R6.4.0(1)
PCA4659,R6.2.0(1)
PCA4659,R5.6.0(8)
PCA4664,R5.8.0(9)
PCA4666,R5.9.0(6)
PCA4669,R5.6.0(8)
PCA4673,R6.1.0(1)
PCA4676,R5.7.0(1)
PCA4676,R5.5.0(9)
PCA4676,R5.4.4(3)
PCA4678,R5.6.0(8)
PCA4678,R5.6.0(1)
PCA4678,R6.4.0(6)
PCA4679,R6.3.0(9)
PCA4682,R5.9.0(1)
PCA4682,R6.2.0(1)
PCA4682,R5.1.0(1)
PCA4684,R6.3.0(9)
PCA4687,R7.3.0(4)
PCA4688,R5.5.0(9)
PCA4688,R5.9.0(1)
PCA4688,R6.3.0(9)
PCA4689,R6.3.0(8)
PCA4693,R6.3.0(8)
PCA4693,R5.5.0(1)
PCA4693,R6.4.0(1)
PCA4695,R7.3.0(4)
PCA4697,R5.7.0(5)
PCA4697,R5.7.0(1)
PCA4697,R5.1.0(1)
PCA4698,R6.3.0(8)
PCA4704,R5.6.0(1)
PCA4704,R5.9.0(1)
PCA4704,R5.6.0(1)
PCA4709,R6.3.0(1)
PCA4709,R6.3.0(8)
PCA4709,R5.9.0(1)
PCA4710,R5.5.0(9)
PCA4710,R6.4.0(6)
PCA4710,R5.8.0(1)
PCA4714,R4.1.0(1)
PCA4714,R6.2.0(8)
PCA4714,R5.8.0(1)
PCA4715,R7.1.0(3)
PCA4717,R6.2.0(8)
PCA4718,R5.5.0(9)
PCA4720,R5.5.0(1)
PCA4720,R7.3.0(4)
PCA4720,R5.7.0(5)
PCA4722,R6.2.0(1)
PCA4723,R6.3.0(8)
PCA4723,R6.1.0(1)
PCA4723,R5.9.0(1)
PCA4724,R5.4.4(3)
PCA4727,R5.8.0(9)
PCA4727,R5.7.0(5)
PCA4727,R6.2.0(8)
PCA4730,R4.1.0(2)
PCA4734,R5.9.0(1)
PCA4735,R6.4.0(1)
PCA4736,R5.6.0(1)
PCA4736,R5.7.0(5)
PCA4736,R5.9.0(6)
PCA4742,R5.7.0(1)
PCA4745,R6.3.0(9)
PCA4745,R6.4.0(6)
PCA4745,R5.6.0(1)
PCA4747,R5.5.0(9)
PCA4747,R5.4.4(3)
PCA4747,R5.6.0(1)
PCA4751,R5.6.0(8)
PCA4751,R6.3.0(8)
PCA4751,R6.4.0(6)
PCA4754,R6.2.0(1)
PCA4756,R6.3.0(8)
PCA4756,R5.9.0(6)
PCA4756,R4.1.0(2)
PCA4758,R6.3.0(8)
PCA4759,R5.5.0(9)
PCA4759,R6.2.0(8)
PCA4759,R5.8.0(9)
PCA4763,R7.1.0(3)
PCA4765,R4.1.0(1)
PCA4765,R5.6.0(8)
PCA4765,R5.8.0(1)
PCA4768,R6.3.0(9)
PCA4768,R7.1.0(3)
PCA4768,R6.4.0(1)
PCA4769,R4.1.0(1)
PCA4769,R6.4.0(1)
PCA4769,R6.3.0(9)
PCA4770,R5.8.0(9)
PCA4776,R5.1.0(1)
PCA4776,R6.3.0(9)
PCA4776,R4.1.0(1)
PCA4777,R7.3.0(4)
PCA4778,R6.3.0(1)
PCA4782,R5.9.0(1)
PCA4782,R6.3.0(8)
PCA4782,R7.3.0(4)
PCA4783,R6.4.0(1)
PCA4783,R6.4.0(7)
PCA4783,R6.3.0(8)
PCA4784,R5.6.0(1)
PCA4784,R5.6.0(1)
PCA4784,R5.7.0(5)
PCA4785,R6.3.0(1)
PCA4785,R5.6.0(8)
PCA4785,R6.4.0(1)
PCA4786,R6.4.0(6)
PCA4786,R5.8.0(1)
PCA4786,R6.4.0(6)
PCA4788,R5.8.0(1)
PCA4788,R4.1.0(2)
PCA4788,R6.4.0(7)
PCA4789,R6.4.0(1)
PCA4789,R5.5.0(1)
PCA4789,R6.5.0(1)
PCA4796,R5.8.0(1)
PCA4800,R5.7.0(1)
PCA4800,R6.4.0(1)
PCA4800,R5.7.0(5)
PCA4803,R6.4.0(6)
PCA4803,R5.6.0(1)
PCA4803,R5.5.0(1)
PCA4805,R4.1.0(1)
PCA4807,R5.8.0(1)
PCA4807,R5.8.0(1)
PCA4807,R5.7.0(5)
PCA4808,R5.5.0(9)
PCA4809,R5.8.0(9)
PCA4810,R5.6.0(8)
PCA4813,R6.5.0(1)
PCA4813,R6.4.0(6)
PCA4813,R7.1.0(3)
PCA4815,R6.3.0(1)
PCA4815,R7.3.0(4)
PCA4815,R5.9.0(6)
PCA4817,R4.1.0(1)
PCA4818,R5.5.0(1)
PCA4818,R5.5.0(1)
PCA4818,R6.4.0(7)
PCA4823,R5.4.4(3)
PCA4823,R5.7.0(1)
PCA4823,R5.7.0(5)
PCA4824,R7.1.0(3)
PCA4824,R6.4.0(7)
PCA4824,R4.1.0(1)
PCA4825,R4.1.0(2)
PCA4825,R5.6.0(8)
PCA4825,R5.4.4(3)
PCA4827,R5.6.0(8)
PCA4827,R5.1.0(1)
PCA4827,R4.1.0(1)
PCA4829,R5.5.0(9)
PCA4832,R6.3.0(8)
PCA4838,R5.6.0(1)
PCA4838,R5.5.0(1)
PCA4838,R6.2.0(1)
PCA4845,R4.1.0(2)
PCA4846,R6.4.0(7)
PCA4846,R5.5.0(9)
PCA4846,R5.5.0(9)
PCA4848,R4.1.0(1)
PCA4849,R6.4.0(7)
PCA4856,R6.4.0(7)
PCA4856,R6.2.0(1)
PCA4856,R4.1.0(1)
PCA4860,R7.3.0(4)
PCA4863,R5.9.0(6)
PCA4864,R5.8.0(1)
PCA4864,R6.3.0(1)
PCA4864,R5.6.0(8)
PCA4866,R6.1.0(1)
PCA4867,R5.9.0(1)
PCA4867,R6.3.0(9)
PCA4867,R6.3.0(1)
PCA4869,R6.1.0(1)
PCA4871,R4.1.0(1)
PCA4871,R6.4.0(6)
PCA4871,R6.3.0(9)
PCA4872,R4.1.0(1)
PCA4879,R4.1.0(2)
PCA4882,R6.3.0(1)
PCA4885,R6.5.0(1)
PCA4887,R5.7.0(5)
PCA4887,R5.6.0(8)
PCA4887,R6.3.0(1)
PCA4891,R5.4.4(3)
PCA4891,R6.1.0(1)
PCA4891,R6.1.0(1)
PCA4893,R7.3.0(4)
PCA4893,R6.4.0(6)
PCA4893,R7.1.0(3)
PCA4896,R7.1.0(3)
PCA4898,R6.2.0(8)
PCA4898,R7.1.0(3)
PCA4898,R5.7.0(1)
PCA4900,R5.5.0(1)
PCA4900,R6.2.0(8)
PCA4900,R4.1.0(2)
PCA4902,R4.1.0(2)
PCA4902,R5.8.0(9)
PCA4902,R5.9.0(1)
PCA4905,R6.4.0(7)
PCA4906,R6.4.0(1)
PCA4906,R5.4.4(3)
PCA4906,R5.7.0(1)
PCA4908,R6.3.0(9)
PCA4908,R5.6.0(8)
PCA4908,R7.1.0(3)
PCA4909,R5.6.0(1)
PCA4917,R5.1.0(1)
PCA4922,R5.8.0(9)
PCA4924,R5.9.0(1)
PCA4925,R4.1.0(1)
PCA4929,R5.9.0(1)
PCA4930,R5.6.0(8)
PCA4935,R6.2.0(8)
PCA4935,R6.3.0(8)
PCA4935,R5.6.0(1)
PCA4940,R6.3.0(8)
PCA4940,R7.3.0(4)
PCA4940,R6.2.0(8)
PCA4945,R5.7.0(1)
PCA4948,R6.2.0(8)
PCA4948,R5.1.0(1)
PCA4948,R6.4.0(6)
PCA4949,R6.5.0(1)
PCA4954,R6.4.0(7)
PCA4954,R6.4.0(6)
PCA4954,R4.1.0(1)
PCA4962,R6.4.0(7)
PCA4962,R6.4.0(7)
PCA4962,R7.3.0(4)
PCA4964,R6.1.0(1)
PCA4966,R4.1.0(1)
PCA4968,R5.5.0(1)
PCA4968,R7.3.0(4)
PCA4968,R6.2.0(1)
PCA4970,R6.2.0(1)
PCA4970,R5.8.0(1)
PCA4970,R5.1.0(1)
PCA4973,R7.1.0(3)
PCA4973,R5.8.0(9)
PCA4973,R6.4.0(6)
PCA4975,R5.8.0(1)
PCA4979,R6.3.0(8)
PCA4980,R5.1.0(1)
PCA4980,R5.9.0(6)
PCA4980,R6.5.0(1)
PCA4983,R6.5.0(1)
PCA4983,R6.2.0(1)
PCA4983,R5.5.0(1)
PCA4989,R5.5.0(1)
PCA4990,R4.1.0(2)
PCA4990,R5.8.0(1)
PCA4990,R7.3.0(4)
PCA4991,R7.1.0(3)
PCA4993,R6.2.0(8)
PCA4993,R4.1.0(1)
PCA4993,R5.5.0(9)
PCA4995,R5.5.0(9)
PCA4995,R6.4.0(6)
PCA4995,R5.5.0(1)
PCA4998,R6.3.0(9)
PCA5000,R6.3.0(9)
