EXCEPTIONCASESTEPID,EXCEPTIONCASEID
ECS4,EC1
ECS285,EC1
ECS1462,EC1
ECS2189,EC1
ECS2346,EC1
ECS2537,EC1
ECS2579,EC1
ECS2986,EC1
ECS3170,EC1
ECS3240,EC1
ECS3885,EC1
ECS4416,EC1
ECS4981,EC1
ECS5140,EC1
ECS5247,EC1
ECS5465,EC1
ECS5796,EC1
ECS5977,EC1
ECS7159,EC1
ECS7999,EC1
ECS9213,EC1
ECS9438,EC1
ECS9477,EC1
ECS9664,EC1
ECS9804,EC1
ECS9889,EC1
ECS10085,EC1
ECS10855,EC1
ECS10972,EC1
ECS11123,EC1
ECS11247,EC1
ECS12072,EC1
ECS12350,EC1
ECS12816,EC1
ECS12852,EC1
ECS12997,EC1
ECS13222,EC1
ECS13352,EC1
ECS13380,EC1
ECS13528,EC1
ECS13726,EC1
ECS14220,EC1
ECS14260,EC1
ECS14368,EC1
ECS15724,EC1
ECS16060,EC1
ECS16720,EC1
ECS16787,EC1
ECS17621,EC1
ECS17761,EC1
ECS17903,EC1
ECS18075,EC1
ECS18143,EC1
ECS18176,EC1
ECS18688,EC1
ECS18704,EC1
ECS18909,EC1
ECS19537,EC1
ECS19761,EC1
ECS19780,EC1
ECS19986,EC1
ECS20330,EC1
ECS20881,EC1
ECS21018,EC1
ECS21101,EC1
ECS22145,EC1
ECS22463,EC1
ECS22807,EC1
ECS22934,EC1
ECS23525,EC1
ECS24203,EC1
ECS24374,EC1
ECS24507,EC1
ECS24881,EC1
ECS25287,EC1
ECS25898,EC1
ECS26481,EC1
ECS26904,EC1
ECS27005,EC1
ECS27036,EC1
ECS27426,EC1
ECS27496,EC1
ECS27528,EC1
ECS27615,EC1
ECS28071,EC1
ECS28363,EC1
ECS28530,EC1
ECS28608,EC1
ECS28728,EC1
ECS29328,EC1
ECS992,EC2
ECS1298,EC2
ECS1299,EC2
ECS1330,EC2
ECS1610,EC2
ECS1691,EC2
ECS1799,EC2
ECS2401,EC2
ECS2540,EC2
ECS2658,EC2
ECS2931,EC2
ECS3415,EC2
ECS3603,EC2
ECS4084,EC2
ECS4384,EC2
ECS4563,EC2
ECS4564,EC2
ECS4619,EC2
ECS4942,EC2
ECS5081,EC2
ECS5314,EC2
ECS5436,EC2
ECS6068,EC2
ECS6781,EC2
ECS8451,EC2
ECS8542,EC2
ECS8878,EC2
ECS8972,EC2
ECS8987,EC2
ECS9244,EC2
ECS9317,EC2
ECS9348,EC2
ECS9527,EC2
ECS10158,EC2
ECS10200,EC2
ECS10223,EC2
ECS10577,EC2
ECS10940,EC2
ECS11193,EC2
ECS11200,EC2
ECS11204,EC2
ECS11208,EC2
ECS11412,EC2
ECS11642,EC2
ECS11888,EC2
ECS12252,EC2
ECS12272,EC2
ECS12515,EC2
ECS12571,EC2
ECS12885,EC2
ECS13001,EC2
ECS13609,EC2
ECS13630,EC2
ECS13724,EC2
ECS14799,EC2
ECS14897,EC2
ECS15866,EC2
ECS15906,EC2
ECS17480,EC2
ECS17580,EC2
ECS17818,EC2
ECS18450,EC2
ECS18675,EC2
ECS19121,EC2
ECS19313,EC2
ECS19747,EC2
ECS19900,EC2
ECS21054,EC2
ECS21098,EC2
ECS21816,EC2
ECS23329,EC2
ECS23387,EC2
ECS23551,EC2
ECS24343,EC2
ECS24857,EC2
ECS24893,EC2
ECS25311,EC2
ECS25774,EC2
ECS26002,EC2
ECS26407,EC2
ECS27002,EC2
ECS27037,EC2
ECS27131,EC2
ECS27257,EC2
ECS27419,EC2
ECS27795,EC2
ECS28015,EC2
ECS28914,EC2
ECS28955,EC2
ECS101,EC3
ECS1519,EC3
ECS2192,EC3
ECS2287,EC3
ECS2462,EC3
ECS2627,EC3
ECS2887,EC3
ECS3245,EC3
ECS3860,EC3
ECS4075,EC3
ECS4237,EC3
ECS4423,EC3
ECS4961,EC3
ECS5240,EC3
ECS5496,EC3
ECS5811,EC3
ECS5925,EC3
ECS6301,EC3
ECS6479,EC3
ECS6530,EC3
ECS6960,EC3
ECS7617,EC3
ECS8265,EC3
ECS8596,EC3
ECS8882,EC3
ECS9528,EC3
ECS10078,EC3
ECS10185,EC3
ECS10538,EC3
ECS10661,EC3
ECS11708,EC3
ECS13119,EC3
ECS13958,EC3
ECS13994,EC3
ECS14202,EC3
ECS14497,EC3
ECS14553,EC3
ECS15769,EC3
ECS15878,EC3
ECS16622,EC3
ECS17033,EC3
ECS17682,EC3
ECS18435,EC3
ECS19078,EC3
ECS19779,EC3
ECS19789,EC3
ECS19942,EC3
ECS19982,EC3
ECS20132,EC3
ECS20154,EC3
ECS20321,EC3
ECS20422,EC3
ECS20719,EC3
ECS21348,EC3
ECS21689,EC3
ECS21749,EC3
ECS21949,EC3
ECS22135,EC3
ECS22735,EC3
ECS23588,EC3
ECS23962,EC3
ECS24719,EC3
ECS25446,EC3
ECS26285,EC3
ECS26331,EC3
ECS26404,EC3
ECS26574,EC3
ECS26808,EC3
ECS27296,EC3
ECS27474,EC3
ECS27526,EC3
ECS28085,EC3
ECS28574,EC3
ECS28769,EC3
ECS28879,EC3
ECS445,EC4
ECS725,EC4
ECS865,EC4
ECS1213,EC4
ECS1347,EC4
ECS1670,EC4
ECS1906,EC4
ECS2230,EC4
ECS3319,EC4
ECS3462,EC4
ECS3591,EC4
ECS3762,EC4
ECS4338,EC4
ECS5432,EC4
ECS5499,EC4
ECS5511,EC4
ECS6429,EC4
ECS7065,EC4
ECS7281,EC4
ECS7333,EC4
ECS8052,EC4
ECS8220,EC4
ECS8514,EC4
ECS8630,EC4
ECS8971,EC4
ECS9501,EC4
ECS9557,EC4
ECS9728,EC4
ECS9834,EC4
ECS10014,EC4
ECS11100,EC4
ECS11548,EC4
ECS11634,EC4
ECS11730,EC4
ECS12970,EC4
ECS13082,EC4
ECS13221,EC4
ECS13369,EC4
ECS14855,EC4
ECS15103,EC4
ECS15423,EC4
ECS15937,EC4
ECS15962,EC4
ECS16452,EC4
ECS16806,EC4
ECS16923,EC4
ECS17229,EC4
ECS17400,EC4
ECS19041,EC4
ECS19146,EC4
ECS19236,EC4
ECS19806,EC4
ECS19934,EC4
ECS19935,EC4
ECS20542,EC4
ECS21183,EC4
ECS21252,EC4
ECS21548,EC4
ECS21973,EC4
ECS23168,EC4
ECS24115,EC4
ECS24137,EC4
ECS24169,EC4
ECS24314,EC4
ECS24465,EC4
ECS24466,EC4
ECS25497,EC4
ECS26405,EC4
ECS26504,EC4
ECS26510,EC4
ECS26683,EC4
ECS26722,EC4
ECS27211,EC4
ECS27460,EC4
ECS28344,EC4
ECS28454,EC4
ECS28702,EC4
ECS29480,EC4
ECS29541,EC4
ECS29817,EC4
ECS377,EC5
ECS930,EC5
ECS961,EC5
ECS1026,EC5
ECS1039,EC5
ECS1158,EC5
ECS1361,EC5
ECS2221,EC5
ECS2780,EC5
ECS3800,EC5
ECS3825,EC5
ECS4771,EC5
ECS4831,EC5
ECS5433,EC5
ECS5558,EC5
ECS6496,EC5
ECS6561,EC5
ECS7449,EC5
ECS7544,EC5
ECS7640,EC5
ECS7928,EC5
ECS8269,EC5
ECS8538,EC5
ECS8675,EC5
ECS9452,EC5
ECS10182,EC5
ECS10501,EC5
ECS11290,EC5
ECS11338,EC5
ECS12090,EC5
ECS12275,EC5
ECS12629,EC5
ECS13500,EC5
ECS13657,EC5
ECS13865,EC5
ECS14980,EC5
ECS15649,EC5
ECS16454,EC5
ECS16667,EC5
ECS16805,EC5
ECS17258,EC5
ECS17385,EC5
ECS17451,EC5
ECS17625,EC5
ECS18083,EC5
ECS18373,EC5
ECS18559,EC5
ECS18566,EC5
ECS18874,EC5
ECS19335,EC5
ECS19384,EC5
ECS19535,EC5
ECS19724,EC5
ECS20019,EC5
ECS20025,EC5
ECS20474,EC5
ECS21818,EC5
ECS21836,EC5
ECS22525,EC5
ECS22703,EC5
ECS22755,EC5
ECS23583,EC5
ECS23600,EC5
ECS23636,EC5
ECS24126,EC5
ECS24638,EC5
ECS25026,EC5
ECS25254,EC5
ECS25336,EC5
ECS25602,EC5
ECS25621,EC5
ECS25703,EC5
ECS26246,EC5
ECS26743,EC5
ECS27416,EC5
ECS27859,EC5
ECS29192,EC5
ECS29731,EC5
ECS29986,EC5
ECS446,EC6
ECS1049,EC6
ECS1255,EC6
ECS1563,EC6
ECS2303,EC6
ECS2407,EC6
ECS2539,EC6
ECS2888,EC6
ECS4801,EC6
ECS4859,EC6
ECS5102,EC6
ECS5147,EC6
ECS5155,EC6
ECS5227,EC6
ECS5976,EC6
ECS6223,EC6
ECS6657,EC6
ECS6939,EC6
ECS7004,EC6
ECS7364,EC6
ECS7568,EC6
ECS7863,EC6
ECS8173,EC6
ECS8985,EC6
ECS9008,EC6
ECS9151,EC6
ECS9479,EC6
ECS10211,EC6
ECS10396,EC6
ECS10699,EC6
ECS10825,EC6
ECS11162,EC6
ECS11751,EC6
ECS12494,EC6
ECS12574,EC6
ECS12688,EC6
ECS12726,EC6
ECS12805,EC6
ECS13150,EC6
ECS13464,EC6
ECS15167,EC6
ECS15325,EC6
ECS15421,EC6
ECS16015,EC6
ECS16251,EC6
ECS17131,EC6
ECS17209,EC6
ECS17444,EC6
ECS17840,EC6
ECS18726,EC6
ECS18764,EC6
ECS18884,EC6
ECS18895,EC6
ECS19117,EC6
ECS19143,EC6
ECS20225,EC6
ECS20539,EC6
ECS20684,EC6
ECS21222,EC6
ECS21579,EC6
ECS21683,EC6
ECS22403,EC6
ECS22933,EC6
ECS23127,EC6
ECS23947,EC6
ECS24262,EC6
ECS24346,EC6
ECS25477,EC6
ECS25679,EC6
ECS25749,EC6
ECS26130,EC6
ECS26321,EC6
ECS26761,EC6
ECS27261,EC6
ECS27349,EC6
ECS27535,EC6
ECS27679,EC6
ECS27697,EC6
ECS28090,EC6
ECS28140,EC6
ECS28147,EC6
ECS28193,EC6
ECS28211,EC6
ECS28966,EC6
ECS28981,EC6
ECS29209,EC6
ECS29218,EC6
ECS29659,EC6
